Area_name,,"School enrollment - persons 3 years and over enrolled in college, undergraduate years: 2005-2009",School enrollment - persons 3 years and over enrolled in graduate or professional school: 2005-2009
UNITED STATES,," 17,530,277 "," 3,713,844 "
ALABAMA,," 247,682 "," 45,906 "
Autauga, AL," 1,943 ", 499 
Baldwin, AL," 5,701 "," 1,383 "
Barbour, AL, 837 , 91 
Bibb, AL, 515 , 74 
Blount, AL," 1,997 ", 304 
Bullock, AL, 349 , 63 
Butler, AL, 795 , 104 
Calhoun, AL," 6,843 ", 929 
Chambers, AL, 970 , 183 
Cherokee, AL, 705 , 212 
Chilton, AL, 908 , 233 
Choctaw, AL, 404 , 36 
Clarke, AL," 1,107 ", 120 
Clay, AL, 189 , 67 
Cleburne, AL, 397 , 111 
Coffee, AL," 1,975 ", 255 
Colbert, AL," 1,755 ", 301 
Conecuh, AL, 341 , 63 
Coosa, AL, 371 , 2 
Covington, AL," 1,127 ", 120 
Crenshaw, AL, 372 , 161 
Cullman, AL," 3,705 ", 387 
Dale, AL," 2,244 ", 248 
Dallas, AL," 1,857 ", 185 
DeKalb, AL," 2,314 ", 334 
Elmore, AL," 2,645 ", 578 
Escambia, AL, 964 , 238 
Etowah, AL," 3,787 ", 636 
Fayette, AL, 539 , 12 
Franklin, AL, 755 , 232 
Geneva, AL, 870 , 82 
Greene, AL, 241 , 99 
Hale, AL, 615 , 67 
Henry, AL, 721 , 25 
Houston, AL," 3,328 ", 641 
Jackson, AL," 1,860 ", 94 
Jefferson, AL," 33,377 "," 8,962 "
Lamar, AL, 391 , 22 
Lauderdale, AL," 5,223 ", 919 
Lawrence, AL," 1,013 ", 136 
Lee, AL," 24,345 "," 3,941 "
Limestone, AL," 3,249 ", 440 
Lowndes, AL, 268 , 42 
Macon, AL," 3,764 ", 478 
Madison, AL," 21,751 "," 5,210 "
Marengo, AL, 517 , 143 
Marion, AL," 1,143 ", 39 
Marshall, AL," 2,842 ", 410 
Mobile, AL," 20,999 "," 3,677 "
Monroe, AL, 641 , 64 
Montgomery, AL," 16,524 "," 2,747 "
Morgan, AL," 4,106 ", 630 
Perry, AL, 790 , 33 
Pickens, AL, 661 , 137 
Pike, AL," 4,194 ", 585 
Randolph, AL, 746 , 119 
Russell, AL," 2,019 ", 303 
St. Clair, AL," 2,587 ", 335 
Shelby, AL," 9,140 "," 1,884 "
Sumter, AL, 840 , 64 
Talladega, AL," 4,013 ", 333 
Tallapoosa, AL," 1,219 ", 284 
Tuscaloosa, AL," 21,788 "," 4,331 "
Walker, AL," 1,977 ", 262 
Washington, AL, 407 , 47 
Wilcox, AL, 223 , 103 
Winston, AL, 879 , 57 
ALASKA,," 38,918 "," 8,762 "
Aleutians East, AK, 60 , 16 
Aleutians West, AK, 187 , 26 
Anchorage, AK," 18,630 "," 4,209 "
Bethel, AK, 316 , 132 
Bristol Bay, AK, 45 , 3 
Denali, AK, 55 , 28 
Dillingham, AK, 146 , 72 
Fairbanks North Star, AK," 8,598 "," 1,513 "
Haines, AK, 12 , 29 
Hoonah-Angoon, AK, 61 , 46 
Juneau, AK," 1,605 ", 406 
Kenai Peninsula, AK," 2,073 ", 511 
Ketchikan Gateway, AK, 417 , 55 
Kodiak Island, AK, 331 , 182 
Lake and Peninsula, AK, 28 , 17 
Matanuska-Susitna, AK," 3,921 ", 895 
Nome, AK, 283 , 100 
North Slope, AK, 114 , 56 
Northwest Arctic, AK, 254 , 68 
Petersburg, AK, 68 , 99 
Prince of Wales-Hyder, AK, 102 , 32 
Sitka, AK, 487 , 33 
Skagway, AK, 66 , 4 
Southeast Fairbanks, AK, 326 , 52 
Valdez-Cordova, AK, 345 , 78 
Wade Hampton, AK, 149 , 48 
Wrangell, AK, 86 , -   
Yakutat, AK, -   , 13 
Yukon-Koyukuk, AK, 153 , 39 
ARIZONA,," 337,568 "," 74,233 "
Apache, AZ," 2,818 ", 312 
Cochise, AZ," 6,684 ", 953 
Coconino, AZ," 15,230 "," 1,816 "
Gila, AZ," 1,297 ", 424 
Graham, AZ," 2,358 ", 334 
Greenlee, AZ, 311 , 41 
La Paz, AZ, 175 , 150 
Maricopa, AZ," 202,254 "," 48,800 "
Mohave, AZ," 5,607 ", 908 
Navajo, AZ," 4,046 ", 815 
Pima, AZ," 66,872 "," 14,480 "
Pinal, AZ," 11,477 "," 2,360 "
Santa Cruz, AZ," 1,582 ", 264 
Yavapai, AZ," 9,586 "," 1,690 "
Yuma, AZ," 7,271 ", 886 
ARKANSAS,," 144,852 "," 22,905 "
Arkansas, AR, 600 , 34 
Ashley, AR, 517 , 55 
Baxter, AR," 1,428 ", 46 
Benton, AR," 8,213 "," 1,373 "
Boone, AR, 984 , 243 
Bradley, AR, 178 , 57 
Calhoun, AR, 201 , 12 
Carroll, AR, 725 , 244 
Chicot, AR, 221 , 33 
Clark, AR," 4,579 ", 166 
Clay, AR, 567 , 37 
Cleburne, AR, 816 , 71 
Cleveland, AR, 241 , 23 
Columbia, AR," 2,585 ", 151 
Conway, AR, 674 , 169 
Craighead, AR," 6,938 ", 875 
Crawford, AR," 1,849 ", 317 
Crittenden, AR," 2,901 ", 414 
Cross, AR, 701 , 151 
Dallas, AR, 167 , 37 
Desha, AR, 378 , 56 
Drew, AR," 1,538 ", 231 
Faulkner, AR," 13,049 "," 1,156 "
Franklin, AR, 704 , 29 
Fulton, AR, 320 , 62 
Garland, AR," 3,788 ", 423 
Grant, AR, 516 , 31 
Greene, AR," 1,765 ", 156 
Hempstead, AR, 891 , 127 
Hot Spring, AR," 1,414 ", 190 
Howard, AR, 378 , 69 
Independence, AR," 1,731 ", 158 
Izard, AR, 326 , 38 
Jackson, AR, 709 , 60 
Jefferson, AR," 5,705 ", 865 
Johnson, AR, 958 , 50 
Lafayette, AR, 541 , 38 
Lawrence, AR," 1,032 ", 128 
Lee, AR, 345 , 9 
Lincoln, AR, 570 , 63 
Little River, AR, 491 , 6 
Logan, AR, 605 , 66 
Lonoke, AR," 3,123 ", 360 
Madison, AR, 440 , 164 
Marion, AR, 319 , 172 
Miller, AR," 1,509 ", 219 
Mississippi, AR," 1,591 ", 58 
Monroe, AR, 307 , 20 
Montgomery, AR, 245 , 38 
Nevada, AR, 263 , 10 
Newton, AR, 159 , 3 
Ouachita, AR, 950 , 117 
Perry, AR, 271 , 12 
Phillips, AR, 785 , 98 
Pike, AR, 316 , 45 
Poinsett, AR, 502 , 62 
Polk, AR, 749 , 71 
Pope, AR," 4,048 ", 437 
Prairie, AR, 167 , 48 
Pulaski, AR," 19,337 "," 6,079 "
Randolph, AR, 867 , 103 
St. Francis, AR, 710 , 106 
Saline, AR," 3,577 ", 735 
Scott, AR, 378 , 44 
Searcy, AR, 291 , 35 
Sebastian, AR," 4,363 ", 696 
Sevier, AR, 595 , 53 
Sharp, AR, 614 , 62 
Stone, AR, 393 , 46 
Union, AR," 1,572 ", 148 
Van Buren, AR, 280 , 83 
Washington, AR," 16,074 "," 3,616 "
White, AR," 6,462 ", 574 
Woodruff, AR, 126 , 39 
Yell, AR, 630 , 33 
CALIFORNIA,," 2,379,355 "," 476,349 "
Alameda, CA," 97,486 "," 30,018 "
Alpine, CA, 97 , 8 
Amador, CA," 1,101 ", 132 
Butte, CA," 30,271 "," 2,562 "
Calaveras, CA," 1,370 ", 347 
Colusa, CA, 609 , 31 
Contra Costa, CA," 57,200 "," 10,043 "
Del Norte, CA," 1,418 ", 115 
El Dorado, CA," 10,194 "," 1,706 "
Fresno, CA," 56,142 "," 9,006 "
Glenn, CA," 1,157 ", 126 
Humboldt, CA," 13,475 "," 1,496 "
Imperial, CA," 10,202 ", 843 
Inyo, CA, 619 , 124 
Kern, CA," 38,415 "," 5,628 "
Kings, CA," 8,025 ", 875 
Lake, CA," 2,612 ", 400 
Lassen, CA," 1,977 ", 100 
Los Angeles, CA," 637,389 "," 135,263 "
Madera, CA," 5,625 ", 597 
Marin, CA," 11,442 "," 3,240 "
Mariposa, CA, 500 , 79 
Mendocino, CA," 3,620 ", 620 
Merced, CA," 14,785 "," 1,778 "
Modoc, CA, 294 , 52 
Mono, CA, 492 , 137 
Monterey, CA," 24,276 "," 4,727 "
Napa, CA," 7,302 "," 1,050 "
Nevada, CA," 4,472 ", 943 
Orange, CA," 203,531 "," 44,742 "
Placer, CA," 17,584 "," 3,392 "
Plumas, CA, 830 , 92 
Riverside, CA," 105,154 "," 18,722 "
Sacramento, CA," 92,888 "," 15,342 "
San Benito, CA," 2,866 ", 364 
San Bernardino, CA," 123,102 "," 19,915 "
San Diego, CA," 217,047 "," 45,513 "
San Francisco, CA," 54,423 "," 24,682 "
San Joaquin, CA," 36,571 "," 4,295 "
San Luis Obispo, CA," 34,204 "," 2,092 "
San Mateo, CA," 41,721 "," 10,871 "
Santa Barbara, CA," 47,423 "," 5,259 "
Santa Clara, CA," 120,231 "," 31,907 "
Santa Cruz, CA," 27,494 "," 4,088 "
Shasta, CA," 10,503 "," 1,461 "
Sierra, CA, 34 , -   
Siskiyou, CA," 2,237 ", 375 
Solano, CA," 27,083 "," 4,344 "
Sonoma, CA," 30,663 "," 4,598 "
Stanislaus, CA," 27,895 "," 3,933 "
Sutter, CA," 4,814 ", 889 
Tehama, CA," 2,559 ", 311 
Trinity, CA, 397 , 103 
Tulare, CA," 19,626 "," 2,363 "
Tuolumne, CA," 2,170 ", 182 
Ventura, CA," 49,239 "," 7,934 "
Yolo, CA," 30,324 "," 6,127 "
Yuba, CA," 4,175 ", 407 
COLORADO,," 284,844 "," 64,750 "
Adams, CO," 15,744 "," 3,583 "
Alamosa, CO," 2,379 ", 207 
Arapahoe, CO," 27,200 "," 7,452 "
Archuleta, CO, 348 , -   
Baca, CO, 103 , 13 
Bent, CO, 125 , 5 
Boulder, CO," 36,176 "," 7,029 "
Broomfield, CO," 2,765 ", 777 
Chaffee, CO, 335 , 80 
Cheyenne, CO, 29 , 3 
Clear Creek, CO, 255 , 92 
Conejos, CO, 295 , 63 
Costilla, CO, 103 , 20 
Crowley, CO, 413 , 6 
Custer, CO, 129 , 24 
Delta, CO, 488 , 214 
Denver, CO," 29,657 "," 11,886 "
Dolores, CO, 40 , 3 
Douglas, CO," 10,933 "," 3,738 "
Eagle, CO," 1,212 ", 219 
Elbert, CO, 797 , 202 
El Paso, CO," 38,102 "," 7,711 "
Fremont, CO," 1,427 ", 113 
Garfield, CO," 1,631 ", 429 
Gilpin, CO, 322 , 35 
Grand, CO, 326 , 89 
Gunnison, CO," 2,287 ", 211 
Hinsdale, CO, 64 , -   
Huerfano, CO, 192 , 39 
Jackson, CO, 19 , 23 
Jefferson, CO," 27,028 "," 6,587 "
Kiowa, CO, 44 , 12 
Kit Carson, CO, 165 , 74 
Lake, CO, 258 , 20 
La Plata, CO," 5,017 ", 318 
Larimer, CO," 32,453 "," 6,364 "
Las Animas, CO, 944 , 65 
Lincoln, CO, 104 , 19 
Logan, CO," 1,183 ", 247 
Mesa, CO," 6,588 ", 934 
Mineral, CO, 4 , 14 
Moffat, CO, 762 , 85 
Montezuma, CO, 587 , 168 
Montrose, CO," 1,036 ", 183 
Morgan, CO, 937 , 115 
Otero, CO, 964 , 152 
Ouray, CO, 82 , 20 
Park, CO, 394 , 166 
Phillips, CO, 84 , 5 
Pitkin, CO, 622 , 137 
Prowers, CO, 662 , 154 
Pueblo, CO," 9,997 "," 1,082 "
Rio Blanco, CO, 253 , 37 
Rio Grande, CO, 413 , 84 
Routt, CO, 989 , 90 
Saguache, CO, 166 , 18 
San Juan, CO, 39 , 26 
San Miguel, CO, 134 , 42 
Sedgwick, CO, 50 , 11 
Summit, CO," 1,157 ", 180 
Teller, CO, 459 , 277 
Washington, CO, 126 , 78 
Weld, CO," 17,087 "," 2,671 "
Yuma, CO, 160 , 49 
CONNECTICUT,," 205,044 "," 52,229 "
Fairfield, CT," 47,622 "," 11,193 "
Hartford, CT," 49,720 "," 12,513 "
Litchfield, CT," 8,293 "," 2,129 "
Middlesex, CT," 9,189 "," 2,753 "
New Haven, CT," 48,852 "," 16,964 "
New London, CT," 14,175 "," 2,734 "
Tolland, CT," 19,994 "," 2,745 "
Windham, CT," 7,199 "," 1,198 "
DELAWARE,," 51,086 "," 11,567 "
Kent, DE," 9,830 "," 1,493 "
New Castle, DE," 34,916 "," 8,851 "
Sussex, DE," 6,340 "," 1,223 "
DISTRICT OF COLUMBIA,," 42,220 "," 19,498 "
District of Columbia,," 42,220 "," 19,498 "
FLORIDA,," 964,446 "," 178,615 "
Alachua, FL," 48,100 "," 11,268 "
Baker, FL, 656 , 100 
Bay, FL," 7,459 ", 983 
Bradford, FL," 1,334 ", 178 
Brevard, FL," 29,259 "," 5,186 "
Broward, FL," 93,139 "," 22,575 "
Calhoun, FL, 386 , 78 
Charlotte, FL," 3,808 ", 621 
Citrus, FL," 3,459 ", 527 
Clay, FL," 9,391 "," 1,228 "
Collier, FL," 10,057 "," 1,651 "
Columbia, FL," 2,313 ", 384 
DeSoto, FL, 750 , 94 
Dixie, FL, 418 , 89 
Duval, FL," 48,581 "," 8,635 "
Escambia, FL," 20,098 "," 2,403 "
Flagler, FL," 2,970 ", 423 
Franklin, FL, 229 , 43 
Gadsden, FL," 1,615 ", 209 
Gilchrist, FL, 457 , 49 
Glades, FL, 181 , 15 
Gulf, FL, 456 , -   
Hamilton, FL, 204 , 102 
Hardee, FL, 580 , 105 
Hendry, FL," 1,105 ", 114 
Hernando, FL," 6,120 ", 632 
Highlands, FL," 2,413 ", 417 
Hillsborough, FL," 67,912 "," 13,263 "
Holmes, FL, 510 , 102 
Indian River, FL," 3,974 ", 541 
Jackson, FL," 2,262 ", 208 
Jefferson, FL, 592 , 43 
Lafayette, FL, 304 , 24 
Lake, FL," 8,492 "," 1,609 "
Lee, FL," 18,739 "," 3,965 "
Leon, FL," 50,972 "," 8,003 "
Levy, FL," 1,342 ", 119 
Liberty, FL, 404 , 43 
Madison, FL, 548 , 65 
Manatee, FL," 10,226 "," 1,980 "
Marion, FL," 10,634 "," 1,617 "
Martin, FL," 4,858 ", 836 
Miami-Dade, FL," 155,672 "," 28,790 "
Monroe, FL," 2,463 ", 626 
Nassau, FL," 2,722 ", 341 
Okaloosa, FL," 10,298 "," 2,224 "
Okeechobee, FL," 1,158 ", 103 
Orange, FL," 69,692 "," 13,675 "
Osceola, FL," 10,614 "," 1,419 "
Palm Beach, FL," 54,732 "," 11,005 "
Pasco, FL," 16,313 "," 2,436 "
Pinellas, FL," 40,308 "," 7,697 "
Polk, FL," 20,473 "," 3,459 "
Putnam, FL," 1,643 ", 296 
St. Johns, FL," 8,398 "," 1,875 "
St. Lucie, FL," 10,106 "," 1,290 "
Santa Rosa, FL," 7,342 "," 1,128 "
Sarasota, FL," 11,710 "," 2,193 "
Seminole, FL," 26,168 "," 4,770 "
Sumter, FL," 1,330 ", 150 
Suwannee, FL," 1,128 ", 109 
Taylor, FL, 897 , 95 
Union, FL, 529 , 58 
Volusia, FL," 29,667 "," 3,708 "
Wakulla, FL," 1,321 ", 177 
Walton, FL," 1,622 ", 305 
Washington, FL, 833 , 159 
GEORGIA,," 520,941 "," 113,381 "
Appling, GA, 721 , 143 
Atkinson, GA, 129 , 11 
Bacon, GA, 161 , 13 
Baker, GA, 172 , -   
Baldwin, GA," 6,276 ", 240 
Banks, GA, 422 , 161 
Barrow, GA," 2,087 ", 323 
Bartow, GA," 2,616 ", 609 
Ben Hill, GA, 631 , 89 
Berrien, GA, 584 , 86 
Bibb, GA," 10,250 "," 2,089 "
Bleckley, GA," 1,145 ", 72 
Brantley, GA, 572 , 47 
Brooks, GA, 724 , 100 
Bryan, GA," 1,456 ", 445 
Bulloch, GA," 15,989 "," 1,288 "
Burke, GA," 1,054 ", 112 
Butts, GA, 716 , 87 
Calhoun, GA, 185 , 11 
Camden, GA," 2,526 ", 423 
Candler, GA, 288 , 66 
Carroll, GA," 7,247 "," 1,155 "
Catoosa, GA," 2,592 ", 327 
Charlton, GA, 225 , 19 
Chatham, GA," 18,296 "," 3,232 "
Chattahoochee, GA," 1,593 ", 300 
Chattooga, GA, 984 , 77 
Cherokee, GA," 8,601 "," 2,059 "
Clarke, GA," 28,935 "," 5,843 "
Clay, GA, 19 , -   
Clayton, GA," 12,942 "," 3,099 "
Clinch, GA, 92 , 53 
Cobb, GA," 38,973 "," 10,592 "
Coffee, GA," 1,715 ", 247 
Colquitt, GA," 1,658 ", 102 
Columbia, GA," 5,457 "," 1,499 "
Cook, GA, 815 , 23 
Coweta, GA," 3,879 "," 1,129 "
Crawford, GA, 544 , 43 
Crisp, GA, 722 , 78 
Dade, GA," 1,296 ", 99 
Dawson, GA, 821 , 118 
Decatur, GA," 1,572 ", 162 
DeKalb, GA," 41,051 "," 14,441 "
Dodge, GA, 803 , 82 
Dooly, GA, 254 , 30 
Dougherty, GA," 8,052 ", 941 
Douglas, GA," 4,878 "," 1,508 "
Early, GA, 495 , 24 
Echols, GA, 184 , 7 
Effingham, GA," 1,843 ", 443 
Elbert, GA, 520 , 156 
Emanuel, GA, 759 , 62 
Evans, GA, 463 , 36 
Fannin, GA, 593 , 119 
Fayette, GA," 4,960 "," 1,305 "
Floyd, GA," 6,438 ", 593 
Forsyth, GA," 5,338 "," 1,333 "
Franklin, GA, 894 , 84 
Fulton, GA," 57,794 "," 19,031 "
Gilmer, GA, 671 , 119 
Glascock, GA, 73 , 16 
Glynn, GA," 3,016 ", 543 
Gordon, GA," 1,681 ", 192 
Grady, GA, 987 , 163 
Greene, GA, 436 , 95 
Gwinnett, GA," 35,208 "," 9,641 "
Habersham, GA," 3,453 ", 356 
Hall, GA," 6,643 ", 973 
Hancock, GA, 333 , 38 
Haralson, GA, 836 , 148 
Harris, GA," 1,138 ", 275 
Hart, GA, 566 , 185 
Heard, GA, 343 , 102 
Henry, GA," 8,262 "," 2,203 "
Houston, GA," 8,046 "," 1,767 "
Irwin, GA, 169 , 56 
Jackson, GA," 1,723 ", 457 
Jasper, GA, 324 , 33 
Jeff Davis, GA, 241 , 145 
Jefferson, GA, 541 , 138 
Jenkins, GA, 355 , 39 
Johnson, GA, 343 , 80 
Jones, GA," 1,400 ", 115 
Lamar, GA," 1,190 ", 96 
Lanier, GA, 305 , 30 
Laurens, GA," 2,061 ", 281 
Lee, GA," 2,278 ", 182 
Liberty, GA," 4,347 ", 572 
Lincoln, GA, 307 , 25 
Long, GA, 630 , 39 
Lowndes, GA," 12,767 "," 1,506 "
Lumpkin, GA," 3,452 ", 143 
McDuffie, GA, 894 , 85 
McIntosh, GA, 480 , 49 
Macon, GA, 479 , 46 
Madison, GA, 888 , 158 
Marion, GA, 151 , 66 
Meriwether, GA, 899 , 188 
Miller, GA, 281 , 16 
Mitchell, GA, 850 , 44 
Monroe, GA, 865 , 174 
Montgomery, GA, 927 , 152 
Morgan, GA, 675 , 121 
Murray, GA," 1,021 ", 97 
Muscogee, GA," 12,812 "," 1,774 "
Newton, GA," 4,216 ", 680 
Oconee, GA," 1,438 ", 721 
Oglethorpe, GA, 433 , 23 
Paulding, GA," 4,357 "," 1,237 "
Peach, GA," 3,832 ", 203 
Pickens, GA, 945 , 109 
Pierce, GA, 477 , 47 
Pike, GA, 622 , 60 
Polk, GA," 1,216 ", 324 
Pulaski, GA, 423 , 58 
Putnam, GA, 999 , 64 
Quitman, GA, -   , -   
Rabun, GA, 538 , 67 
Randolph, GA, 496 , 86 
Richmond, GA," 11,853 "," 3,415 "
Rockdale, GA," 4,192 ", 890 
Schley, GA, 154 , 4 
Screven, GA, 648 , 94 
Seminole, GA, 383 , 39 
Spalding, GA," 2,966 ", 432 
Stephens, GA," 1,745 ", 118 
Stewart, GA, 251 , 2 
Sumter, GA," 1,678 ", 494 
Talbot, GA, 252 , -   
Taliaferro, GA, 52 , 18 
Tattnall, GA, 902 , 188 
Taylor, GA, 329 , 60 
Telfair, GA, 317 , 24 
Terrell, GA, 406 , 27 
Thomas, GA," 1,464 ", 232 
Tift, GA," 2,739 ", 194 
Toombs, GA, 948 , 133 
Towns, GA, 913 , 11 
Treutlen, GA, 178 , -   
Troup, GA," 3,004 ", 482 
Turner, GA, 253 , 68 
Twiggs, GA, 320 , 91 
Union, GA, 732 , 135 
Upson, GA," 1,146 ", 53 
Walker, GA," 2,141 ", 161 
Walton, GA," 2,284 ", 467 
Ware, GA," 1,342 ", 170 
Warren, GA, 146 , -   
Washington, GA, 432 , 35 
Wayne, GA," 1,309 ", 100 
Webster, GA, 71 , 13 
Wheeler, GA, 264 , 14 
White, GA," 1,129 ", 95 
Whitfield, GA," 3,808 ", 572 
Wilcox, GA, 169 , 37 
Wilkes, GA, 399 , 83 
Wilkinson, GA, 322 , 80 
Worth, GA, 960 , 82 
HAWAII,," 73,565 "," 15,711 "
Hawaii, HI," 8,750 "," 1,093 "
Honolulu, HI," 57,590 "," 13,273 "
Kalawao, HI, 6 , -   
Kauai, HI," 2,347 ", 256 
Maui, HI," 4,872 "," 1,089 "
IDAHO,," 86,815 "," 13,676 "
Ada, ID," 21,342 "," 5,073 "
Adams, ID, 90 , 8 
Bannock, ID," 7,206 "," 1,242 "
Bear Lake, ID, 101 , 1 
Benewah, ID, 155 , 44 
Bingham, ID," 1,900 ", 310 
Blaine, ID, 771 , 87 
Boise, ID, 264 , 31 
Bonner, ID, 913 , 197 
Bonneville, ID," 3,436 ", 885 
Boundary, ID, 63 , 71 
Butte, ID, 55 , 10 
Camas, ID, 18 , 5 
Canyon, ID," 7,064 "," 1,291 "
Caribou, ID, 104 , 42 
Cassia, ID, 658 , 106 
Clark, ID, 3 , -   
Clearwater, ID, 119 , 32 
Custer, ID, 25 , 63 
Elmore, ID," 2,163 ", 279 
Franklin, ID, 447 , 21 
Fremont, ID, 419 , 100 
Gem, ID, 654 , 43 
Gooding, ID, 316 , 44 
Idaho, ID, 130 , 21 
Jefferson, ID, 833 , 112 
Jerome, ID, 659 , 69 
Kootenai, ID," 5,671 ", 548 
Latah, ID," 9,705 "," 1,341 "
Lemhi, ID, 198 , 3 
Lewis, ID, 62 , 9 
Lincoln, ID, 83 , 13 
Madison, ID," 13,002 ", 292 
Minidoka, ID, 626 , 97 
Nez Perce, ID," 2,466 ", 300 
Oneida, ID, 153 , -   
Owyhee, ID, 221 , 39 
Payette, ID, 585 , 119 
Power, ID, 147 , 61 
Shoshone, ID, 253 , 81 
Teton, ID, 104 , 43 
Twin Falls, ID," 3,312 ", 324 
Valley, ID, 196 , 77 
Washington, ID, 123 , 142 
ILLINOIS,," 770,625 "," 194,617 "
Adams, IL," 3,694 ", 599 
Alexander, IL, 448 , 18 
Bond, IL," 1,397 ", 273 
Boone, IL," 1,967 ", 418 
Brown, IL, 236 , 2 
Bureau, IL," 1,151 ", 210 
Calhoun, IL, 169 , 19 
Carroll, IL, 527 , 114 
Cass, IL, 393 , 101 
Champaign, IL," 41,629 "," 10,060 "
Christian, IL," 1,115 ", 206 
Clark, IL, 744 , 59 
Clay, IL, 541 , 44 
Clinton, IL," 1,653 ", 291 
Coles, IL," 12,450 ", 669 
Cook, IL," 293,898 "," 98,080 "
Crawford, IL, 845 , 103 
Cumberland, IL, 506 , 31 
DeKalb, IL," 20,843 "," 2,848 "
De Witt, IL, 553 , 168 
Douglas, IL, 683 , 85 
DuPage, IL," 56,719 "," 16,708 "
Edgar, IL, 523 , 191 
Edwards, IL, 217 , 25 
Effingham, IL," 1,575 ", 362 
Fayette, IL, 913 , 124 
Ford, IL, 402 , 146 
Franklin, IL," 1,532 ", 218 
Fulton, IL," 1,484 ", 250 
Gallatin, IL, 133 , 7 
Greene, IL, 471 , 33 
Grundy, IL," 2,136 ", 270 
Hamilton, IL, 261 , 6 
Hancock, IL, 770 , 162 
Hardin, IL, 101 , -   
Henderson, IL, 242 , 20 
Henry, IL," 1,850 ", 308 
Iroquois, IL, 853 , 170 
Jackson, IL," 14,068 "," 3,095 "
Jasper, IL, 408 , 25 
Jefferson, IL," 1,468 ", 164 
Jersey, IL," 1,246 ", 64 
Jo Daviess, IL, 469 , 167 
Johnson, IL, 576 , 28 
Kane, IL," 22,245 "," 5,736 "
Kankakee, IL," 7,092 ", 786 
Kendall, IL," 4,595 "," 1,300 "
Knox, IL," 3,522 ", 294 
Lake, IL," 35,572 "," 9,256 "
LaSalle, IL," 4,354 ", 791 
Lawrence, IL, 791 , 74 
Lee, IL," 1,776 ", 306 
Livingston, IL," 1,233 ", 167 
Logan, IL," 3,480 ", 279 
McDonough, IL," 10,019 "," 1,072 "
McHenry, IL," 14,640 "," 3,348 "
McLean, IL," 25,776 "," 2,435 "
Macon, IL," 5,488 ", 760 
Macoupin, IL," 2,487 ", 256 
Madison, IL," 18,694 "," 2,949 "
Marion, IL," 1,637 ", 294 
Marshall, IL, 462 , 33 
Mason, IL, 438 , 159 
Massac, IL, 475 , 35 
Menard, IL, 475 , 76 
Mercer, IL, 498 , 133 
Monroe, IL," 1,405 ", 451 
Montgomery, IL," 1,512 ", 95 
Morgan, IL," 2,745 ", 400 
Moultrie, IL, 438 , 84 
Ogle, IL," 2,364 ", 448 
Peoria, IL," 12,596 "," 2,033 "
Perry, IL," 1,108 ", 69 
Piatt, IL, 644 , 131 
Pike, IL, 572 , 57 
Pope, IL, 110 , 12 
Pulaski, IL, 181 , 28 
Putnam, IL, 240 , 2 
Randolph, IL, 944 , 207 
Richland, IL, 479 , 42 
Rock Island, IL," 8,905 "," 1,170 "
St. Clair, IL," 15,936 "," 3,002 "
Saline, IL," 1,204 ", 133 
Sangamon, IL," 9,060 "," 3,141 "
Schuyler, IL, 229 , 96 
Scott, IL, 117 , 44 
Shelby, IL, 687 , 74 
Stark, IL, 198 , 23 
Stephenson, IL," 2,040 ", 135 
Tazewell, IL," 5,273 "," 1,149 "
Union, IL, 873 , 111 
Vermilion, IL," 2,577 ", 315 
Wabash, IL, 646 , 58 
Warren, IL," 2,038 ", 81 
Washington, IL, 597 , 104 
Wayne, IL, 713 , 66 
White, IL, 417 , 46 
Whiteside, IL," 2,182 ", 519 
Will, IL," 32,921 "," 7,978 "
Williamson, IL," 3,495 ", 770 
Winnebago, IL," 13,321 "," 3,773 "
Woodford, IL," 2,250 ", 290 
INDIANA,," 368,563 "," 63,635 "
Adams, IN," 1,144 ", 141 
Allen, IN," 19,364 "," 2,881 "
Bartholomew, IN," 2,594 ", 732 
Benton, IN, 365 , 45 
Blackford, IN, 484 , 39 
Boone, IN," 2,093 ", 401 
Brown, IN, 366 , 53 
Carroll, IN, 558 , 99 
Cass, IN," 1,066 ", 145 
Clark, IN," 4,226 "," 1,063 "
Clay, IN," 1,092 ", 156 
Clinton, IN, 997 , 57 
Crawford, IN, 202 , -   
Daviess, IN, 781 , 58 
Dearborn, IN," 1,962 ", 341 
Decatur, IN, 918 , 196 
DeKalb, IN," 1,912 ", 163 
Delaware, IN," 17,672 "," 1,663 "
Dubois, IN," 1,288 ", 136 
Elkhart, IN," 6,548 "," 1,254 "
Fayette, IN," 1,114 ", 75 
Floyd, IN," 3,226 ", 615 
Fountain, IN, 446 , 64 
Franklin, IN, 929 , 101 
Fulton, IN, 414 , 135 
Gibson, IN," 1,571 ", 247 
Grant, IN," 5,670 ", 596 
Greene, IN," 1,237 ", 145 
Hamilton, IN," 9,821 "," 3,551 "
Hancock, IN," 2,373 ", 339 
Harrison, IN," 1,803 ", 203 
Hendricks, IN," 5,847 "," 1,036 "
Henry, IN," 1,822 ", 288 
Howard, IN," 3,129 ", 438 
Huntington, IN," 2,231 ", 160 
Jackson, IN," 1,115 ", 172 
Jasper, IN," 1,780 ", 144 
Jay, IN, 765 , 113 
Jefferson, IN," 2,231 ", 104 
Jennings, IN, 726 , 72 
Johnson, IN," 5,971 ", 964 
Knox, IN," 3,333 ", 181 
Kosciusko, IN," 2,355 ", 516 
LaGrange, IN, 439 , 37 
Lake, IN," 23,299 "," 3,686 "
LaPorte, IN," 4,469 ", 692 
Lawrence, IN," 1,353 ", 250 
Madison, IN," 6,013 ", 768 
Marion, IN," 45,288 "," 11,886 "
Marshall, IN," 1,345 ", 185 
Martin, IN, 263 , 27 
Miami, IN," 1,551 ", 189 
Monroe, IN," 32,545 "," 6,472 "
Montgomery, IN," 1,586 ", 150 
Morgan, IN," 2,774 ", 433 
Newton, IN, 533 , 47 
Noble, IN," 1,774 ", 203 
Ohio, IN, 143 , 10 
Orange, IN, 376 , 70 
Owen, IN, 731 , 65 
Parke, IN, 651 , 9 
Perry, IN, 665 , 104 
Pike, IN, 243 , 51 
Porter, IN," 9,089 "," 1,893 "
Posey, IN," 1,094 ", 103 
Pulaski, IN, 406 , 143 
Putnam, IN," 3,085 ", 167 
Randolph, IN, 785 , 92 
Ripley, IN," 1,051 ", 94 
Rush, IN, 480 , 119 
St. Joseph, IN," 22,155 "," 4,335 "
Scott, IN, 678 , 66 
Shelby, IN," 1,803 ", 263 
Spencer, IN, 673 , 133 
Starke, IN, 614 , 126 
Steuben, IN," 1,878 ", 155 
Sullivan, IN, 845 , 143 
Switzerland, IN, 291 , 59 
Tippecanoe, IN," 35,137 "," 6,067 "
Tipton, IN, 442 , 52 
Union, IN, 326 , 73 
Vanderburgh, IN," 13,232 "," 1,161 "
Vermillion, IN, 340 , 118 
Vigo, IN," 11,751 "," 1,493 "
Wabash, IN," 1,837 ", 141 
Warren, IN, 268 , 76 
Warrick, IN," 1,781 ", 335 
Washington, IN, 744 , 137 
Wayne, IN," 3,500 ", 421 
Wells, IN," 1,099 ", 74 
White, IN, 474 , 169 
Whitley, IN," 1,123 ", 211 
IOWA,," 188,722 "," 33,690 "
Adair, IA, 176 , 19 
Adams, IA, 86 , 25 
Allamakee, IA, 471 , 38 
Appanoose, IA, 426 , 70 
Audubon, IA, 120 , 17 
Benton, IA," 1,194 ", 167 
Black Hawk, IA," 16,033 "," 1,865 "
Boone, IA," 1,210 ", 183 
Bremer, IA," 2,168 ", 196 
Buchanan, IA, 742 , 184 
Buena Vista, IA," 1,436 ", 177 
Butler, IA, 355 , 81 
Calhoun, IA, 358 , 13 
Carroll, IA, 595 , 60 
Cass, IA, 327 , 45 
Cedar, IA, 502 , 216 
Cerro Gordo, IA," 2,312 ", 165 
Cherokee, IA, 194 , 71 
Chickasaw, IA, 166 , 80 
Clarke, IA, 150 , 24 
Clay, IA, 602 , 47 
Clayton, IA, 507 , 57 
Clinton, IA," 1,922 ", 338 
Crawford, IA, 307 , 60 
Dallas, IA," 2,096 ", 578 
Davis, IA, 287 , 46 
Decatur, IA, 952 , 61 
Delaware, IA, 492 , 130 
Des Moines, IA," 1,745 ", 181 
Dickinson, IA, 513 , 110 
Dubuque, IA," 6,060 ", 896 
Emmet, IA, 414 , 28 
Fayette, IA," 1,187 ", 66 
Floyd, IA, 456 , 39 
Franklin, IA, 368 , 14 
Fremont, IA, 245 , 10 
Greene, IA, 243 , 15 
Grundy, IA, 481 , 114 
Guthrie, IA, 328 , 34 
Hamilton, IA, 501 , 38 
Hancock, IA, 369 , 51 
Hardin, IA, 858 , 126 
Harrison, IA, 507 , 176 
Henry, IA," 1,153 ", 130 
Howard, IA, 275 , 26 
Humboldt, IA, 272 , 35 
Ida, IA, 192 , 10 
Iowa, IA, 473 , 157 
Jackson, IA, 526 , 120 
Jasper, IA," 1,073 ", 209 
Jefferson, IA, 648 , 360 
Johnson, IA," 24,830 "," 6,444 "
Jones, IA, 645 , 64 
Keokuk, IA, 270 , 26 
Kossuth, IA, 419 , 51 
Lee, IA," 1,247 ", 170 
Linn, IA," 13,619 "," 2,185 "
Louisa, IA, 421 , 38 
Lucas, IA, 102 , 15 
Lyon, IA, 249 , 24 
Madison, IA, 459 , 106 
Mahaska, IA," 1,572 ", 144 
Marion, IA," 2,259 ", 181 
Marshall, IA," 1,452 ", 205 
Mills, IA, 396 , 158 
Mitchell, IA, 411 , 53 
Monona, IA, 198 , 57 
Monroe, IA, 247 , 14 
Montgomery, IA, 253 , 58 
Muscatine, IA," 1,486 ", 353 
O'Brien, IA, 454 , 94 
Osceola, IA, 206 , 15 
Page, IA, 287 , 60 
Palo Alto, IA, 547 , 26 
Plymouth, IA, 742 , 105 
Pocahontas, IA, 220 , 37 
Polk, IA," 21,228 "," 5,231 "
Pottawattamie, IA," 3,818 ", 560 
Poweshiek, IA," 2,354 ", 69 
Ringgold, IA, 127 , 54 
Sac, IA, 133 , 49 
Scott, IA," 8,593 "," 3,025 "
Shelby, IA, 382 , 99 
Sioux, IA," 3,529 ", 189 
Story, IA," 22,037 "," 3,625 "
Tama, IA, 607 , 70 
Taylor, IA, 182 , 19 
Union, IA, 492 , 73 
Van Buren, IA, 201 , 18 
Wapello, IA," 1,455 ", 161 
Warren, IA," 2,735 ", 316 
Washington, IA, 478 , 189 
Wayne, IA, 157 , 26 
Webster, IA," 2,444 ", 199 
Winnebago, IA, 561 , 22 
Winneshiek, IA," 2,802 ", 146 
Woodbury, IA," 5,858 ", 809 
Worth, IA, 265 , 22 
Wright, IA, 220 , 78 
KANSAS,," 178,798 "," 38,130 "
Allen, KS, 822 , 100 
Anderson, KS, 169 , 3 
Atchison, KS," 1,247 ", 131 
Barber, KS, 140 , 16 
Barton, KS," 1,220 ", 179 
Bourbon, KS, 749 , 131 
Brown, KS, 212 , 38 
Butler, KS," 3,128 ", 626 
Chase, KS, 63 , 26 
Chautauqua, KS, 42 , 23 
Cherokee, KS, 584 , 47 
Cheyenne, KS, 59 , 5 
Clark, KS, 38 , 12 
Clay, KS, 176 , 52 
Cloud, KS, 706 , 73 
Coffey, KS, 238 , 74 
Comanche, KS, 18 , 9 
Cowley, KS," 2,071 ", 226 
Crawford, KS," 5,759 ", 579 
Decatur, KS, 39 , 59 
Dickinson, KS, 416 , 99 
Doniphan, KS, 520 , 54 
Douglas, KS," 25,440 "," 5,241 "
Edwards, KS, 30 , 43 
Elk, KS, 94 , 22 
Ellis, KS," 4,868 ", 617 
Ellsworth, KS, 192 , 36 
Finney, KS," 1,753 ", 259 
Ford, KS," 1,005 ", 204 
Franklin, KS," 1,464 ", 167 
Geary, KS," 1,792 ", 244 
Gove, KS, 25 , 4 
Graham, KS, 75 , 12 
Grant, KS, 166 , 103 
Gray, KS, 152 , 63 
Greeley, KS, 54 , 2 
Greenwood, KS, 109 , 29 
Hamilton, KS, 19 , 22 
Harper, KS, 69 , 34 
Harvey, KS," 1,630 ", 330 
Haskell, KS, 82 , 49 
Hodgeman, KS, 20 , 9 
Jackson, KS, 445 , 119 
Jefferson, KS, 604 , 97 
Jewell, KS, 33 , 52 
Johnson, KS," 27,399 "," 9,653 "
Kearny, KS, 135 , 44 
Kingman, KS, 117 , 67 
Kiowa, KS, 306 , 25 
Labette, KS, 910 , 155 
Lane, KS, 44 , 13 
Leavenworth, KS," 3,297 "," 1,388 "
Lincoln, KS, 110 , 36 
Linn, KS, 106 , 98 
Logan, KS, 68 , 15 
Lyon, KS," 4,596 ", 602 
McPherson, KS," 2,145 ", 334 
Marion, KS, 792 , 67 
Marshall, KS, 156 , 49 
Meade, KS, 118 , 57 
Miami, KS," 1,014 ", 219 
Mitchell, KS, 206 , 27 
Montgomery, KS," 1,821 ", 103 
Morris, KS, 151 , 30 
Morton, KS, 42 , 19 
Nemaha, KS, 201 , 29 
Neosho, KS," 1,792 ", 57 
Ness, KS, 49 , 9 
Norton, KS, 184 , 26 
Osage, KS, 594 , 199 
Osborne, KS, 67 , 44 
Ottawa, KS, 110 , 40 
Pawnee, KS, 229 , 48 
Phillips, KS, 91 , 15 
Pottawatomie, KS, 795 , 167 
Pratt, KS, 650 , 136 
Rawlins, KS, 26 , 10 
Reno, KS," 3,135 ", 349 
Republic, KS, 83 , 49 
Rice, KS, 786 , 53 
Riley, KS," 21,047 "," 2,256 "
Rooks, KS, 114 , 27 
Rush, KS, 75 , 23 
Russell, KS, 230 , 42 
Saline, KS," 2,283 ", 489 
Scott, KS, 27 , 16 
Sedgwick, KS," 25,671 "," 6,848 "
Seward, KS, 720 , 36 
Shawnee, KS," 9,132 "," 1,956 "
Sheridan, KS, 27 , 6 
Sherman, KS, 294 , 16 
Smith, KS, 48 , 3 
Stafford, KS, 60 , 26 
Stanton, KS, 20 , 7 
Stevens, KS, 41 , 25 
Sumner, KS, 859 , 137 
Thomas, KS, 870 , 64 
Trego, KS, 51 , 2 
Wabaunsee, KS, 274 , 96 
Wallace, KS, 2 , 7 
Washington, KS, 127 , 24 
Wichita, KS, 41 , 6 
Wilson, KS, 392 , 39 
Woodson, KS, 50 , 46 
Wyandotte, KS," 5,481 "," 1,381 "
KENTUCKY,," 225,164 "," 43,024 "
Adair, KY," 1,278 ", 38 
Allen, KY, 616 , 52 
Anderson, KY, 841 , 159 
Ballard, KY, 336 , 37 
Barren, KY," 1,204 ", 253 
Bath, KY, 408 , 170 
Bell, KY," 1,108 ", 311 
Boone, KY," 5,548 "," 1,081 "
Bourbon, KY, 626 , 101 
Boyd, KY," 1,874 ", 478 
Boyle, KY," 2,081 ", 141 
Bracken, KY, 268 , 49 
Breathitt, KY, 705 , 6 
Breckinridge, KY, 639 , 65 
Bullitt, KY," 3,088 ", 491 
Butler, KY, 533 , 5 
Caldwell, KY, 569 , 83 
Calloway, KY," 6,347 ", 765 
Campbell, KY," 6,275 "," 1,220 "
Carlisle, KY, 131 , 30 
Carroll, KY, 326 , 10 
Carter, KY," 1,573 ", 262 
Casey, KY, 624 , 52 
Christian, KY," 3,810 ", 368 
Clark, KY, 953 , 341 
Clay, KY, 513 , 67 
Clinton, KY, 520 , 5 
Crittenden, KY, 270 , 46 
Cumberland, KY, 288 , 42 
Daviess, KY," 4,084 ", 581 
Edmonson, KY, 254 , 42 
Elliott, KY, 297 , 22 
Estill, KY, 279 , -   
Fayette, KY," 30,569 "," 7,626 "
Fleming, KY, 581 , 65 
Floyd, KY, 996 , 258 
Franklin, KY," 2,625 ", 342 
Fulton, KY, 118 , 49 
Gallatin, KY, 221 , -   
Garrard, KY, 380 , 39 
Grant, KY," 1,115 ", 161 
Graves, KY," 1,507 ", 237 
Grayson, KY, 763 , 113 
Green, KY, 360 , 89 
Greenup, KY," 1,543 ", 335 
Hancock, KY, 349 , 13 
Hardin, KY," 4,577 ", 682 
Harlan, KY," 1,241 ", 221 
Harrison, KY, 458 , 107 
Hart, KY, 499 , 89 
Henderson, KY," 1,199 ", 258 
Henry, KY, 229 , 142 
Hickman, KY, 147 , 53 
Hopkins, KY," 1,818 ", 312 
Jackson, KY, 552 , 133 
Jefferson, KY," 35,695 "," 10,462 "
Jessamine, KY," 2,676 "," 1,081 "
Johnson, KY, 797 , 66 
Kenton, KY," 8,038 "," 1,849 "
Knott, KY," 1,147 ", 31 
Knox, KY," 1,281 ", 24 
Larue, KY, 489 , 26 
Laurel, KY," 1,966 ", 346 
Lawrence, KY, 586 , 141 
Lee, KY, 239 , -   
Leslie, KY, 346 , -   
Letcher, KY, 816 , 80 
Lewis, KY, 260 , 150 
Lincoln, KY, 640 , 232 
Livingston, KY, 270 , 141 
Logan, KY, 597 , 58 
Lyon, KY, 207 , 16 
McCracken, KY," 2,545 ", 509 
McCreary, KY, 617 , 31 
McLean, KY, 433 , 46 
Madison, KY," 12,992 "," 1,071 "
Magoffin, KY, 543 , 62 
Marion, KY, 622 , 101 
Marshall, KY," 1,173 ", 169 
Martin, KY, 600 , 57 
Mason, KY, 606 , 149 
Meade, KY," 1,251 ", 240 
Menifee, KY, 176 , 43 
Mercer, KY, 613 , 109 
Metcalfe, KY, 354 , 26 
Monroe, KY, 480 , 67 
Montgomery, KY, 755 , 133 
Morgan, KY, 523 , 46 
Muhlenberg, KY," 1,217 ", 125 
Nelson, KY," 1,453 ", 246 
Nicholas, KY, 263 , 8 
Ohio, KY, 625 , 68 
Oldham, KY," 2,340 ", 361 
Owen, KY, 300 , 46 
Owsley, KY, 212 , -   
Pendleton, KY, 497 , 89 
Perry, KY," 1,176 ", 108 
Pike, KY," 2,188 ", 527 
Powell, KY, 340 , 28 
Pulaski, KY," 2,666 ", 406 
Robertson, KY, 102 , -   
Rockcastle, KY, 486 , 68 
Rowan, KY," 3,815 ", 446 
Russell, KY, 470 , 83 
Scott, KY," 3,141 ", 508 
Shelby, KY," 1,617 ", 359 
Simpson, KY, 487 , 64 
Spencer, KY, 462 , 139 
Taylor, KY," 1,438 ", 130 
Todd, KY, 385 , 89 
Trigg, KY, 672 , 44 
Trimble, KY, 419 , 115 
Union, KY, 464 , 86 
Warren, KY," 12,673 "," 1,759 "
Washington, KY, 470 , 35 
Wayne, KY, 553 , 78 
Webster, KY, 482 , 95 
Whitley, KY," 2,133 ", 335 
Wolfe, KY, 375 , 5 
Woodford, KY, 797 , 315 
LOUISIANA,," 237,974 "," 38,325 "
Acadia, LA," 2,138 ", 180 
Allen, LA, 790 , 108 
Ascension, LA," 3,648 ", 683 
Assumption, LA, 487 , 121 
Avoyelles, LA, 964 , 76 
Beauregard, LA, 976 , 179 
Bienville, LA, 551 , 41 
Bossier, LA," 4,335 ", 832 
Caddo, LA," 13,645 "," 2,732 "
Calcasieu, LA," 8,318 "," 1,367 "
Caldwell, LA, 173 , -   
Cameron, LA, 179 , 67 
Catahoula, LA, 201 , 23 
Claiborne, LA, 625 , 38 
Concordia, LA, 660 , 20 
De Soto, LA, 879 , 318 
East Baton Rouge, LA," 45,676 "," 7,137 "
East Carroll, LA, 171 , 34 
East Feliciana, LA, 935 , 55 
Evangeline, LA," 1,119 ", 127 
Franklin, LA, 512 , 71 
Grant, LA, 692 , 107 
Iberia, LA," 2,048 ", 188 
Iberville, LA," 1,225 ", 170 
Jackson, LA, 707 , 53 
Jefferson, LA," 21,625 "," 4,897 "
Jefferson Davis, LA, 745 , 105 
Lafayette, LA," 14,413 "," 2,296 "
Lafourche, LA," 4,253 ", 528 
La Salle, LA, 409 , 18 
Lincoln, LA," 11,291 ", 685 
Livingston, LA," 4,173 ", 624 
Madison, LA, 76 , 10 
Morehouse, LA, 992 , 109 
Natchitoches, LA," 4,393 ", 349 
Orleans, LA," 23,999 "," 4,890 "
Ouachita, LA," 8,831 "," 1,698 "
Plaquemines, LA, 912 , 93 
Pointe Coupee, LA, 587 , 23 
Rapides, LA," 5,264 ", 656 
Red River, LA, 412 , 71 
Richland, LA, 536 , 48 
Sabine, LA, 738 , 123 
St. Bernard, LA," 1,855 ", 207 
St. Charles, LA," 2,596 ", 215 
St. Helena, LA, 231 , 52 
St. James, LA, 877 , 70 
St. John the Baptist, LA," 1,894 ", 203 
St. Landry, LA," 2,454 ", 430 
St. Martin, LA," 1,745 ", 188 
St. Mary, LA," 1,335 ", 246 
St. Tammany, LA," 9,607 "," 1,705 "
Tangipahoa, LA," 6,745 ", 729 
Tensas, LA, 57 , 24 
Terrebonne, LA," 4,259 ", 554 
Union, LA, 778 , 168 
Vermilion, LA," 1,522 ", 165 
Vernon, LA," 1,981 ", 319 
Washington, LA," 1,499 ", 381 
Webster, LA," 1,196 ", 251 
West Baton Rouge, LA, 853 , 310 
West Carroll, LA, 219 , 12 
West Feliciana, LA, 572 , 74 
Winn, LA, 396 , 72 
MAINE,," 69,203 "," 13,799 "
Androscoggin, ME," 6,232 ", 899 
Aroostook, ME," 3,619 ", 427 
Cumberland, ME," 16,991 "," 4,158 "
Franklin, ME," 1,858 ", 261 
Hancock, ME," 2,650 ", 456 
Kennebec, ME," 6,622 ", 869 
Knox, ME," 1,392 ", 231 
Lincoln, ME, 795 , 300 
Oxford, ME," 1,881 ", 586 
Penobscot, ME," 13,026 "," 2,345 "
Piscataquis, ME, 364 , 108 
Sagadahoc, ME," 1,259 ", 301 
Somerset, ME," 1,780 ", 303 
Waldo, ME," 1,575 ", 202 
Washington, ME," 1,252 ", 198 
York, ME," 7,907 "," 2,155 "
MARYLAND,," 339,675 "," 105,258 "
Allegany, MD," 5,810 ", 623 
Anne Arundel, MD," 26,894 "," 9,166 "
Baltimore, MD," 53,022 "," 14,471 "
Calvert, MD," 4,063 "," 1,237 "
Caroline, MD," 1,095 ", 187 
Carroll, MD," 9,194 "," 2,264 "
Cecil, MD," 3,749 "," 1,103 "
Charles, MD," 7,785 "," 2,074 "
Dorchester, MD," 1,428 ", 187 
Frederick, MD," 12,547 "," 3,198 "
Garrett, MD, 668 , 189 
Harford, MD," 11,821 "," 2,883 "
Howard, MD," 15,027 "," 5,915 "
Kent, MD," 1,708 ", 239 
Montgomery, MD," 52,146 "," 21,568 "
Prince George's, MD," 62,574 "," 18,015 "
Queen Anne's, MD," 1,901 ", 414 
St. Mary's, MD," 5,826 "," 1,602 "
Somerset, MD," 3,800 ", 214 
Talbot, MD," 1,091 ", 299 
Washington, MD," 6,446 "," 1,242 "
Wicomico, MD," 8,220 "," 1,165 "
Worcester, MD," 1,662 ", 633 
Baltimore city, MD," 41,198 "," 16,370 "
MASSACHUSETTS,," 412,718 "," 127,259 "
Barnstable, MA," 9,921 "," 2,222 "
Berkshire, MA," 7,609 "," 1,199 "
Bristol, MA," 28,705 "," 5,527 "
Dukes, MA, 249 , 143 
Essex, MA," 38,031 "," 10,180 "
Franklin, MA," 3,982 ", 969 
Hampden, MA," 28,824 "," 4,756 "
Hampshire, MA," 30,374 "," 3,540 "
Middlesex, MA," 92,669 "," 43,577 "
Nantucket, MA, 247 , 239 
Norfolk, MA," 35,727 "," 12,153 "
Plymouth, MA," 23,911 "," 4,639 "
Suffolk, MA," 65,694 "," 26,884 "
Worcester, MA," 46,775 "," 11,231 "
MICHIGAN,," 650,745 "," 125,838 "
Alcona, MI, 255 , 45 
Alger, MI, 210 , 25 
Allegan, MI," 4,617 ", 701 
Alpena, MI," 1,498 ", 182 
Antrim, MI, 713 , 112 
Arenac, MI, 472 , 40 
Baraga, MI, 237 , 43 
Barry, MI," 2,471 ", 442 
Bay, MI," 5,568 "," 1,017 "
Benzie, MI, 554 , 131 
Berrien, MI," 7,196 "," 1,790 "
Branch, MI," 1,847 ", 178 
Calhoun, MI," 7,396 "," 1,004 "
Cass, MI," 1,793 ", 383 
Charlevoix, MI, 521 , 179 
Cheboygan, MI, 747 , 122 
Chippewa, MI," 2,953 ", 273 
Clare, MI, 957 , 143 
Clinton, MI," 3,417 ", 759 
Crawford, MI, 383 , 56 
Delta, MI," 1,551 ", 188 
Dickinson, MI," 1,084 ", 114 
Eaton, MI," 6,275 "," 1,650 "
Emmet, MI," 1,693 ", 233 
Genesee, MI," 23,956 "," 4,229 "
Gladwin, MI, 694 , 107 
Gogebic, MI, 558 , 51 
Grand Traverse, MI," 3,895 ", 638 
Gratiot, MI," 2,815 ", 218 
Hillsdale, MI," 2,734 ", 229 
Houghton, MI," 5,809 ", 767 
Huron, MI," 1,016 ", 188 
Ingham, MI," 46,475 "," 8,821 "
Ionia, MI," 2,859 ", 339 
Iosco, MI, 849 , 139 
Iron, MI, 372 , 60 
Isabella, MI," 18,813 "," 1,201 "
Jackson, MI," 8,550 "," 1,024 "
Kalamazoo, MI," 32,301 "," 4,493 "
Kalkaska, MI, 338 , 39 
Kent, MI," 37,385 "," 7,637 "
Keweenaw, MI, 37 , 6 
Lake, MI, 268 , 22 
Lapeer, MI," 4,673 ", 442 
Leelanau, MI, 664 , 179 
Lenawee, MI," 5,059 ", 881 
Livingston, MI," 9,075 "," 1,819 "
Luce, MI, 87 , 17 
Mackinac, MI, 262 , 47 
Macomb, MI," 47,527 "," 10,217 "
Manistee, MI, 543 , 129 
Marquette, MI," 7,607 ", 713 
Mason, MI, 981 , 231 
Mecosta, MI," 7,654 ", 448 
Menominee, MI, 725 , 64 
Midland, MI," 5,843 ", 833 
Missaukee, MI, 520 , 32 
Monroe, MI," 7,385 "," 1,178 "
Montcalm, MI," 2,858 ", 373 
Montmorency, MI, 238 , 54 
Muskegon, MI," 8,454 "," 1,070 "
Newaygo, MI," 1,598 ", 212 
Oakland, MI," 68,340 "," 20,864 "
Oceana, MI," 1,007 ", 116 
Ogemaw, MI, 881 , 83 
Ontonagon, MI, 203 , 50 
Osceola, MI, 772 , 96 
Oscoda, MI, 292 , 39 
Otsego, MI, 908 , 71 
Ottawa, MI," 20,054 "," 2,736 "
Presque Isle, MI, 338 , 31 
Roscommon, MI, 912 , 89 
Saginaw, MI," 12,141 "," 1,482 "
St. Clair, MI," 8,873 ", 780 
St. Joseph, MI," 2,301 ", 302 
Sanilac, MI," 1,529 ", 201 
Schoolcraft, MI, 140 , 37 
Shiawassee, MI," 3,525 ", 464 
Tuscola, MI," 2,332 ", 343 
Van Buren, MI," 2,910 ", 607 
Washtenaw, MI," 55,244 "," 15,313 "
Wayne, MI," 110,974 "," 23,045 "
Wexford, MI," 1,184 ", 132 
MINNESOTA,," 301,889 "," 64,539 "
Aitkin, MN, 227 , 38 
Anoka, MN," 14,948 "," 3,702 "
Becker, MN," 1,026 ", 112 
Beltrami, MN," 3,981 ", 484 
Benton, MN," 2,401 ", 586 
Big Stone, MN, 160 , 39 
Blue Earth, MN," 10,723 ", 753 
Brown, MN," 1,850 ", 118 
Carlton, MN," 1,217 ", 183 
Carver, MN," 3,497 ", 855 
Cass, MN, 528 , 126 
Chippewa, MN, 296 , 79 
Chisago, MN," 1,653 ", 228 
Clay, MN," 7,985 ", 561 
Clearwater, MN, 233 , 20 
Cook, MN, 42 , 23 
Cottonwood, MN, 173 , 51 
Crow Wing, MN," 2,045 ", 258 
Dakota, MN," 19,232 "," 4,820 "
Dodge, MN, 704 , 97 
Douglas, MN," 1,442 ", 123 
Faribault, MN, 294 , 48 
Fillmore, MN, 599 , 79 
Freeborn, MN, 923 , 75 
Goodhue, MN," 1,539 ", 230 
Grant, MN, 156 , 22 
Hennepin, MN," 69,828 "," 23,449 "
Houston, MN, 718 , 73 
Hubbard, MN, 469 , 116 
Isanti, MN," 1,473 ", 259 
Itasca, MN," 1,411 ", 147 
Jackson, MN, 357 , 17 
Kanabec, MN, 488 , 142 
Kandiyohi, MN," 1,567 ", 152 
Kittson, MN, 61 , 8 
Koochiching, MN, 340 , 20 
Lac qui Parle, MN, 155 , 20 
Lake, MN, 173 , 22 
Lake of the Woods, MN, 79 , 17 
Le Sueur, MN, 907 , 117 
Lincoln, MN, 194 , 19 
Lyon, MN," 2,500 ", 197 
McLeod, MN," 1,214 ", 268 
Mahnomen, MN, 119 , 24 
Marshall, MN, 187 , 27 
Martin, MN, 486 , 57 
Meeker, MN, 760 , 107 
Mille Lacs, MN, 795 , 133 
Morrison, MN, 897 , 108 
Mower, MN," 1,181 ", 195 
Murray, MN, 130 , 57 
Nicollet, MN," 3,805 ", 296 
Nobles, MN, 993 , 94 
Norman, MN, 126 , 14 
Olmsted, MN," 7,321 "," 2,196 "
Otter Tail, MN," 1,515 ", 194 
Pennington, MN, 568 , 24 
Pine, MN, 704 , 118 
Pipestone, MN, 328 , 28 
Polk, MN," 1,511 ", 167 
Pope, MN, 193 , 32 
Ramsey, MN," 35,832 "," 10,976 "
Red Lake, MN, 94 , 28 
Redwood, MN, 340 , 58 
Renville, MN, 435 , 45 
Rice, MN," 6,175 ", 304 
Rock, MN, 306 , 22 
Roseau, MN, 345 , 62 
St. Louis, MN," 18,969 "," 1,872 "
Scott, MN," 5,397 "," 1,380 "
Sherburne, MN," 3,590 ", 944 
Sibley, MN, 434 , 82 
Stearns, MN," 18,626 "," 1,154 "
Steele, MN," 1,498 ", 143 
Stevens, MN," 1,279 ", 15 
Swift, MN, 193 , 40 
Todd, MN, 467 , 74 
Traverse, MN, 97 , 3 
Wabasha, MN, 795 , 106 
Wadena, MN, 384 , 50 
Waseca, MN, 680 , 97 
Washington, MN," 11,351 "," 2,971 "
Watonwan, MN, 367 , 17 
Wilkin, MN, 106 , 36 
Winona, MN," 8,520 ", 488 
Wright, MN," 3,795 ", 914 
Yellow Medicine, MN, 387 , 34 
MISSISSIPPI,," 166,655 "," 25,828 "
Adams, MS," 1,268 ", 289 
Alcorn, MS," 1,200 ", 214 
Amite, MS, 109 , 48 
Attala, MS, 815 , 24 
Benton, MS, 104 , 13 
Bolivar, MS," 2,784 ", 661 
Calhoun, MS, 422 , 54 
Carroll, MS, 426 , 31 
Chickasaw, MS, 943 , 116 
Choctaw, MS, 218 , 13 
Claiborne, MS," 1,516 ", 70 
Clarke, MS, 722 , 57 
Clay, MS," 1,128 ", 132 
Coahoma, MS," 1,479 ", 167 
Copiah, MS," 1,916 ", 358 
Covington, MS, 951 , 44 
DeSoto, MS," 6,307 "," 1,237 "
Forrest, MS," 10,678 "," 1,899 "
Franklin, MS, 290 , 33 
George, MS, 546 , 68 
Greene, MS, 436 , 28 
Grenada, MS, 825 , 105 
Hancock, MS," 1,694 ", 177 
Harrison, MS," 9,827 "," 1,258 "
Hinds, MS," 19,898 "," 3,108 "
Holmes, MS," 1,334 ", 271 
Humphreys, MS, 307 , 41 
Issaquena, MS, 57 , -   
Itawamba, MS," 1,570 ", 112 
Jackson, MS," 5,508 ", 967 
Jasper, MS, 621 , 139 
Jefferson, MS, 397 , 123 
Jefferson Davis, MS, 496 , 110 
Jones, MS," 2,938 ", 406 
Kemper, MS, 812 , 3 
Lafayette, MS," 10,209 "," 1,997 "
Lamar, MS," 4,084 ", 556 
Lauderdale, MS," 3,487 ", 509 
Lawrence, MS, 458 , 29 
Leake, MS, 709 , 45 
Lee, MS," 3,878 ", 811 
Leflore, MS," 3,026 ", 327 
Lincoln, MS," 1,361 ", 102 
Lowndes, MS," 3,469 ", 620 
Madison, MS," 4,322 "," 1,029 "
Marion, MS, 680 , 72 
Marshall, MS," 1,287 ", 162 
Monroe, MS," 1,345 ", 204 
Montgomery, MS, 347 , 58 
Neshoba, MS," 1,335 ", 141 
Newton, MS," 1,994 ", 80 
Noxubee, MS, 596 , 67 
Oktibbeha, MS," 10,726 "," 1,789 "
Panola, MS," 1,080 ", 125 
Pearl River, MS," 2,246 ", 203 
Perry, MS, 297 , 35 
Pike, MS," 2,141 ", 83 
Pontotoc, MS, 984 , 149 
Prentiss, MS," 1,538 ", 125 
Quitman, MS, 312 , 9 
Rankin, MS," 6,132 "," 1,726 "
Scott, MS," 1,043 ", 71 
Sharkey, MS, 189 , 5 
Simpson, MS, 937 , 98 
Smith, MS, 501 , 98 
Stone, MS," 1,015 ", 135 
Sunflower, MS," 1,869 ", 412 
Tallahatchie, MS, 583 , 42 
Tate, MS," 1,877 ", 183 
Tippah, MS, 629 , 68 
Tishomingo, MS, 476 , 37 
Tunica, MS, 299 , 59 
Union, MS," 1,013 ", 177 
Walthall, MS, 783 , 40 
Warren, MS," 1,914 ", 266 
Washington, MS," 1,674 ", 430 
Wayne, MS, 662 , 16 
Webster, MS, 302 , 77 
Wilkinson, MS, 168 , 21 
Winston, MS, 654 , 80 
Yalobusha, MS, 533 , 35 
Yazoo, MS, 949 , 49 
MISSOURI,," 319,348 "," 72,444 "
Adair, MO," 5,852 ", 855 
Andrew, MO, 597 , 167 
Atchison, MO, 115 , 47 
Audrain, MO, 900 , 134 
Barry, MO, 865 , 182 
Barton, MO, 245 , 1 
Bates, MO, 563 , 43 
Benton, MO, 359 , 70 
Bollinger, MO, 284 , 26 
Boone, MO," 23,580 "," 6,288 "
Buchanan, MO," 4,786 ", 568 
Butler, MO," 1,551 ", 195 
Caldwell, MO, 176 , 48 
Callaway, MO," 2,345 ", 340 
Camden, MO," 1,388 ", 274 
Cape Girardeau, MO," 7,602 ", 704 
Carroll, MO, 204 , 92 
Carter, MO, 210 , 25 
Cass, MO," 3,809 ", 937 
Cedar, MO, 614 , 60 
Chariton, MO, 323 , 24 
Christian, MO," 3,240 ", 655 
Clark, MO, 231 , 43 
Clay, MO," 9,429 "," 2,783 "
Clinton, MO, 612 , 81 
Cole, MO," 4,715 ", 926 
Cooper, MO, 672 , 54 
Crawford, MO, 776 , 35 
Dade, MO, 153 , 13 
Dallas, MO, 262 , 55 
Daviess, MO, 283 , 39 
DeKalb, MO, 436 , 48 
Dent, MO, 280 , 25 
Douglas, MO, 868 , 4 
Dunklin, MO, 660 , 181 
Franklin, MO," 3,899 ", 515 
Gasconade, MO, 563 , 38 
Gentry, MO, 112 , 15 
Greene, MO," 26,589 "," 3,686 "
Grundy, MO, 269 , 63 
Harrison, MO, 271 , 21 
Henry, MO, 461 , 159 
Hickory, MO, 187 , 30 
Holt, MO, 118 , 13 
Howard, MO, 765 , 72 
Howell, MO," 1,213 ", 229 
Iron, MO, 205 , 56 
Jackson, MO," 32,332 "," 9,578 "
Jasper, MO," 5,280 ", 632 
Jefferson, MO," 9,953 "," 1,715 "
Johnson, MO," 8,469 ", 974 
Knox, MO, 101 , 4 
Laclede, MO," 1,276 ", 119 
Lafayette, MO, 893 , 264 
Lawrence, MO, 945 , 82 
Lewis, MO, 987 , 28 
Lincoln, MO," 1,691 ", 276 
Linn, MO, 212 , 103 
Livingston, MO, 445 , 117 
McDonald, MO, 774 , 43 
Macon, MO, 279 , 65 
Madison, MO, 300 , 43 
Maries, MO, 200 , 125 
Marion, MO," 1,081 ", 191 
Mercer, MO, 129 , 44 
Miller, MO, 567 , 120 
Mississippi, MO, 221 , 46 
Moniteau, MO, 401 , 77 
Monroe, MO, 258 , 29 
Montgomery, MO, 256 , 61 
Morgan, MO, 446 , 29 
New Madrid, MO, 450 , 99 
Newton, MO," 2,522 ", 358 
Nodaway, MO," 4,544 ", 197 
Oregon, MO, 375 , 37 
Osage, MO, 477 , 70 
Ozark, MO, 141 , 40 
Pemiscot, MO, 490 , 110 
Perry, MO, 525 , 89 
Pettis, MO," 1,988 ", 168 
Phelps, MO," 5,368 ", 663 
Pike, MO, 606 , 68 
Platte, MO," 4,483 "," 1,552 "
Polk, MO," 2,634 ", 320 
Pulaski, MO," 3,174 ", 507 
Putnam, MO, 147 , 45 
Ralls, MO, 366 , 34 
Randolph, MO, 909 , 150 
Ray, MO, 771 , 135 
Reynolds, MO, 158 , 9 
Ripley, MO, 327 , 186 
St. Charles, MO," 17,121 "," 4,784 "
St. Clair, MO, 135 , 27 
Ste. Genevieve, MO, 669 , 112 
St. Francois, MO," 2,140 ", 533 
St. Louis, MO," 54,923 "," 16,898 "
Saline, MO," 1,788 ", 124 
Schuyler, MO, 82 , 16 
Scotland, MO, 67 , 20 
Scott, MO," 1,274 ", 193 
Shannon, MO, 215 , 40 
Shelby, MO, 118 , 26 
Stoddard, MO, 566 , 108 
Stone, MO, 496 , 114 
Sullivan, MO, 145 , 9 
Taney, MO," 2,142 ", 239 
Texas, MO, 678 , 120 
Vernon, MO, 640 , 77 
Warren, MO, 753 , 275 
Washington, MO, 593 , 160 
Wayne, MO, 354 , 40 
Webster, MO," 1,057 ", 159 
Worth, MO, 57 , 20 
Wright, MO, 359 , 94 
St. Louis city, MO," 21,388 "," 7,735 "
MONTANA,," 54,399 "," 9,216 "
Beaverhead, MT, 869 , 102 
Big Horn, MT, 469 , 45 
Blaine, MT, 259 , 42 
Broadwater, MT, 109 , -   
Carbon, MT, 178 , 42 
Carter, MT, 9 , 3 
Cascade, MT," 3,794 "," 1,135 "
Chouteau, MT, 129 , 17 
Custer, MT, 456 , 90 
Daniels, MT, 22 , 10 
Dawson, MT, 498 , 68 
Deer Lodge, MT, 181 , 49 
Fallon, MT, 54 , 14 
Fergus, MT, 401 , 84 
Flathead, MT," 2,398 ", 472 
Gallatin, MT," 12,210 "," 1,895 "
Garfield, MT, 25 , -   
Glacier, MT, 615 , 95 
Golden Valley, MT, 11 , 6 
Granite, MT, 48 , 59 
Hill, MT, 998 , 104 
Jefferson, MT, 325 , 35 
Judith Basin, MT, 14 , 7 
Lake, MT," 1,003 ", 75 
Lewis and Clark, MT," 2,842 ", 288 
Liberty, MT, 11 , 9 
Lincoln, MT, 354 , 67 
McCone, MT, 28 , 10 
Madison, MT, 108 , 36 
Meagher, MT, 77 , 8 
Mineral, MT, 50 , 3 
Missoula, MT," 13,376 "," 2,218 "
Musselshell, MT, 84 , 25 
Park, MT, 520 , 287 
Petroleum, MT, 5 , 12 
Phillips, MT, 22 , 7 
Pondera, MT, 146 , 52 
Powder River, MT, 63 , 7 
Powell, MT, 267 , 41 
Prairie, MT, 9 , 3 
Ravalli, MT," 1,205 ", 133 
Richland, MT, 84 , 76 
Roosevelt, MT, 337 , 93 
Rosebud, MT, 330 , 39 
Sanders, MT, 132 , 47 
Sheridan, MT, 39 , 16 
Silver Bow, MT," 1,960 ", 149 
Stillwater, MT, 161 , 33 
Sweet Grass, MT, 31 , 19 
Teton, MT, 127 , 47 
Toole, MT, 213 , 11 
Treasure, MT, 14 , 7 
Valley, MT, 148 , 37 
Wheatland, MT, -   , 17 
Wibaux, MT, 18 , 5 
Yellowstone, MT," 6,563 ", 965 
Yellowstone National Park, MT, -   , -   
NEBRASKA,," 113,798 "," 23,867 "
Adams, NE," 2,184 ", 360 
Antelope, NE, 160 , 24 
Arthur, NE, 6 , -   
Banner, NE, 56 , 6 
Blaine, NE, 9 , 12 
Boone, NE, 40 , 8 
Box Butte, NE, 150 , 84 
Boyd, NE, 53 , 11 
Brown, NE, 100 , 5 
Buffalo, NE," 5,305 ", 611 
Burt, NE, 134 , 52 
Butler, NE, 260 , 41 
Cass, NE, 867 , 234 
Cedar, NE, 296 , 82 
Chase, NE, 87 , 2 
Cherry, NE, 84 , 95 
Cheyenne, NE, 284 , 108 
Clay, NE, 172 , 26 
Colfax, NE, 237 , 35 
Cuming, NE, 244 , 68 
Custer, NE, 134 , 68 
Dakota, NE, 616 , 109 
Dawes, NE," 1,474 ", 75 
Dawson, NE, 441 , 111 
Deuel, NE, 31 , 8 
Dixon, NE, 154 , 38 
Dodge, NE," 1,811 ", 206 
Douglas, NE," 31,429 "," 9,771 "
Dundy, NE, 25 , 70 
Fillmore, NE, 73 , 59 
Franklin, NE, 82 , 11 
Frontier, NE, 90 , 27 
Furnas, NE, 113 , 12 
Gage, NE," 1,123 ", 163 
Garden, NE, 41 , 12 
Garfield, NE, 20 , 2 
Gosper, NE, 49 , 4 
Grant, NE, 9 , 8 
Greeley, NE, 21 , 6 
Hall, NE," 1,573 ", 344 
Hamilton, NE, 276 , 67 
Harlan, NE, 50 , 24 
Hayes, NE, 12 , 15 
Hitchcock, NE, 49 , 7 
Holt, NE, 148 , 27 
Hooker, NE, 12 , 5 
Howard, NE, 210 , 46 
Jefferson, NE, 257 , 9 
Johnson, NE, 77 , 5 
Kearney, NE, 215 , 34 
Keith, NE, 117 , 77 
Keya Paha, NE, 8 , -   
Kimball, NE, 78 , 50 
Knox, NE, 192 , 89 
Lancaster, NE," 34,397 "," 5,596 "
Lincoln, NE," 1,165 ", 146 
Logan, NE, 1 , 13 
Loup, NE, 28 , -   
McPherson, NE, 9 , 2 
Madison, NE," 2,258 ", 195 
Merrick, NE, 144 , 63 
Morrill, NE, 121 , 96 
Nance, NE, 47 , 13 
Nemaha, NE, 597 , 44 
Nuckolls, NE, 106 , 13 
Otoe, NE, 492 , 76 
Pawnee, NE, 57 , 12 
Perkins, NE, 54 , 8 
Phelps, NE, 266 , 52 
Pierce, NE, 212 , 29 
Platte, NE," 1,443 ", 127 
Polk, NE, 195 , 37 
Red Willow, NE, 372 , 29 
Richardson, NE, 191 , 72 
Rock, NE, 12 , 7 
Saline, NE," 1,190 ", 73 
Sarpy, NE," 9,687 "," 2,471 "
Saunders, NE, 612 , 199 
Scotts Bluff, NE," 1,330 ", 245 
Seward, NE," 2,045 ", 133 
Sheridan, NE, 65 , 43 
Sherman, NE, 15 , 26 
Sioux, NE, 44 , 12 
Stanton, NE, 251 , 40 
Thayer, NE, 32 , 18 
Thomas, NE, 5 , 3 
Thurston, NE, 280 , 32 
Valley, NE, 120 , 36 
Washington, NE," 1,300 ", 206 
Wayne, NE," 2,141 ", 187 
Webster, NE, 38 , 12 
Wheeler, NE, 1 , 6 
York, NE, 737 , 72 
NEVADA,," 109,615 "," 25,271 "
Churchill, NV, 997 , 152 
Clark, NV," 74,729 "," 18,070 "
Douglas, NV," 1,678 ", 366 
Elko, NV," 1,753 ", 246 
Esmeralda, NV, 7 , 10 
Eureka, NV, 22 , 3 
Humboldt, NV, 344 , 178 
Lander, NV, 53 , 18 
Lincoln, NV, 33 , 19 
Lyon, NV," 2,197 ", 195 
Mineral, NV, 76 , 8 
Nye, NV, 736 , 292 
Pershing, NV, 127 , 52 
Storey, NV, 127 , 80 
Washoe, NV," 23,732 "," 5,212 "
White Pine, NV, 343 , 35 
Carson City city, NV," 2,661 ", 335 
NEW HAMPSHIRE,," 75,772 "," 15,710 "
Belknap, NH," 2,107 ", 576 
Carroll, NH," 1,398 ", 438 
Cheshire, NH," 7,333 ", 743 
Coos, NH, 994 , 146 
Grafton, NH," 9,033 "," 1,371 "
Hillsborough, NH," 19,295 "," 4,928 "
Merrimack, NH," 8,472 "," 1,841 "
Rockingham, NH," 11,948 "," 3,343 "
Strafford, NH," 13,816 "," 1,892 "
Sullivan, NH," 1,376 ", 432 
NEW JERSEY,," 440,395 "," 110,806 "
Atlantic, NJ," 18,257 "," 2,136 "
Bergen, NJ," 42,829 "," 12,762 "
Burlington, NJ," 22,376 "," 5,881 "
Camden, NJ," 25,542 "," 6,205 "
Cape May, NJ," 2,818 ", 885 
Cumberland, NJ," 6,175 "," 1,031 "
Essex, NJ," 41,134 "," 9,912 "
Gloucester, NJ," 17,173 "," 3,391 "
Hudson, NJ," 27,908 "," 9,962 "
Hunterdon, NJ," 5,450 "," 1,574 "
Mercer, NJ," 25,613 "," 6,983 "
Middlesex, NJ," 47,766 "," 12,246 "
Monmouth, NJ," 31,755 "," 7,109 "
Morris, NJ," 24,249 "," 6,804 "
Ocean, NJ," 23,074 "," 5,678 "
Passaic, NJ," 24,304 "," 4,970 "
Salem, NJ," 3,137 ", 742 
Somerset, NJ," 13,860 "," 4,299 "
Sussex, NJ," 7,199 "," 1,585 "
Union, NJ," 24,682 "," 5,631 "
Warren, NJ," 5,094 "," 1,020 "
NEW MEXICO,," 121,781 "," 23,205 "
Bernalillo, NM," 46,763 "," 10,574 "
Catron, NM, 69 , 18 
Chaves, NM," 3,301 ", 381 
Cibola, NM, 874 , 69 
Colfax, NM, 244 , 113 
Curry, NM," 2,776 ", 364 
De Baca, NM, 40 , -   
Dona Ana, NM," 18,787 "," 3,580 "
Eddy, NM," 2,068 ", 251 
Grant, NM," 2,042 ", 390 
Guadalupe, NM, 222 , 7 
Harding, NM, 13 , 9 
Hidalgo, NM, 219 , 79 
Lea, NM," 2,553 ", 334 
Lincoln, NM, 950 , 79 
Los Alamos, NM, 735 , 217 
Luna, NM, 720 , 34 
McKinley, NM," 3,242 ", 348 
Mora, NM, 320 , 41 
Otero, NM," 4,138 ", 390 
Quay, NM, 281 , 57 
Rio Arriba, NM," 1,542 ", 254 
Roosevelt, NM," 2,330 ", 249 
Sandoval, NM," 5,434 "," 1,203 "
San Juan, NM," 4,607 ", 701 
San Miguel, NM," 2,764 ", 562 
Santa Fe, NM," 7,328 "," 2,065 "
Sierra, NM, 138 , 66 
Socorro, NM," 1,468 ", 358 
Taos, NM," 1,021 ", 114 
Torrance, NM, 702 , 42 
Union, NM, 47 , 8 
Valencia, NM," 4,043 ", 248 
NEW YORK,," 1,155,918 "," 301,065 "
Albany, NY," 27,838 "," 6,997 "
Allegany, NY," 5,740 ", 480 
Bronx, NY," 79,157 "," 13,757 "
Broome, NY," 16,481 "," 3,345 "
Cattaraugus, NY," 4,512 ", 586 
Cayuga, NY," 3,728 ", 444 
Chautauqua, NY," 7,753 "," 1,202 "
Chemung, NY," 4,926 ", 744 
Chenango, NY," 1,738 ", 227 
Clinton, NY," 6,923 ", 752 
Columbia, NY," 3,366 ", 712 
Cortland, NY," 6,325 ", 435 
Delaware, NY," 2,015 ", 172 
Dutchess, NY," 22,400 "," 3,133 "
Erie, NY," 57,550 "," 14,372 "
Essex, NY," 1,708 ", 186 
Franklin, NY," 1,789 ", 162 
Fulton, NY," 1,610 ", 248 
Genesee, NY," 2,332 ", 328 
Greene, NY," 1,447 ", 253 
Hamilton, NY, 54 , 34 
Herkimer, NY," 2,913 ", 388 
Jefferson, NY," 5,804 ", 784 
Kings, NY," 142,032 "," 41,672 "
Lewis, NY, 671 , 152 
Livingston, NY," 7,757 ", 564 
Madison, NY," 7,017 ", 377 
Monroe, NY," 54,226 "," 12,283 "
Montgomery, NY," 1,902 ", 315 
Nassau, NY," 79,363 "," 21,614 "
New York, NY," 88,170 "," 51,285 "
Niagara, NY," 11,198 "," 1,946 "
Oneida, NY," 12,798 "," 2,079 "
Onondaga, NY," 30,458 "," 8,388 "
Ontario, NY," 6,118 "," 1,145 "
Orange, NY," 23,784 "," 3,539 "
Orleans, NY," 1,702 ", 197 
Oswego, NY," 9,994 ", 894 
Otsego, NY," 7,070 ", 467 
Putnam, NY," 4,038 "," 1,306 "
Queens, NY," 126,363 "," 36,633 "
Rensselaer, NY," 9,704 "," 2,372 "
Richmond, NY," 26,917 "," 6,747 "
Rockland, NY," 18,011 "," 3,964 "
St. Lawrence, NY," 13,053 "," 1,151 "
Saratoga, NY," 9,624 "," 2,494 "
Schenectady, NY," 9,252 "," 1,441 "
Schoharie, NY," 2,497 ", 253 
Schuyler, NY, 806 , 120 
Seneca, NY," 1,009 ", 578 
Steuben, NY," 3,611 ", 533 
Suffolk, NY," 79,756 "," 21,815 "
Sullivan, NY," 2,539 ", 392 
Tioga, NY," 1,937 ", 363 
Tompkins, NY," 23,220 "," 6,718 "
Ulster, NY," 10,372 "," 2,137 "
Warren, NY," 2,957 ", 301 
Washington, NY," 2,231 ", 436 
Wayne, NY," 3,274 ", 475 
Westchester, NY," 49,325 "," 13,946 "
Wyoming, NY," 1,255 ", 129 
Yates, NY," 1,798 ", 103 
NORTH CAROLINA,," 531,127 "," 96,047 "
Alamance, NC," 8,073 "," 1,286 "
Alexander, NC," 1,163 ", 229 
Alleghany, NC, 237 , 82 
Anson, NC, 772 , 58 
Ashe, NC, 865 , 92 
Avery, NC," 1,087 ", 193 
Beaufort, NC," 1,715 ", 222 
Bertie, NC, 558 , 13 
Bladen, NC," 1,591 ", 207 
Brunswick, NC," 2,915 ", 350 
Buncombe, NC," 12,492 "," 1,552 "
Burke, NC," 4,319 ", 343 
Cabarrus, NC," 7,033 "," 1,127 "
Caldwell, NC," 4,440 ", 328 
Camden, NC, 427 , 238 
Carteret, NC," 2,722 ", 507 
Caswell, NC," 1,116 ", 67 
Catawba, NC," 7,146 ", 739 
Chatham, NC," 2,183 ", 722 
Cherokee, NC," 1,050 ", 54 
Chowan, NC, 555 , 41 
Clay, NC, 413 , 43 
Cleveland, NC," 5,614 ", 706 
Columbus, NC," 1,982 ", 161 
Craven, NC," 5,014 ", 764 
Cumberland, NC," 23,952 "," 3,998 "
Currituck, NC, 922 , 122 
Dare, NC, 893 , 187 
Davidson, NC," 5,780 ", 974 
Davie, NC," 1,603 ", 224 
Duplin, NC," 2,217 ", 129 
Durham, NC," 19,757 "," 10,826 "
Edgecombe, NC," 2,517 ", 130 
Forsyth, NC," 20,794 "," 4,826 "
Franklin, NC," 2,938 ", 313 
Gaston, NC," 8,326 "," 1,419 "
Gates, NC, 297 , 49 
Graham, NC, 157 , 37 
Granville, NC," 2,673 ", 221 
Greene, NC," 1,109 ", 73 
Guilford, NC," 35,508 "," 5,760 "
Halifax, NC," 2,023 ", 305 
Harnett, NC," 8,427 "," 1,349 "
Haywood, NC," 2,363 ", 115 
Henderson, NC," 3,423 ", 564 
Hertford, NC," 1,685 ", 103 
Hoke, NC," 2,650 ", 313 
Hyde, NC, 243 , -   
Iredell, NC," 6,022 ", 827 
Jackson, NC," 5,706 ", 743 
Johnston, NC," 6,208 ", 784 
Jones, NC, 396 , 21 
Lee, NC," 2,385 ", 393 
Lenoir, NC," 2,904 ", 359 
Lincoln, NC," 3,187 ", 300 
McDowell, NC," 1,900 ", 164 
Macon, NC," 1,050 ", 180 
Madison, NC," 1,614 ", 239 
Martin, NC," 1,284 ", 123 
Mecklenburg, NC," 49,030 "," 10,972 "
Mitchell, NC, 561 , 12 
Montgomery, NC," 1,101 ", 136 
Moore, NC," 3,875 ", 588 
Nash, NC," 4,682 ", 531 
New Hanover, NC," 18,306 "," 2,185 "
Northampton, NC, 923 , 133 
Onslow, NC," 8,926 ", 829 
Orange, NC," 19,118 "," 5,891 "
Pamlico, NC, 474 , 62 
Pasquotank, NC," 3,772 ", 235 
Pender, NC," 1,885 ", 290 
Perquimans, NC, 721 , 28 
Person, NC," 2,012 ", 265 
Pitt, NC," 23,083 "," 3,261 "
Polk, NC, 462 , 210 
Randolph, NC," 4,974 ", 573 
Richmond, NC," 1,858 ", 197 
Robeson, NC," 6,857 ", 711 
Rockingham, NC," 3,395 ", 359 
Rowan, NC," 6,526 ", 687 
Rutherford, NC," 2,518 ", 321 
Sampson, NC," 2,942 ", 309 
Scotland, NC," 2,114 ", 149 
Stanly, NC," 3,488 ", 242 
Stokes, NC," 1,375 ", 160 
Surry, NC," 2,717 ", 182 
Swain, NC, 674 , 160 
Transylvania, NC," 1,234 ", 52 
Tyrrell, NC, 92 , 13 
Union, NC," 6,932 "," 1,282 "
Vance, NC," 2,050 ", 141 
Wake, NC," 54,871 "," 15,410 "
Warren, NC, 956 , 92 
Washington, NC, 503 , 112 
Watauga, NC," 12,472 ", 821 
Wayne, NC," 6,573 ", 910 
Wilkes, NC," 2,177 ", 409 
Wilson, NC," 4,426 ", 517 
Yadkin, NC," 1,478 ", 238 
Yancey, NC, 599 , 78 
NORTH DAKOTA,," 51,407 "," 7,163 "
Adams, ND, 16 , 5 
Barnes, ND, 595 , 46 
Benson, ND, 254 , 16 
Billings, ND, 27 , -   
Bottineau, ND, 456 , 27 
Bowman, ND, 34 , 2 
Burke, ND, 14 , 6 
Burleigh, ND," 4,994 ", 945 
Cass, ND," 17,443 "," 2,306 "
Cavalier, ND, 108 , 10 
Dickey, ND, 329 , 36 
Divide, ND, 6 , -   
Dunn, ND, 56 , 7 
Eddy, ND, 72 , 6 
Emmons, ND, 28 , 31 
Foster, ND, 63 , 49 
Golden Valley, ND, 68 , 12 
Grand Forks, ND," 12,734 "," 1,626 "
Grant, ND, 63 , 10 
Griggs, ND, 10 , 15 
Hettinger, ND, 12 , 11 
Kidder, ND, 46 , 27 
LaMoure, ND, 72 , 27 
Logan, ND, 29 , 15 
McHenry, ND, 124 , 19 
McIntosh, ND, 42 , 21 
McKenzie, ND, 197 , 52 
McLean, ND, 145 , 31 
Mercer, ND, 168 , 4 
Morton, ND, 990 , 185 
Mountrail, ND, 205 , 24 
Nelson, ND, 99 , 22 
Oliver, ND, 9 , -   
Pembina, ND, 136 , 52 
Pierce, ND, 149 , 1 
Ramsey, ND, 381 , 71 
Ransom, ND, 127 , 20 
Renville, ND, 43 , 15 
Richland, ND," 1,716 ", 52 
Rolette, ND, 460 , 128 
Sargent, ND, 96 , 28 
Sheridan, ND, 8 , -   
Sioux, ND, 237 , 50 
Slope, ND, 30 , -   
Stark, ND," 1,924 ", 212 
Steele, ND, 16 , 7 
Stutsman, ND," 1,423 ", 97 
Towner, ND, 40 , 18 
Traill, ND, 522 , 90 
Walsh, ND, 196 , 28 
Ward, ND," 3,722 ", 593 
Wells, ND, 66 , 20 
Williams, ND, 607 , 88 
OHIO,," 653,397 "," 138,509 "
Adams, OH, 685 , 149 
Allen, OH," 6,493 ", 720 
Ashland, OH," 3,378 ", 781 
Ashtabula, OH," 4,032 ", 687 
Athens, OH," 18,494 "," 2,090 "
Auglaize, OH," 1,539 ", 270 
Belmont, OH," 2,492 ", 437 
Brown, OH," 1,648 ", 379 
Butler, OH," 25,762 "," 4,019 "
Carroll, OH, 841 , 124 
Champaign, OH," 1,231 ", 342 
Clark, OH," 7,091 "," 1,075 "
Clermont, OH," 7,642 "," 1,321 "
Clinton, OH," 2,047 ", 309 
Columbiana, OH," 3,631 ", 576 
Coshocton, OH," 1,092 ", 255 
Crawford, OH," 1,443 ", 274 
Cuyahoga, OH," 68,388 "," 18,756 "
Darke, OH," 1,752 ", 251 
Defiance, OH," 1,777 ", 250 
Delaware, OH," 6,896 "," 2,267 "
Erie, OH," 2,602 ", 441 
Fairfield, OH," 6,496 "," 1,172 "
Fayette, OH, 844 , 131 
Franklin, OH," 78,186 "," 25,704 "
Fulton, OH," 1,860 ", 228 
Gallia, OH," 1,615 ", 182 
Geauga, OH," 3,845 ", 951 
Greene, OH," 19,109 "," 3,104 "
Guernsey, OH," 1,180 ", 165 
Hamilton, OH," 53,128 "," 13,444 "
Hancock, OH," 4,308 "," 1,042 "
Hardin, OH," 3,584 ", 446 
Harrison, OH, 495 , 48 
Henry, OH," 1,138 ", 177 
Highland, OH," 1,125 ", 137 
Hocking, OH," 1,136 ", 140 
Holmes, OH, 500 , 167 
Huron, OH," 1,919 ", 241 
Jackson, OH, 916 , 285 
Jefferson, OH," 4,046 ", 335 
Knox, OH," 4,255 ", 460 
Lake, OH," 10,705 "," 2,971 "
Lawrence, OH," 2,519 ", 462 
Licking, OH," 8,745 "," 1,170 "
Logan, OH," 1,340 ", 303 
Lorain, OH," 16,897 "," 2,588 "
Lucas, OH," 30,143 "," 6,415 "
Madison, OH," 1,318 ", 328 
Mahoning, OH," 11,621 "," 2,091 "
Marion, OH," 2,210 ", 404 
Medina, OH," 7,467 "," 1,753 "
Meigs, OH, 764 , 200 
Mercer, OH," 1,649 ", 237 
Miami, OH," 3,963 ", 821 
Monroe, OH, 544 , 37 
Montgomery, OH," 37,676 "," 7,237 "
Morgan, OH, 452 , 103 
Morrow, OH," 1,169 ", 290 
Muskingum, OH," 4,576 ", 612 
Noble, OH, 481 , 58 
Ottawa, OH," 1,569 ", 320 
Paulding, OH, 655 , 56 
Perry, OH," 1,334 ", 270 
Pickaway, OH," 2,031 ", 418 
Pike, OH," 1,008 ", 190 
Portage, OH," 17,918 "," 2,592 "
Preble, OH," 1,477 ", 340 
Putnam, OH," 1,506 ", 240 
Richland, OH," 4,920 ", 914 
Ross, OH," 3,199 ", 440 
Sandusky, OH," 2,424 ", 286 
Scioto, OH," 4,063 ", 368 
Seneca, OH," 4,134 ", 524 
Shelby, OH," 1,873 ", 420 
Stark, OH," 19,443 "," 3,248 "
Summit, OH," 28,998 "," 6,977 "
Trumbull, OH," 7,960 "," 1,444 "
Tuscarawas, OH," 3,370 ", 474 
Union, OH," 1,675 ", 380 
Van Wert, OH, 928 , 136 
Vinton, OH, 619 , 11 
Warren, OH," 7,330 "," 2,368 "
Washington, OH," 3,774 ", 325 
Wayne, OH," 5,244 ", 763 
Williams, OH," 1,377 ", 162 
Wood, OH," 18,929 "," 2,225 "
Wyandot, OH, 759 , 206 
OKLAHOMA,," 208,560 "," 32,378 "
Adair, OK, 680 , 13 
Alfalfa, OK, 156 , 23 
Atoka, OK, 341 , 41 
Beaver, OK, 39 , 15 
Beckham, OK, 541 , 75 
Blaine, OK, 365 , 63 
Bryan, OK," 3,459 ", 151 
Caddo, OK," 1,403 ", 110 
Canadian, OK," 4,676 ", 859 
Carter, OK," 1,462 ", 203 
Cherokee, OK," 5,591 ", 370 
Choctaw, OK, 316 , 57 
Cimarron, OK, 35 , 11 
Cleveland, OK," 28,477 "," 5,378 "
Coal, OK, 102 , 20 
Comanche, OK," 6,301 ", 848 
Cotton, OK, 177 , 82 
Craig, OK, 547 , 14 
Creek, OK," 2,597 ", 333 
Custer, OK," 3,417 ", 291 
Delaware, OK, 822 , 134 
Dewey, OK, 36 , 4 
Ellis, OK, 64 , 6 
Garfield, OK," 2,048 ", 460 
Garvin, OK, 564 , 104 
Grady, OK," 2,207 ", 382 
Grant, OK, 177 , 36 
Greer, OK, 58 , 28 
Harmon, OK, 59 , 1 
Harper, OK, 57 , 49 
Haskell, OK, 381 , 71 
Hughes, OK, 325 , 25 
Jackson, OK," 1,214 ", 217 
Jefferson, OK, 144 , 12 
Johnston, OK," 1,378 ", 69 
Kay, OK," 2,022 ", 202 
Kingfisher, OK, 503 , 97 
Kiowa, OK, 214 , 3 
Latimer, OK, 677 , 51 
Le Flore, OK," 1,665 ", 178 
Lincoln, OK, 995 , 51 
Logan, OK," 2,260 ", 184 
Love, OK, 223 , 9 
McClain, OK," 1,370 ", 138 
McCurtain, OK, 801 , 166 
McIntosh, OK, 629 , 42 
Major, OK, 66 , 21 
Marshall, OK, 535 , 47 
Mayes, OK," 1,078 ", 157 
Murray, OK, 287 , 50 
Muskogee, OK," 2,682 ", 448 
Noble, OK, 546 , 55 
Nowata, OK, 292 , 27 
Okfuskee, OK, 533 , 51 
Oklahoma, OK," 40,060 "," 7,744 "
Okmulgee, OK," 2,246 ", 116 
Osage, OK," 1,637 ", 127 
Ottawa, OK," 1,517 ", 117 
Pawnee, OK, 368 , 102 
Payne, OK," 19,083 "," 2,654 "
Pittsburg, OK," 1,215 ", 196 
Pontotoc, OK," 3,039 ", 358 
Pottawatomie, OK," 4,406 ", 417 
Pushmataha, OK, 356 , 2 
Roger Mills, OK, 87 , 10 
Rogers, OK," 4,049 ", 434 
Seminole, OK," 1,308 ", 106 
Sequoyah, OK," 1,771 ", 79 
Stephens, OK," 1,264 ", 112 
Texas, OK, 890 , 92 
Tillman, OK, 309 , 32 
Tulsa, OK," 31,157 "," 6,270 "
Wagoner, OK," 2,584 ", 445 
Washington, OK," 1,919 ", 198 
Washita, OK, 255 , 62 
Woods, OK," 1,156 ", 100 
Woodward, OK, 290 , 73 
OREGON,," 209,230 "," 41,599 "
Baker, OR, 326 , 56 
Benton, OR," 16,620 "," 2,081 "
Clackamas, OR," 17,761 "," 3,654 "
Clatsop, OR," 1,741 ", 330 
Columbia, OR," 1,692 ", 245 
Coos, OR," 2,210 ", 234 
Crook, OR, 525 , 82 
Curry, OR, 375 , 47 
Deschutes, OR," 5,320 "," 1,055 "
Douglas, OR," 3,388 ", 337 
Gilliam, OR, 47 , 5 
Grant, OR, 121 , 72 
Harney, OR, 87 , 10 
Hood River, OR, 590 , 217 
Jackson, OR," 9,047 "," 1,205 "
Jefferson, OR, 200 , 118 
Josephine, OR," 2,381 ", 323 
Klamath, OR," 3,692 ", 428 
Lake, OR, 66 , 17 
Lane, OR," 31,647 "," 5,093 "
Lincoln, OR," 1,599 ", 457 
Linn, OR," 4,717 ", 463 
Malheur, OR," 1,306 ", 209 
Marion, OR," 15,025 "," 1,959 "
Morrow, OR, 303 , 53 
Multnomah, OR," 44,166 "," 14,130 "
Polk, OR," 6,240 ", 522 
Sherman, OR, 37 , 11 
Tillamook, OR, 576 , 185 
Umatilla, OR," 2,471 ", 324 
Union, OR," 1,965 ", 159 
Wallowa, OR, 170 , 66 
Wasco, OR, 769 , 55 
Washington, OR," 25,922 "," 6,789 "
Wheeler, OR, 1 , 12 
Yamhill, OR," 6,127 ", 596 
PENNSYLVANIA,," 698,587 "," 162,408 "
Adams, PA," 6,422 ", 810 
Allegheny, PA," 74,491 "," 24,176 "
Armstrong, PA," 2,005 ", 324 
Beaver, PA," 7,246 "," 1,263 "
Bedford, PA," 1,232 ", 300 
Berks, PA," 22,553 "," 3,747 "
Blair, PA," 5,412 ", 718 
Bradford, PA," 1,592 ", 495 
Bucks, PA," 27,577 "," 7,055 "
Butler, PA," 10,448 "," 1,529 "
Cambria, PA," 8,494 ", 863 
Cameron, PA, 146 , 19 
Carbon, PA," 2,025 ", 592 
Centre, PA," 35,612 "," 5,316 "
Chester, PA," 27,063 "," 7,558 "
Clarion, PA," 4,022 ", 245 
Clearfield, PA," 2,409 ", 286 
Clinton, PA," 3,612 ", 455 
Columbia, PA," 7,870 ", 639 
Crawford, PA," 4,025 ", 682 
Cumberland, PA," 17,390 "," 2,707 "
Dauphin, PA," 9,854 "," 3,191 "
Delaware, PA," 37,616 "," 8,974 "
Elk, PA," 1,014 ", 89 
Erie, PA," 18,823 "," 3,493 "
Fayette, PA," 4,735 ", 750 
Forest, PA, 98 , 19 
Franklin, PA," 4,891 "," 1,096 "
Fulton, PA, 392 , 74 
Greene, PA," 1,841 ", 138 
Huntingdon, PA," 2,312 ", 201 
Indiana, PA," 10,728 "," 1,153 "
Jefferson, PA," 1,268 ", 213 
Juniata, PA, 466 , 54 
Lackawanna, PA," 11,926 "," 2,874 "
Lancaster, PA," 23,360 "," 4,183 "
Lawrence, PA," 4,080 ", 712 
Lebanon, PA," 5,136 ", 898 
Lehigh, PA," 16,365 "," 4,004 "
Luzerne, PA," 15,595 "," 3,037 "
Lycoming, PA," 6,876 ", 687 
McKean, PA," 1,416 ", 268 
Mercer, PA," 6,722 ", 938 
Mifflin, PA, 985 , 226 
Monroe, PA," 9,532 "," 1,888 "
Montgomery, PA," 39,357 "," 14,803 "
Montour, PA, 490 , 223 
Northampton, PA," 18,653 "," 3,631 "
Northumberland, PA," 2,340 ", 533 
Perry, PA," 1,231 ", 241 
Philadelphia, PA," 100,152 "," 32,007 "
Pike, PA," 1,728 ", 502 
Potter, PA, 430 , 88 
Schuylkill, PA," 4,297 ", 866 
Snyder, PA," 2,836 ", 284 
Somerset, PA," 2,152 ", 308 
Sullivan, PA, 126 , 2 
Susquehanna, PA," 1,173 ", 229 
Tioga, PA," 2,388 ", 375 
Union, PA," 5,107 ", 218 
Venango, PA," 1,493 ", 298 
Warren, PA," 1,064 ", 193 
Washington, PA," 9,851 "," 1,619 "
Wayne, PA," 1,358 ", 670 
Westmoreland, PA," 16,190 "," 2,693 "
Wyoming, PA," 1,370 ", 184 
York, PA," 17,124 "," 3,502 "
RHODE ISLAND,," 78,402 "," 15,971 "
Bristol, RI," 3,984 ", 997 
Kent, RI," 8,298 "," 1,717 "
Newport, RI," 5,020 "," 1,971 "
Providence, RI," 47,743 "," 9,445 "
Washington, RI," 13,357 "," 1,841 "
SOUTH CAROLINA,," 230,838 "," 43,524 "
Abbeville, SC," 1,467 ", 177 
Aiken, SC," 6,828 "," 1,409 "
Allendale, SC, 288 , 129 
Anderson, SC," 7,471 "," 1,339 "
Bamberg, SC," 1,541 ", 170 
Barnwell, SC, 909 , 116 
Beaufort, SC," 5,774 "," 1,052 "
Berkeley, SC," 7,869 "," 1,285 "
Calhoun, SC, 503 , 96 
Charleston, SC," 22,866 "," 6,678 "
Cherokee, SC," 2,190 ", 489 
Chester, SC, 963 , 203 
Chesterfield, SC," 1,331 ", 126 
Clarendon, SC," 1,120 ", 194 
Colleton, SC," 1,565 ", 179 
Darlington, SC," 2,584 ", 600 
Dillon, SC," 1,003 ", 88 
Dorchester, SC," 5,823 "," 1,029 "
Edgefield, SC, 886 , 105 
Fairfield, SC, 818 , 132 
Florence, SC," 6,322 ", 969 
Georgetown, SC," 2,083 ", 434 
Greenville, SC," 22,269 "," 4,338 "
Greenwood, SC," 4,015 ", 454 
Hampton, SC, 876 , 51 
Horry, SC," 10,184 "," 1,270 "
Jasper, SC, 451 , 160 
Kershaw, SC," 1,820 ", 449 
Lancaster, SC," 1,885 ", 517 
Laurens, SC," 3,457 ", 213 
Lee, SC, 399 , 122 
Lexington, SC," 11,424 "," 2,158 "
McCormick, SC, 311 , 10 
Marion, SC, 926 , 207 
Marlboro, SC, 819 , 56 
Newberry, SC," 1,529 ", 246 
Oconee, SC," 2,932 ", 418 
Orangeburg, SC," 6,691 ", 780 
Pickens, SC," 16,240 "," 2,366 "
Richland, SC," 29,529 "," 8,466 "
Saluda, SC, 657 , 38 
Spartanburg, SC," 13,688 "," 1,875 "
Sumter, SC," 5,605 ", 584 
Union, SC," 1,217 ", 112 
Williamsburg, SC," 1,170 ", 79 
York, SC," 10,540 "," 1,556 "
SOUTH DAKOTA,," 45,491 "," 7,427 "
Aurora, SD, 43 , 9 
Beadle, SD, 197 , 70 
Bennett, SD, 174 , -   
Bon Homme, SD, 101 , 5 
Brookings, SD," 7,659 ", 775 
Brown, SD," 2,299 ", 164 
Brule, SD, 122 , 86 
Buffalo, SD, 48 , -   
Butte, SD, 332 , 22 
Campbell, SD, 7 , 5 
Charles Mix, SD, 137 , 48 
Clark, SD, 33 , 16 
Clay, SD," 4,221 ", 916 
Codington, SD," 1,094 ", 96 
Corson, SD, 165 , 8 
Custer, SD, 104 , 36 
Davison, SD," 1,089 ", 173 
Day, SD, 172 , 21 
Deuel, SD, 88 , 99 
Dewey, SD, 115 , 36 
Douglas, SD, 55 , 5 
Edmunds, SD, 94 , 12 
Fall River, SD, 168 , 31 
Faulk, SD, 14 , 7 
Grant, SD, 59 , -   
Gregory, SD, 58 , 16 
Haakon, SD, 7 , -   
Hamlin, SD, 168 , 26 
Hand, SD, 42 , 18 
Hanson, SD, 55 , 21 
Harding, SD, 8 , -   
Hughes, SD, 371 , 99 
Hutchinson, SD, 51 , 18 
Hyde, SD, 18 , -   
Jackson, SD, 38 , 26 
Jerauld, SD, 29 , -   
Jones, SD, 13 , 6 
Kingsbury, SD, 103 , 54 
Lake, SD," 1,145 ", 91 
Lawrence, SD," 2,222 ", 300 
Lincoln, SD," 1,562 ", 305 
Lyman, SD, 59 , 41 
McCook, SD, 158 , 36 
McPherson, SD, 33 , -   
Marshall, SD, 123 , 26 
Meade, SD," 1,115 ", 128 
Mellette, SD, 87 , 16 
Miner, SD, 55 , 27 
Minnehaha, SD," 9,501 "," 1,774 "
Moody, SD, 197 , 34 
Pennington, SD," 5,266 ", 827 
Perkins, SD, 60 , 14 
Potter, SD, 13 , 3 
Roberts, SD, 342 , 51 
Sanborn, SD, 59 , 4 
Shannon, SD, 621 , 65 
Spink, SD, 133 , 44 
Stanley, SD, 28 , 19 
Sully, SD, 22 , -   
Todd, SD, 738 , 228 
Tripp, SD, 89 , 5 
Turner, SD, 251 , 79 
Union, SD, 467 , 118 
Walworth, SD, 105 , 39 
Yankton, SD," 1,374 ", 203 
Ziebach, SD, 115 , 26 
TENNESSEE,," 302,179 "," 61,203 "
Anderson, TN," 2,074 ", 351 
Bedford, TN, 929 , 197 
Benton, TN, 305 , 10 
Bledsoe, TN, 414 , 61 
Blount, TN," 5,105 ", 942 
Bradley, TN," 6,198 ", 983 
Campbell, TN," 1,133 ", 219 
Cannon, TN, 292 , 50 
Carroll, TN, 827 , 111 
Carter, TN," 2,931 ", 577 
Cheatham, TN," 1,230 ", 266 
Chester, TN," 1,465 ", 170 
Claiborne, TN," 1,289 ", 242 
Clay, TN, 90 , 68 
Cocke, TN, 898 , 151 
Coffee, TN," 1,688 ", 430 
Crockett, TN, 361 , 47 
Cumberland, TN, 996 , 317 
Davidson, TN," 40,860 "," 11,851 "
Decatur, TN, 375 , -   
DeKalb, TN, 969 , 62 
Dickson, TN," 1,399 ", 176 
Dyer, TN," 1,322 ", 97 
Fayette, TN," 1,181 ", 148 
Fentress, TN, 354 , 108 
Franklin, TN," 2,138 ", 353 
Gibson, TN," 1,437 ", 289 
Giles, TN," 1,195 ", 80 
Grainger, TN, 593 , 47 
Greene, TN," 1,756 ", 442 
Grundy, TN, 216 , 118 
Hamblen, TN," 1,956 ", 294 
Hamilton, TN," 17,774 "," 3,099 "
Hancock, TN, 160 , 24 
Hardeman, TN, 872 , 75 
Hardin, TN, 797 , 76 
Hawkins, TN," 2,225 ", 192 
Haywood, TN, 443 , 100 
Henderson, TN," 1,051 ", 64 
Henry, TN, 771 , 208 
Hickman, TN, 717 , 10 
Houston, TN, 211 , -   
Humphreys, TN, 436 , 67 
Jackson, TN, 337 , 22 
Jefferson, TN," 2,512 ", 402 
Johnson, TN, 167 , 60 
Knox, TN," 34,472 "," 6,933 "
Lake, TN, 195 , 13 
Lauderdale, TN, 785 , 42 
Lawrence, TN," 1,439 ", 293 
Lewis, TN, 285 , 41 
Lincoln, TN, 971 , 106 
Loudon, TN, 937 , 199 
McMinn, TN," 1,427 ", 194 
McNairy, TN, 883 , 58 
Macon, TN, 556 , 73 
Madison, TN," 5,325 ", 926 
Marion, TN, 893 , 64 
Marshall, TN, 894 , 105 
Maury, TN," 3,024 ", 323 
Meigs, TN, 339 , 67 
Monroe, TN," 1,151 ", 202 
Montgomery, TN," 11,332 "," 1,661 "
Moore, TN, 164 , -   
Morgan, TN, 411 , 60 
Obion, TN," 1,002 ", 143 
Overton, TN, 601 , 114 
Perry, TN, 320 , 11 
Pickett, TN, 110 , 49 
Polk, TN, 485 , 9 
Putnam, TN," 7,442 ", 595 
Rhea, TN," 1,197 ", 172 
Roane, TN," 1,725 ", 95 
Robertson, TN," 1,681 ", 371 
Rutherford, TN," 17,815 "," 3,317 "
Scott, TN, 658 , 94 
Sequatchie, TN, 708 , 239 
Sevier, TN," 2,371 ", 447 
Shelby, TN," 46,000 "," 12,980 "
Smith, TN, 519 , 87 
Stewart, TN, 420 , 84 
Sullivan, TN," 5,915 "," 1,091 "
Sumner, TN," 5,717 ", 931 
Tipton, TN," 2,277 ", 320 
Trousdale, TN, 165 , -   
Unicoi, TN, 656 , 133 
Union, TN, 328 , 53 
Van Buren, TN, 165 , 4 
Warren, TN," 1,045 ", 182 
Washington, TN," 8,501 "," 1,845 "
Wayne, TN, 537 , 70 
Weakley, TN," 3,875 ", 379 
White, TN, 615 , 87 
Williamson, TN," 6,822 "," 1,630 "
Wilson, TN," 4,575 ", 655 
TEXAS,," 1,300,293 "," 241,057 "
Anderson, TX," 2,303 ", 201 
Andrews, TX, 359 , 61 
Angelina, TX," 3,128 ", 301 
Aransas, TX, 701 , 162 
Archer, TX, 214 , 76 
Armstrong, TX, 52 , -   
Atascosa, TX," 1,593 ", 113 
Austin, TX, 827 , 50 
Bailey, TX, 194 , 11 
Bandera, TX, 480 , 106 
Bastrop, TX," 2,061 ", 305 
Baylor, TX, 105 , -   
Bee, TX," 1,427 ", 166 
Bell, TX," 18,489 "," 1,942 "
Bexar, TX," 101,083 "," 18,128 "
Blanco, TX, 298 , 51 
Borden, TX, 15 , -   
Bosque, TX, 351 , 56 
Bowie, TX," 4,245 ", 666 
Brazoria, TX," 13,772 "," 2,867 "
Brazos, TX," 44,660 "," 6,523 "
Brewster, TX," 1,274 ", 148 
Briscoe, TX, 22 , 16 
Brooks, TX, 79 , 32 
Brown, TX," 1,379 ", 116 
Burleson, TX, 271 , 84 
Burnet, TX, 992 , 143 
Caldwell, TX," 1,045 ", 140 
Calhoun, TX, 615 , 100 
Callahan, TX, 630 , 90 
Cameron, TX," 17,616 "," 1,862 "
Camp, TX, 380 , 67 
Carson, TX, 281 , 68 
Cass, TX, 944 , 190 
Castro, TX, 196 , 6 
Chambers, TX," 1,014 ", 91 
Cherokee, TX," 1,310 ", 89 
Childress, TX, 141 , -   
Clay, TX, 282 , 44 
Cochran, TX, 58 , 8 
Coke, TX, 41 , -   
Coleman, TX, 160 , 20 
Collin, TX," 36,809 "," 9,885 "
Collingsworth, TX, 70 , 29 
Colorado, TX, 569 , 106 
Comal, TX," 3,491 ", 681 
Comanche, TX, 352 , 46 
Concho, TX, 12 , 28 
Cooke, TX," 1,319 ", 169 
Coryell, TX," 4,354 ", 287 
Cottle, TX, 71 , -   
Crane, TX, 67 , 18 
Crockett, TX, 64 , -   
Crosby, TX, 150 , 31 
Culberson, TX, 99 , -   
Dallam, TX, 141 , 18 
Dallas, TX," 106,002 "," 24,732 "
Dawson, TX, 356 , 62 
Deaf Smith, TX, 408 , 53 
Delta, TX, 196 , -   
Denton, TX," 45,353 "," 10,012 "
DeWitt, TX, 655 , 33 
Dickens, TX, 30 , -   
Dimmit, TX, 238 , 106 
Donley, TX, 530 , 34 
Duval, TX, 413 , 31 
Eastland, TX," 1,345 ", 58 
Ector, TX," 6,622 ", 677 
Edwards, TX, 18 , -   
Ellis, TX," 6,636 ", 856 
El Paso, TX," 50,578 "," 7,790 "
Erath, TX," 5,610 ", 320 
Falls, TX, 633 , 64 
Fannin, TX, 999 , 120 
Fayette, TX, 513 , 97 
Fisher, TX, 79 , 15 
Floyd, TX, 106 , 12 
Foard, TX, 5 , -   
Fort Bend, TX," 28,380 "," 6,209 "
Franklin, TX, 583 , 102 
Freestone, TX, 821 , 59 
Frio, TX, 603 , 8 
Gaines, TX, 331 , 84 
Galveston, TX," 15,249 "," 3,317 "
Garza, TX, 157 , -   
Gillespie, TX, 296 , 22 
Glasscock, TX, 53 , -   
Goliad, TX, 147 , 25 
Gonzales, TX, 325 , 52 
Gray, TX, 679 , 66 
Grayson, TX," 6,247 ", 763 
Gregg, TX," 5,432 ", 646 
Grimes, TX, 744 , 43 
Guadalupe, TX," 5,962 "," 1,100 "
Hale, TX," 1,767 ", 177 
Hall, TX, 67 , 4 
Hamilton, TX, 287 , 14 
Hansford, TX, 71 , 22 
Hardeman, TX, 116 , -   
Hardin, TX," 1,550 ", 204 
Harris, TX," 184,565 "," 43,486 "
Harrison, TX," 4,406 ", 483 
Hartley, TX, 75 , 5 
Haskell, TX, 33 , 12 
Hays, TX," 22,325 "," 1,893 "
Hemphill, TX, 107 , -   
Henderson, TX," 3,442 ", 364 
Hidalgo, TX," 32,324 "," 4,240 "
Hill, TX," 1,531 ", 93 
Hockley, TX," 1,771 ", 150 
Hood, TX," 1,563 ", 264 
Hopkins, TX," 1,170 ", 172 
Houston, TX, 587 , 42 
Howard, TX," 1,095 ", 85 
Hudspeth, TX, 94 , 32 
Hunt, TX," 4,120 ", 912 
Hutchinson, TX, 956 , 106 
Irion, TX, 12 , -   
Jack, TX, 66 , 27 
Jackson, TX, 304 , 55 
Jasper, TX, 920 , 122 
Jeff Davis, TX, 8 , 26 
Jefferson, TX," 13,269 "," 1,838 "
Jim Hogg, TX, 136 , 13 
Jim Wells, TX," 1,170 ", 59 
Johnson, TX," 5,864 ", 829 
Jones, TX, 309 , 78 
Karnes, TX, 361 , 10 
Kaufman, TX," 3,943 ", 672 
Kendall, TX," 1,030 ", 236 
Kenedy, TX, 54 , -   
Kent, TX, 8 , -   
Kerr, TX," 1,727 ", 203 
Kimble, TX, 56 , 26 
King, TX, 4 , -   
Kinney, TX, 39 , -   
Kleberg, TX," 4,355 ", 942 
Knox, TX, 82 , 18 
Lamar, TX," 2,294 ", 265 
Lamb, TX, 429 , 51 
Lampasas, TX, 757 , 97 
La Salle, TX, 114 , -   
Lavaca, TX, 398 , 59 
Lee, TX, 368 , 53 
Leon, TX, 337 , 28 
Liberty, TX," 2,100 ", 222 
Limestone, TX, 699 , 62 
Lipscomb, TX, 45 , 15 
Live Oak, TX, 307 , 61 
Llano, TX, 290 , 53 
Loving, TX, -   , -   
Lubbock, TX," 32,333 "," 5,713 "
Lynn, TX, 46 , 6 
McCulloch, TX, 90 , -   
McLennan, TX," 25,238 "," 2,584 "
McMullen, TX, 29 , 7 
Madison, TX, 611 , 20 
Marion, TX, 235 , 3 
Martin, TX, 91 , 10 
Mason, TX, 102 , -   
Matagorda, TX, 975 , 124 
Maverick, TX," 2,503 ", 342 
Medina, TX," 1,983 ", 388 
Menard, TX, 31 , 9 
Midland, TX," 5,872 "," 1,093 "
Milam, TX, 758 , 30 
Mills, TX, 75 , 7 
Mitchell, TX, 193 , 64 
Montague, TX, 313 , 35 
Montgomery, TX," 16,583 "," 2,111 "
Moore, TX, 918 , 71 
Morris, TX, 323 , 51 
Motley, TX, -   , 6 
Nacogdoches, TX," 10,960 ", 801 
Navarro, TX," 2,980 ", 137 
Newton, TX, 331 , 78 
Nolan, TX, 556 , 133 
Nueces, TX," 19,411 "," 2,480 "
Ochiltree, TX, 283 , 27 
Oldham, TX, 85 , -   
Orange, TX," 2,569 ", 361 
Palo Pinto, TX, 700 , 288 
Panola, TX, 732 , 35 
Parker, TX," 4,298 ", 383 
Parmer, TX, 269 , 58 
Pecos, TX, 290 , 34 
Polk, TX," 1,130 ", 79 
Potter, TX," 5,662 ", 675 
Presidio, TX, 123 , 48 
Rains, TX, 379 , 96 
Randall, TX," 9,928 "," 1,821 "
Reagan, TX, 37 , 7 
Real, TX, 64 , 47 
Red River, TX, 505 , 75 
Reeves, TX, 274 , 49 
Refugio, TX, 140 , 48 
Roberts, TX, 21 , 1 
Robertson, TX, 297 , 44 
Rockwall, TX," 3,227 ", 704 
Runnels, TX, 162 , 7 
Rusk, TX," 1,595 ", 81 
Sabine, TX, 276 , 16 
San Augustine, TX, 226 , 33 
San Jacinto, TX, 616 , 70 
San Patricio, TX," 2,732 ", 281 
San Saba, TX, 162 , 22 
Schleicher, TX, 26 , 9 
Scurry, TX, 981 , 49 
Shackelford, TX, 75 , 4 
Shelby, TX, 693 , 98 
Sherman, TX, 56 , 13 
Smith, TX," 12,318 "," 1,478 "
Somervell, TX, 272 , -   
Starr, TX," 2,969 ", 92 
Stephens, TX, 145 , 81 
Sterling, TX, 56 , -   
Stonewall, TX, 14 , 19 
Sutton, TX, 97 , -   
Swisher, TX, 161 , 86 
Tarrant, TX," 86,414 "," 20,082 "
Taylor, TX," 11,602 "," 1,483 "
Terrell, TX, 6 , -   
Terry, TX, 271 , 13 
Throckmorton, TX, 47 , 3 
Titus, TX," 1,595 ", 71 
Tom Green, TX," 7,994 ", 880 
Travis, TX," 68,417 "," 22,818 "
Trinity, TX, 375 , 47 
Tyler, TX, 378 , 4 
Upshur, TX," 1,413 ", 136 
Upton, TX, 52 , 8 
Uvalde, TX," 1,154 ", 67 
Val Verde, TX," 1,842 ", 185 
Van Zandt, TX," 1,414 ", 292 
Victoria, TX," 3,483 ", 529 
Walker, TX," 10,701 ", 464 
Waller, TX," 3,156 ", 181 
Ward, TX, 116 , 23 
Washington, TX," 2,504 ", 94 
Webb, TX," 12,927 "," 1,608 "
Wharton, TX," 1,978 ", 216 
Wheeler, TX, 51 , 5 
Wichita, TX," 7,796 "," 1,247 "
Wilbarger, TX, 549 , 14 
Willacy, TX, 745 , 32 
Williamson, TX," 16,561 "," 3,114 "
Wilson, TX," 1,438 ", 204 
Winkler, TX, 100 , 23 
Wise, TX," 1,769 ", 358 
Wood, TX," 2,401 ", 155 
Yoakum, TX, 32 , 32 
Young, TX, 389 , 57 
Zapata, TX, 325 , 123 
Zavala, TX, 247 , 22 
UTAH,," 213,266 "," 29,515 "
Beaver, UT, 168 , 23 
Box Elder, UT," 2,115 ", 321 
Cache, UT," 19,194 "," 2,016 "
Carbon, UT," 1,389 ", 103 
Daggett, UT, 11 , 5 
Davis, UT," 18,707 "," 2,950 "
Duchesne, UT, 408 , 125 
Emery, UT, 219 , 78 
Garfield, UT, 53 , 36 
Grand, UT, 146 , 68 
Iron, UT," 5,985 ", 322 
Juab, UT, 319 , 67 
Kane, UT, 143 , 72 
Millard, UT, 219 , 82 
Morgan, UT, 381 , 20 
Piute, UT, 14 , 20 
Rich, UT, 74 , 49 
Salt Lake, UT," 62,560 "," 13,665 "
San Juan, UT, 466 , 78 
Sanpete, UT," 2,693 ", 108 
Sevier, UT, 875 , 73 
Summit, UT, 945 , 336 
Tooele, UT," 2,500 ", 252 
Uintah, UT, 858 , 136 
Utah, UT," 71,995 "," 5,883 "
Wasatch, UT, 681 , 213 
Washington, UT," 6,722 ", 784 
Wayne, UT, 58 , 14 
Weber, UT," 13,368 "," 1,616 "
VERMONT,," 40,534 "," 7,814 "
Addison, VT," 2,929 ", 360 
Bennington, VT," 1,862 ", 275 
Caledonia, VT," 1,693 ", 343 
Chittenden, VT," 17,108 "," 2,740 "
Essex, VT, 141 , 47 
Franklin, VT," 1,447 ", 574 
Grand Isle, VT, 217 , 71 
Lamoille, VT," 1,507 ", 274 
Orange, VT," 1,497 ", 420 
Orleans, VT, 869 , 178 
Rutland, VT," 3,997 ", 447 
Washington, VT," 3,580 ", 459 
Windham, VT," 2,001 ", 579 
Windsor, VT," 1,686 "," 1,047 "
VIRGINIA,," 469,097 "," 121,627 "
Accomack, VA," 1,257 ", 123 
Albemarle, VA," 8,409 "," 3,769 "
Alleghany, VA, 677 , 105 
Amelia, VA, 185 , 82 
Amherst, VA," 2,281 ", 161 
Appomattox, VA, 529 , 72 
Arlington, VA," 9,628 "," 9,580 "
Augusta, VA," 2,157 ", 269 
Bath, VA, 132 , -   
Bedford, VA," 2,313 ", 691 
Bland, VA, 176 , 15 
Botetourt, VA," 1,187 ", 159 
Brunswick, VA," 1,255 ", 175 
Buchanan, VA, 882 , 196 
Buckingham, VA, 199 , 2 
Campbell, VA," 2,440 ", 472 
Caroline, VA, 872 , 232 
Carroll, VA," 1,130 ", 162 
Charles City, VA, 214 , 32 
Charlotte, VA, 455 , 169 
Chesterfield, VA," 17,018 "," 3,962 "
Clarke, VA, 380 , 163 
Craig, VA, 161 , 22 
Culpeper, VA," 1,601 ", 468 
Cumberland, VA, 249 , -   
Dickenson, VA, 576 , 162 
Dinwiddie, VA, 690 , 200 
Essex, VA, 191 , 29 
Fairfax, VA," 56,981 "," 22,724 "
Fauquier, VA," 3,123 ", 489 
Floyd, VA, 493 , 141 
Fluvanna, VA, 679 , 161 
Franklin, VA," 2,436 ", 214 
Frederick, VA," 2,661 ", 774 
Giles, VA, 691 , 102 
Gloucester, VA," 1,255 ", 337 
Goochland, VA, 319 , 120 
Grayson, VA, 412 , 36 
Greene, VA, 541 , 53 
Greensville, VA, 326 , 34 
Halifax, VA," 1,222 ", 232 
Hanover, VA," 5,370 ", 920 
Henrico, VA," 13,580 "," 4,672 "
Henry, VA," 1,723 ", 173 
Highland, VA, 40 , 4 
Isle of Wight, VA," 1,562 ", 462 
James City, VA," 2,102 "," 1,021 "
King and Queen, VA, 179 , 29 
King George, VA, 832 , 332 
King William, VA, 548 , 29 
Lancaster, VA, 237 , 44 
Lee, VA, 849 , 100 
Loudoun, VA," 13,127 "," 4,866 "
Louisa, VA, 810 , 218 
Lunenburg, VA, 549 , 34 
Madison, VA, 468 , 317 
Mathews, VA, 279 , 26 
Mecklenburg, VA," 1,030 ", 218 
Middlesex, VA, 148 , 37 
Montgomery, VA," 26,440 "," 4,064 "
Nelson, VA, 190 , 74 
New Kent, VA, 641 , 108 
Northampton, VA, 298 , 44 
Northumberland, VA, 128 , 112 
Nottoway, VA, 626 , 172 
Orange, VA, 795 , 179 
Page, VA, 609 , 96 
Patrick, VA, 862 , 56 
Pittsylvania, VA," 2,157 ", 470 
Powhatan, VA, 300 , 199 
Prince Edward, VA," 4,378 ", 146 
Prince George, VA," 1,988 ", 279 
Prince William, VA," 18,073 "," 5,643 "
Pulaski, VA," 1,281 ", 291 
Rappahannock, VA, 351 , 33 
Richmond, VA, 376 , 18 
Roanoke, VA," 3,494 "," 1,001 "
Rockbridge, VA," 1,102 ", 152 
Rockingham, VA," 3,362 ", 543 
Russell, VA," 1,295 ", 116 
Scott, VA, 609 , 103 
Shenandoah, VA," 1,081 ", 301 
Smyth, VA," 1,173 ", 213 
Southampton, VA, 574 , 102 
Spotsylvania, VA," 5,664 "," 1,220 "
Stafford, VA," 5,859 "," 2,186 "
Surry, VA, 293 , 69 
Sussex, VA, 545 , 150 
Tazewell, VA," 1,683 ", 393 
Warren, VA," 1,795 ", 411 
Washington, VA," 2,753 ", 363 
Westmoreland, VA, 655 , 167 
Wise, VA," 1,824 ", 133 
Wythe, VA, 892 , 125 
York, VA," 3,737 "," 1,012 "
Alexandria, VA," 6,810 "," 5,345 "
Bedford, VA, 210 , 38 
Bristol, VA, 833 , 147 
Buena Vista, VA, 342 , 68 
Charlottesville, VA," 8,609 "," 2,604 "
Chesapeake, VA," 12,151 "," 2,690 "
Clifton Forge, VA, -   , -   
Colonial Heights, VA, 757 , 92 
Covington, VA, 149 , 57 
Danville, VA," 2,459 ", 291 
Emporia, VA, 141 , 6 
Fairfax, VA," 1,709 ", 446 
Falls Church, VA, 620 , 344 
Franklin, VA, 261 , 73 
Fredericksburg, VA," 3,357 ", 213 
Galax, VA, 344 , 37 
Hampton, VA," 12,798 "," 1,935 "
Harrisonburg, VA," 15,783 ", 630 
Hopewell, VA," 1,116 ", 81 
Lexington, VA," 3,219 ", 205 
Lynchburg, VA," 11,120 "," 1,319 "
Manassas, VA," 1,268 ", 313 
Manassas Park, VA, 416 , 161 
Martinsville, VA, 566 , 101 
Newport News, VA," 15,185 "," 2,365 "
Norfolk, VA," 19,843 "," 3,582 "
Norton, VA, 121 , 25 
Petersburg, VA," 1,053 ", 186 
Poquoson, VA, 485 , 140 
Portsmouth, VA," 5,462 "," 1,404 "
Radford, VA," 7,259 ", 280 
Richmond, VA," 18,876 "," 4,828 "
Roanoke, VA," 4,513 ", 836 
Salem, VA," 2,714 ", 269 
South Boston, VA, -   , -   
Staunton, VA," 1,259 ", 170 
Suffolk, VA," 3,241 "," 1,093 "
Virginia Beach, VA," 27,429 "," 6,775 "
Waynesboro, VA, 619 , 181 
Williamsburg, VA," 4,986 ", 683 
Winchester, VA," 1,315 ", 479 
WASHINGTON,," 351,303 "," 68,847 "
Adams, WA, 327 , 60 
Asotin, WA, 789 , 117 
Benton, WA," 6,916 "," 1,119 "
Chelan, WA," 2,065 ", 203 
Clallam, WA," 2,627 ", 466 
Clark, WA," 18,563 "," 3,212 "
Columbia, WA, 69 , 26 
Cowlitz, WA," 4,536 ", 320 
Douglas, WA," 1,451 ", 143 
Ferry, WA, 226 , 17 
Franklin, WA," 2,612 ", 344 
Garfield, WA, 53 , 8 
Grant, WA," 2,612 ", 448 
Grays Harbor, WA," 2,621 ", 289 
Island, WA," 3,376 ", 441 
Jefferson, WA, 738 , 207 
King, WA," 105,288 "," 32,007 "
Kitsap, WA," 10,802 "," 1,907 "
Kittitas, WA," 8,153 ", 613 
Klickitat, WA, 766 , 42 
Lewis, WA," 2,389 ", 384 
Lincoln, WA, 230 , 20 
Mason, WA," 2,614 ", 370 
Okanogan, WA, 920 , 104 
Pacific, WA, 562 , 74 
Pend Oreille, WA, 302 , 20 
Pierce, WA," 39,651 "," 6,748 "
San Juan, WA, 290 , 82 
Skagit, WA," 4,618 ", 635 
Skamania, WA, 393 , 23 
Snohomish, WA," 29,797 "," 5,341 "
Spokane, WA," 31,275 "," 4,714 "
Stevens, WA, 952 , 181 
Thurston, WA," 12,943 "," 2,224 "
Wahkiakum, WA, 96 , 19 
Walla Walla, WA," 5,698 ", 346 
Whatcom, WA," 22,425 "," 1,749 "
Whitman, WA," 14,260 "," 2,509 "
Yakima, WA," 7,298 "," 1,315 "
WEST VIRGINIA,," 92,815 "," 17,515 "
Barbour, WV, 885 , 71 
Berkeley, WV," 3,943 "," 1,131 "
Boone, WV, 384 , 89 
Braxton, WV, 255 , 49 
Brooke, WV," 1,233 ", 144 
Cabell, WV," 9,227 "," 1,469 "
Calhoun, WV, 148 , 28 
Clay, WV, 163 , 56 
Doddridge, WV, 243 , 18 
Fayette, WV," 2,153 ", 160 
Gilmer, WV, 878 , 38 
Grant, WV, 310 , 68 
Greenbrier, WV," 1,130 ", 554 
Hampshire, WV, 612 , 144 
Hancock, WV," 1,033 ", 157 
Hardy, WV, 350 , 23 
Harrison, WV," 2,304 ", 495 
Jackson, WV," 1,106 ", 281 
Jefferson, WV," 3,737 ", 763 
Kanawha, WV," 7,834 "," 1,891 "
Lewis, WV, 600 , 63 
Lincoln, WV, 537 , 81 
Logan, WV, 679 , 181 
McDowell, WV, 365 , 141 
Marion, WV," 4,454 ", 472 
Marshall, WV," 1,367 ", 169 
Mason, WV, 768 , 212 
Mercer, WV," 2,714 ", 723 
Mineral, WV," 1,186 ", 269 
Mingo, WV, 561 , 66 
Monongalia, WV," 18,822 "," 3,794 "
Monroe, WV, 322 , 63 
Morgan, WV, 425 , 78 
Nicholas, WV, 850 , 81 
Ohio, WV," 2,820 ", 513 
Pendleton, WV, 131 , 30 
Pleasants, WV, 391 , 17 
Pocahontas, WV, 132 , 28 
Preston, WV, 655 , 198 
Putnam, WV," 2,005 ", 464 
Raleigh, WV," 3,721 ", 418 
Randolph, WV," 1,002 ", 309 
Ritchie, WV, 288 , 19 
Roane, WV, 324 , 21 
Summers, WV, 585 , 64 
Taylor, WV, 540 , 29 
Tucker, WV, 186 , 16 
Tyler, WV, 183 , 20 
Upshur, WV," 2,009 ", 120 
Wayne, WV," 1,667 ", 227 
Webster, WV, 47 , 9 
Wetzel, WV, 418 , 142 
Wirt, WV, 204 , 60 
Wood, WV," 3,238 ", 724 
Wyoming, WV, 691 , 65 
WISCONSIN,," 343,390 "," 62,891 "
Adams, WI, 501 , 77 
Ashland, WI," 1,045 ", 135 
Barron, WI," 1,567 ", 251 
Bayfield, WI, 338 , 83 
Brown, WI," 15,006 "," 2,226 "
Buffalo, WI, 359 , 73 
Burnett, WI, 347 , 90 
Calumet, WI," 1,306 ", 316 
Chippewa, WI," 2,220 ", 442 
Clark, WI, 736 , 120 
Columbia, WI," 1,777 ", 472 
Crawford, WI, 707 , 126 
Dane, WI," 53,998 "," 14,319 "
Dodge, WI," 3,098 ", 473 
Door, WI, 621 , 229 
Douglas, WI," 3,057 ", 368 
Dunn, WI," 7,471 ", 447 
Eau Claire, WI," 13,258 ", 866 
Florence, WI, 149 , 59 
Fond du Lac, WI," 5,596 ", 714 
Forest, WI, 317 , 75 
Grant, WI," 6,263 ", 261 
Green, WI," 1,153 ", 226 
Green Lake, WI, 500 , 86 
Iowa, WI, 548 , 130 
Iron, WI, 151 , 15 
Jackson, WI, 447 , 116 
Jefferson, WI," 5,790 ", 682 
Juneau, WI, 833 , 79 
Kenosha, WI," 10,467 "," 1,836 "
Kewaunee, WI, 825 , 90 
La Crosse, WI," 13,355 "," 1,097 "
Lafayette, WI, 471 , 108 
Langlade, WI, 600 , 117 
Lincoln, WI, 802 , 84 
Manitowoc, WI," 3,233 ", 526 
Marathon, WI," 5,514 "," 1,112 "
Marinette, WI," 1,680 ", 565 
Marquette, WI, 303 , 39 
Menominee, WI, 162 , 18 
Milwaukee, WI," 59,698 "," 14,093 "
Monroe, WI," 1,192 ", 244 
Oconto, WI," 1,057 ", 258 
Oneida, WI," 1,036 ", 203 
Outagamie, WI," 9,194 "," 1,459 "
Ozaukee, WI," 4,366 "," 1,165 "
Pepin, WI, 252 , 50 
Pierce, WI," 6,038 ", 362 
Polk, WI," 1,530 ", 362 
Portage, WI," 10,518 ", 620 
Price, WI, 437 , 43 
Racine, WI," 9,856 "," 1,494 "
Richland, WI, 551 , 93 
Rock, WI," 7,226 "," 1,248 "
Rusk, WI, 227 , 71 
St. Croix, WI," 3,233 ", 865 
Sauk, WI," 1,648 ", 401 
Sawyer, WI, 350 , 75 
Shawano, WI," 1,471 ", 222 
Sheboygan, WI," 5,068 ", 851 
Taylor, WI, 497 , 130 
Trempealeau, WI, 730 , 214 
Vernon, WI, 641 , 267 
Vilas, WI, 470 , 135 
Walworth, WI," 8,379 ", 969 
Washburn, WI, 291 , 108 
Washington, WI," 5,134 "," 1,059 "
Waukesha, WI," 18,173 "," 4,359 "
Waupaca, WI," 1,659 ", 253 
Waushara, WI, 663 , 106 
Winnebago, WI," 12,439 "," 1,526 "
Wood, WI," 2,795 ", 438 
WYOMING,," 31,268 "," 5,241 "
Albany, WY," 9,971 "," 1,244 "
Big Horn, WY, 292 , 67 
Campbell, WY," 1,186 ", 285 
Carbon, WY, 369 , 93 
Converse, WY, 381 , 47 
Crook, WY, 102 , 35 
Fremont, WY," 1,444 ", 327 
Goshen, WY," 1,004 ", 64 
Hot Springs, WY, 20 , -   
Johnson, WY, 251 , 70 
Laramie, WY," 5,401 ", 976 
Lincoln, WY, 358 , 139 
Natrona, WY," 4,033 ", 708 
Niobrara, WY, 50 , -   
Park, WY," 1,778 ", 186 
Platte, WY, 274 , 48 
Sheridan, WY," 1,096 ", 283 
Sublette, WY, 211 , 59 
Sweetwater, WY," 1,939 ", 369 
Teton, WY, 257 , 75 
Uinta, WY, 529 , 92 
Washakie, WY, 139 , 37 
Weston, WY, 183 , 37 
