Areaname,,Number of violent crimes known to police 2008
UNITED STATES,,1355301
ALABAMA,,19764
Autauga, AL,116
Baldwin, AL,306
Barbour, AL,31
Bibb, AL,44
Blount, AL,27
Bullock, AL,44
Butler, AL,73
Calhoun, AL,777
Chambers, AL,193
Cherokee, AL,18
Chilton, AL,395
Choctaw, AL,0
Clarke, AL,35
Clay, AL,13
Cleburne, AL,46
Coffee, AL,123
Colbert, AL,343
Conecuh, AL,27
Coosa, AL,24
Covington, AL,94
Crenshaw, AL,25
Cullman, AL,151
Dale, AL,177
Dallas, AL,339
DeKalb, AL,122
Elmore, AL,144
Escambia, AL,187
Etowah, AL,374
Fayette, AL,25
Franklin, AL,64
Geneva, AL,59
Greene, AL,98
Hale, AL,76
Henry, AL,57
Houston, AL,432
Jackson, AL,93
Jefferson, AL,5389
Lamar, AL,10
Lauderdale, AL,229
Lawrence, AL,46
Lee, AL,617
Limestone, AL,100
Lowndes, AL,11
Macon, AL,222
Madison, AL,1557
Marengo, AL,116
Marion, AL,58
Marshall, AL,256
Mobile, AL,1912
Monroe, AL,121
Montgomery, AL,953
Morgan, AL,345
Perry, AL,82
Pickens, AL,58
Pike, AL,81
Randolph, AL,35
Russell, AL,187
St. Clair, AL,163
Shelby, AL,269
Sumter, AL,11
Talladega, AL,338
Tallapoosa, AL,275
Tuscaloosa, AL,852
Walker, AL,157
Washington, AL,88
Wilcox, AL,20
Winston, AL,54
ALASKA,,4434
Aleutians East, AK,0
Aleutians West, AK,16
Anchorage, AK,3422
Bethel, AK,50
Bristol Bay, AK,0
Denali, AK,0
Dillingham, AK,47
Fairbanks North Star, AK,290
Haines, AK,8
Hoonah-Angoon, AK,6
Juneau, AK,122
Kenai Peninsula, AK,116
Ketchikan Gateway, AK,28
Kodiak Island, AK,37
Lake and Peninsula, AK,0
Matanuska-Susitna, AK,127
Nome, AK,0
North Slope, AK,60
Northwest Arctic, AK,12
Petersburg, AK,23
Prince of Wales-Hyder, AK,16
Sitka, AK,13
Skagway, AK,0
Southeast Fairbanks, AK,0
Valdez-Cordova, AK,41
Wade Hampton, AK,0
Wrangell, AK,0
Yakutat, AK,0
Yukon-Koyukuk, AK,0
ARIZONA,,30947
Apache, AZ,34
Cochise, AZ,669
Coconino, AZ,505
Gila, AZ,264
Graham, AZ,521
Greenlee, AZ,21
La Paz, AZ,159
Maricopa, AZ,18733
Mohave, AZ,717
Navajo, AZ,1435
Pima, AZ,5241
Pinal, AZ,1140
Santa Cruz, AZ,74
Yavapai, AZ,758
Yuma, AZ,676
ARKANSAS,,14264
Arkansas, AR,77
Ashley, AR,57
Baxter, AR,46
Benton, AR,463
Boone, AR,119
Bradley, AR,45
Calhoun, AR,4
Carroll, AR,73
Chicot, AR,81
Clark, AR,78
Clay, AR,17
Cleburne, AR,84
Cleveland, AR,4
Columbia, AR,97
Conway, AR,41
Craighead, AR,311
Crawford, AR,69
Crittenden, AR,749
Cross, AR,112
Dallas, AR,34
Desha, AR,46
Drew, AR,70
Faulkner, AR,308
Franklin, AR,44
Fulton, AR,19
Garland, AR,642
Grant, AR,32
Greene, AR,134
Hempstead, AR,127
Hot Spring, AR,28
Howard, AR,32
Independence, AR,190
Izard, AR,5
Jackson, AR,97
Jefferson, AR,928
Johnson, AR,37
Lafayette, AR,39
Lawrence, AR,41
Lee, AR,30
Lincoln, AR,17
Little River, AR,22
Logan, AR,61
Lonoke, AR,246
Madison, AR,30
Marion, AR,54
Miller, AR,574
Mississippi, AR,433
Monroe, AR,4
Montgomery, AR,4
Nevada, AR,8
Newton, AR,23
Ouachita, AR,86
Perry, AR,16
Phillips, AR,318
Pike, AR,14
Poinsett, AR,136
Polk, AR,39
Pope, AR,162
Prairie, AR,11
Pulaski, AR,3976
Randolph, AR,8
St. Francis, AR,142
Saline, AR,266
Scott, AR,36
Searcy, AR,7
Sebastian, AR,766
Sevier, AR,50
Sharp, AR,46
Stone, AR,8
Union, AR,242
Van Buren, AR,26
Washington, AR,785
White, AR,152
Woodruff, AR,12
Yell, AR,74
CALIFORNIA,,185172
Alameda, CA,12778
Alpine, CA,14
Amador, CA,127
Butte, CA,836
Calaveras, CA,93
Colusa, CA,42
Contra Costa, CA,4597
Del Norte, CA,114
El Dorado, CA,451
Fresno, CA,4287
Glenn, CA,62
Humboldt, CA,459
Imperial, CA,474
Inyo, CA,85
Kern, CA,4631
Kings, CA,614
Lake, CA,298
Lassen, CA,121
Los Angeles, CA,59788
Madera, CA,744
Marin, CA,547
Mariposa, CA,43
Mendocino, CA,560
Merced, CA,1541
Modoc, CA,43
Mono, CA,49
Monterey, CA,1973
Napa, CA,832
Nevada, CA,263
Orange, CA,7637
Placer, CA,801
Plumas, CA,138
Riverside, CA,8267
Sacramento, CA,9259
San Benito, CA,243
San Bernardino, CA,10489
San Diego, CA,12874
San Francisco, CA,6808
San Joaquin, CA,6156
San Luis Obispo, CA,780
San Mateo, CA,2167
Santa Barbara, CA,1653
Santa Clara, CA,5452
Santa Cruz, CA,1247
Shasta, CA,1174
Sierra, CA,8
Siskiyou, CA,152
Solano, CA,2354
Sonoma, CA,2031
Stanislaus, CA,2829
Sutter, CA,340
Tehama, CA,393
Trinity, CA,22
Tulare, CA,2257
Tuolumne, CA,134
Ventura, CA,2137
Yolo, CA,549
Yuba, CA,355
COLORADO,,16484
Adams, CO,1627
Alamosa, CO,74
Arapahoe, CO,1996
Archuleta, CO,14
Baca, CO,3
Bent, CO,10
Boulder, CO,599
Broomfield, CO,37
Chaffee, CO,19
Cheyenne, CO,1
Clear Creek, CO,38
Conejos, CO,0
Costilla, CO,0
Crowley, CO,6
Custer, CO,14
Delta, CO,80
Denver, CO,3379
Dolores, CO,0
Douglas, CO,326
Eagle, CO,100
Elbert, CO,10
El Paso, CO,2955
Fremont, CO,145
Garfield, CO,110
Gilpin, CO,12
Grand, CO,39
Gunnison, CO,51
Hinsdale, CO,1
Huerfano, CO,9
Jackson, CO,3
Jefferson, CO,1521
Kiowa, CO,0
Kit Carson, CO,14
Lake, CO,21
La Plata, CO,175
Larimer, CO,796
Las Animas, CO,45
Lincoln, CO,10
Logan, CO,41
Mesa, CO,471
Mineral, CO,0
Moffat, CO,40
Montezuma, CO,116
Montrose, CO,76
Morgan, CO,36
Otero, CO,39
Ouray, CO,23
Park, CO,20
Phillips, CO,2
Pitkin, CO,52
Prowers, CO,45
Pueblo, CO,217
Rio Blanco, CO,24
Rio Grande, CO,26
Routt, CO,82
Saguache, CO,15
San Juan, CO,4
San Miguel, CO,13
Sedgwick, CO,7
Summit, CO,80
Teller, CO,24
Washington, CO,8
Weld, CO,771
Yuma, CO,12
CONNECTICUT,,10737
Fairfield, CT,2875
Hartford, CT,2824
Litchfield, CT,590
Middlesex, CT,130
New Haven, CT,3657
New London, CT,518
Tolland, CT,47
Windham, CT,96
DELAWARE,,6187
Kent, DE,1044
New Castle, DE,4057
Sussex, DE,1086
DISTRICT OF COLUMBIA,,8509
District of Columbia,,8509
FLORIDA,,126080
Alachua, FL,2003
Baker, FL,75
Bay, FL,1076
Bradford, FL,152
Brevard, FL,3690
Broward, FL,10637
Calhoun, FL,30
Charlotte, FL,530
Citrus, FL,478
Clay, FL,927
Collier, FL,1174
Columbia, FL,447
DeSoto, FL,255
Dixie, FL,95
Duval, FL,8388
Escambia, FL,2727
Flagler, FL,273
Franklin, FL,30
Gadsden, FL,537
Gilchrist, FL,45
Glades, FL,56
Gulf, FL,74
Hamilton, FL,99
Hardee, FL,95
Hendry, FL,344
Hernando, FL,649
Highlands, FL,320
Hillsborough, FL,8324
Holmes, FL,45
Indian River, FL,474
Jackson, FL,263
Jefferson, FL,215
Lafayette, FL,19
Lake, FL,1750
Lee, FL,2834
Leon, FL,2308
Levy, FL,281
Liberty, FL,0
Madison, FL,182
Manatee, FL,2886
Marion, FL,2076
Martin, FL,486
Miami-Dade, FL,22005
Monroe, FL,392
Nassau, FL,652
Okaloosa, FL,689
Okeechobee, FL,295
Orange, FL,11896
Osceola, FL,1578
Palm Beach, FL,8659
Pasco, FL,1879
Pinellas, FL,7219
Polk, FL,2831
Putnam, FL,783
St. Johns, FL,703
St. Lucie, FL,1508
Santa Rosa, FL,280
Sarasota, FL,1513
Seminole, FL,1686
Sumter, FL,224
Suwannee, FL,243
Taylor, FL,285
Union, FL,58
Volusia, FL,2962
Wakulla, FL,89
Walton, FL,253
Washington, FL,49
GEORGIA,,45553
Appling, GA,15
Atkinson, GA,23
Bacon, GA,34
Baker, GA,1
Baldwin, GA,413
Banks, GA,131
Barrow, GA,330
Bartow, GA,411
Ben Hill, GA,16
Berrien, GA,45
Bibb, GA,1074
Bleckley, GA,34
Brantley, GA,35
Brooks, GA,148
Bryan, GA,73
Bulloch, GA,442
Burke, GA,116
Butts, GA,66
Calhoun, GA,6
Camden, GA,297
Candler, GA,1
Carroll, GA,910
Catoosa, GA,108
Charlton, GA,26
Chatham, GA,1518
Chattahoochee, GA,0
Chattooga, GA,49
Cherokee, GA,175
Clarke, GA,537
Clay, GA,3
Clayton, GA,1842
Clinch, GA,11
Cobb, GA,2293
Coffee, GA,219
Colquitt, GA,137
Columbia, GA,137
Cook, GA,64
Coweta, GA,296
Crawford, GA,42
Crisp, GA,152
Dade, GA,47
Dawson, GA,19
Decatur, GA,148
DeKalb, GA,5782
Dodge, GA,106
Dooly, GA,56
Dougherty, GA,937
Douglas, GA,337
Early, GA,66
Echols, GA,11
Effingham, GA,37
Elbert, GA,86
Emanuel, GA,8
Evans, GA,9
Fannin, GA,53
Fayette, GA,99
Floyd, GA,271
Forsyth, GA,144
Franklin, GA,43
Fulton, GA,9855
Gilmer, GA,50
Glascock, GA,1
Glynn, GA,644
Gordon, GA,108
Grady, GA,43
Greene, GA,51
Gwinnett, GA,2597
Habersham, GA,84
Hall, GA,404
Hancock, GA,12
Haralson, GA,131
Harris, GA,26
Hart, GA,99
Heard, GA,19
Henry, GA,541
Houston, GA,452
Irwin, GA,32
Jackson, GA,134
Jasper, GA,26
Jeff Davis, GA,57
Jefferson, GA,63
Jenkins, GA,32
Johnson, GA,41
Jones, GA,47
Lamar, GA,138
Lanier, GA,15
Laurens, GA,268
Lee, GA,19
Liberty, GA,271
Lincoln, GA,17
Long, GA,34
Lowndes, GA,397
Lumpkin, GA,49
McDuffie, GA,89
McIntosh, GA,57
Macon, GA,37
Madison, GA,90
Marion, GA,32
Meriwether, GA,64
Miller, GA,15
Mitchell, GA,181
Monroe, GA,55
Montgomery, GA,8
Morgan, GA,19
Murray, GA,57
Muscogee, GA,1275
Newton, GA,409
Oconee, GA,5
Oglethorpe, GA,48
Paulding, GA,379
Peach, GA,184
Pickens, GA,66
Pierce, GA,35
Pike, GA,15
Polk, GA,146
Pulaski, GA,2
Putnam, GA,104
Quitman, GA,7
Rabun, GA,11
Randolph, GA,9
Richmond, GA,1135
Rockdale, GA,422
Schley, GA,12
Screven, GA,42
Seminole, GA,31
Spalding, GA,286
Stephens, GA,61
Stewart, GA,29
Sumter, GA,215
Talbot, GA,3
Taliaferro, GA,3
Tattnall, GA,44
Taylor, GA,22
Telfair, GA,51
Terrell, GA,39
Thomas, GA,126
Tift, GA,313
Toombs, GA,160
Towns, GA,16
Treutlen, GA,22
Troup, GA,262
Turner, GA,9
Twiggs, GA,23
Union, GA,0
Upson, GA,86
Walker, GA,362
Walton, GA,235
Ware, GA,206
Warren, GA,2
Washington, GA,81
Wayne, GA,59
Webster, GA,0
Wheeler, GA,1
White, GA,77
Whitfield, GA,382
Wilcox, GA,10
Wilkes, GA,45
Wilkinson, GA,13
Worth, GA,23
HAWAII,,3510
Hawaii, HI,441
Honolulu, HI,2575
Kalawao, HI,0
Kauai, HI,208
Maui, HI,286
IDAHO,,3642
Ada, ID,892
Adams, ID,7
Bannock, ID,237
Bear Lake, ID,6
Benewah, ID,33
Bingham, ID,49
Blaine, ID,60
Boise, ID,11
Bonner, ID,55
Bonneville, ID,314
Boundary, ID,9
Butte, ID,19
Camas, ID,2
Canyon, ID,522
Caribou, ID,6
Cassia, ID,24
Clark, ID,0
Clearwater, ID,30
Custer, ID,11
Elmore, ID,55
Franklin, ID,7
Fremont, ID,7
Gem, ID,21
Gooding, ID,33
Idaho, ID,19
Jefferson, ID,25
Jerome, ID,36
Kootenai, ID,648
Latah, ID,40
Lemhi, ID,7
Lewis, ID,5
Lincoln, ID,2
Madison, ID,30
Minidoka, ID,34
Nez Perce, ID,50
Oneida, ID,7
Owyhee, ID,27
Payette, ID,28
Power, ID,13
Shoshone, ID,14
Teton, ID,10
Twin Falls, ID,195
Valley, ID,29
Washington, ID,13
ILLINOIS,,50287
Adams, IL,184
Alexander, IL,0
Bond, IL,0
Boone, IL,64
Brown, IL,0
Bureau, IL,0
Calhoun, IL,0
Carroll, IL,0
Cass, IL,0
Champaign, IL,1167
Christian, IL,0
Clark, IL,0
Clay, IL,4
Clinton, IL,21
Coles, IL,0
Cook, IL,37034
Crawford, IL,0
Cumberland, IL,0
DeKalb, IL,165
De Witt, IL,0
Douglas, IL,18
DuPage, IL,660
Edgar, IL,0
Edwards, IL,0
Effingham, IL,42
Fayette, IL,0
Ford, IL,0
Franklin, IL,0
Fulton, IL,0
Gallatin, IL,0
Greene, IL,0
Grundy, IL,82
Hamilton, IL,0
Hancock, IL,0
Hardin, IL,0
Henderson, IL,0
Henry, IL,49
Iroquois, IL,0
Jackson, IL,207
Jasper, IL,0
Jefferson, IL,0
Jersey, IL,0
Jo Daviess, IL,1
Johnson, IL,0
Kane, IL,802
Kankakee, IL,231
Kendall, IL,18
Knox, IL,0
Lake, IL,645
LaSalle, IL,69
Lawrence, IL,0
Lee, IL,12
Livingston, IL,10
Logan, IL,0
McDonough, IL,0
McHenry, IL,132
McLean, IL,463
Macon, IL,698
Macoupin, IL,0
Madison, IL,108
Marion, IL,108
Marshall, IL,0
Mason, IL,0
Massac, IL,0
Menard, IL,0
Mercer, IL,0
Monroe, IL,0
Montgomery, IL,102
Morgan, IL,103
Moultrie, IL,4
Ogle, IL,0
Peoria, IL,797
Perry, IL,0
Piatt, IL,0
Pike, IL,0
Pope, IL,0
Pulaski, IL,0
Putnam, IL,0
Randolph, IL,31
Richland, IL,8
Rock Island, IL,402
St. Clair, IL,130
Saline, IL,37
Sangamon, IL,1642
Schuyler, IL,0
Scott, IL,0
Shelby, IL,0
Stark, IL,5
Stephenson, IL,75
Tazewell, IL,205
Union, IL,7
Vermilion, IL,408
Wabash, IL,0
Warren, IL,0
Washington, IL,82
Wayne, IL,0
White, IL,0
Whiteside, IL,60
Will, IL,803
Williamson, IL,0
Winnebago, IL,2387
Woodford, IL,5
INDIANA,,20485
Adams, IN,8
Allen, IN,885
Bartholomew, IN,70
Benton, IN,1
Blackford, IN,11
Boone, IN,10
Brown, IN,13
Carroll, IN,13
Cass, IN,52
Clark, IN,200
Clay, IN,117
Clinton, IN,15
Crawford, IN,3
Daviess, IN,45
Dearborn, IN,49
Decatur, IN,3
DeKalb, IN,28
Delaware, IN,389
Dubois, IN,8
Elkhart, IN,314
Fayette, IN,27
Floyd, IN,132
Fountain, IN,10
Franklin, IN,6
Fulton, IN,3
Gibson, IN,12
Grant, IN,107
Greene, IN,10
Hamilton, IN,210
Hancock, IN,33
Harrison, IN,13
Hendricks, IN,130
Henry, IN,22
Howard, IN,259
Huntington, IN,48
Jackson, IN,112
Jasper, IN,153
Jay, IN,14
Jefferson, IN,7
Jennings, IN,62
Johnson, IN,313
Knox, IN,29
Kosciusko, IN,53
LaGrange, IN,14
Lake, IN,2154
LaPorte, IN,204
Lawrence, IN,51
Madison, IN,216
Marion, IN,9932
Marshall, IN,15
Martin, IN,15
Miami, IN,8
Monroe, IN,328
Montgomery, IN,65
Morgan, IN,29
Newton, IN,10
Noble, IN,21
Ohio, IN,10
Orange, IN,22
Owen, IN,1
Parke, IN,16
Perry, IN,21
Pike, IN,5
Porter, IN,341
Posey, IN,1
Pulaski, IN,22
Putnam, IN,23
Randolph, IN,25
Ripley, IN,7
Rush, IN,12
St. Joseph, IN,1151
Scott, IN,40
Shelby, IN,43
Spencer, IN,1
Starke, IN,47
Steuben, IN,24
Sullivan, IN,4
Switzerland, IN,14
Tippecanoe, IN,433
Tipton, IN,20
Union, IN,3
Vanderburgh, IN,528
Vermillion, IN,23
Vigo, IN,209
Wabash, IN,38
Warren, IN,3
Warrick, IN,144
Washington, IN,6
Wayne, IN,160
Wells, IN,10
White, IN,8
Whitley, IN,9
IOWA,,8507
Adair, IA,6
Adams, IA,3
Allamakee, IA,2
Appanoose, IA,38
Audubon, IA,6
Benton, IA,4
Black Hawk, IA,691
Boone, IA,95
Bremer, IA,74
Buchanan, IA,16
Buena Vista, IA,47
Butler, IA,4
Calhoun, IA,6
Carroll, IA,11
Cass, IA,16
Cedar, IA,16
Cerro Gordo, IA,41
Cherokee, IA,1
Chickasaw, IA,6
Clarke, IA,12
Clay, IA,2
Clayton, IA,13
Clinton, IA,211
Crawford, IA,11
Dallas, IA,71
Davis, IA,18
Decatur, IA,4
Delaware, IA,38
Des Moines, IA,241
Dickinson, IA,9
Dubuque, IA,417
Emmet, IA,13
Fayette, IA,23
Floyd, IA,11
Franklin, IA,0
Fremont, IA,10
Greene, IA,3
Grundy, IA,3
Guthrie, IA,2
Hamilton, IA,60
Hancock, IA,4
Hardin, IA,19
Harrison, IA,8
Henry, IA,54
Howard, IA,7
Humboldt, IA,3
Ida, IA,9
Iowa, IA,11
Jackson, IA,11
Jasper, IA,37
Jefferson, IA,18
Johnson, IA,412
Jones, IA,10
Keokuk, IA,0
Kossuth, IA,16
Lee, IA,228
Linn, IA,500
Louisa, IA,5
Lucas, IA,22
Lyon, IA,15
Madison, IA,8
Mahaska, IA,49
Marion, IA,66
Marshall, IA,189
Mills, IA,30
Mitchell, IA,11
Monona, IA,0
Monroe, IA,12
Montgomery, IA,11
Muscatine, IA,153
O'Brien, IA,11
Osceola, IA,2
Page, IA,12
Palo Alto, IA,9
Plymouth, IA,28
Pocahontas, IA,1
Polk, IA,1730
Pottawattamie, IA,475
Poweshiek, IA,28
Ringgold, IA,2
Sac, IA,3
Scott, IA,838
Shelby, IA,0
Sioux, IA,8
Story, IA,245
Tama, IA,28
Taylor, IA,0
Union, IA,17
Van Buren, IA,7
Wapello, IA,155
Warren, IA,79
Washington, IA,62
Wayne, IA,9
Webster, IA,197
Winnebago, IA,9
Winneshiek, IA,16
Woodbury, IA,358
Worth, IA,0
Wright, IA,5
KANSAS,,11107
Allen, KS,51
Anderson, KS,25
Atchison, KS,58
Barber, KS,4
Barton, KS,105
Bourbon, KS,50
Brown, KS,37
Butler, KS,187
Chase, KS,3
Chautauqua, KS,11
Cherokee, KS,40
Cheyenne, KS,2
Clark, KS,1
Clay, KS,30
Cloud, KS,18
Coffey, KS,14
Comanche, KS,0
Cowley, KS,147
Crawford, KS,160
Decatur, KS,3
Dickinson, KS,53
Doniphan, KS,13
Douglas, KS,461
Edwards, KS,5
Elk, KS,2
Ellis, KS,73
Ellsworth, KS,11
Finney, KS,245
Ford, KS,159
Franklin, KS,81
Geary, KS,190
Gove, KS,5
Graham, KS,6
Grant, KS,19
Gray, KS,2
Greeley, KS,3
Greenwood, KS,25
Hamilton, KS,0
Harper, KS,8
Harvey, KS,129
Haskell, KS,0
Hodgeman, KS,5
Jackson, KS,38
Jefferson, KS,17
Jewell, KS,0
Johnson, KS,1411
Kearny, KS,13
Kingman, KS,16
Kiowa, KS,5
Labette, KS,117
Lane, KS,3
Leavenworth, KS,438
Lincoln, KS,5
Linn, KS,25
Logan, KS,2
Lyon, KS,112
McPherson, KS,40
Marion, KS,21
Marshall, KS,10
Meade, KS,4
Miami, KS,53
Mitchell, KS,18
Montgomery, KS,138
Morris, KS,7
Morton, KS,15
Nemaha, KS,17
Neosho, KS,34
Ness, KS,2
Norton, KS,3
Osage, KS,28
Osborne, KS,4
Ottawa, KS,14
Pawnee, KS,25
Phillips, KS,6
Pottawatomie, KS,35
Pratt, KS,23
Rawlins, KS,4
Reno, KS,324
Republic, KS,2
Rice, KS,20
Riley, KS,228
Rooks, KS,3
Rush, KS,2
Russell, KS,26
Saline, KS,202
Scott, KS,14
Sedgwick, KS,3296
Seward, KS,109
Shawnee, KS,787
Sheridan, KS,1
Sherman, KS,18
Smith, KS,1
Stafford, KS,9
Stanton, KS,1
Stevens, KS,1
Sumner, KS,57
Thomas, KS,29
Trego, KS,6
Wabaunsee, KS,13
Wallace, KS,0
Washington, KS,6
Wichita, KS,10
Wilson, KS,19
Woodson, KS,10
Wyandotte, KS,769
KENTUCKY,,12274
Adair, KY,8
Allen, KY,16
Anderson, KY,18
Ballard, KY,8
Barren, KY,50
Bath, KY,4
Bell, KY,28
Boone, KY,182
Bourbon, KY,36
Boyd, KY,136
Boyle, KY,49
Bracken, KY,5
Breathitt, KY,3
Breckinridge, KY,3
Bullitt, KY,89
Butler, KY,4
Caldwell, KY,34
Calloway, KY,46
Campbell, KY,186
Carlisle, KY,0
Carroll, KY,7
Carter, KY,15
Casey, KY,11
Christian, KY,249
Clark, KY,56
Clay, KY,6
Clinton, KY,4
Crittenden, KY,1
Cumberland, KY,0
Daviess, KY,133
Edmonson, KY,3
Elliott, KY,0
Estill, KY,3
Fayette, KY,1802
Fleming, KY,13
Floyd, KY,12
Franklin, KY,1315
Fulton, KY,14
Gallatin, KY,3
Garrard, KY,4
Grant, KY,5
Graves, KY,55
Grayson, KY,17
Green, KY,0
Greenup, KY,34
Hancock, KY,1
Hardin, KY,353
Harlan, KY,31
Harrison, KY,32
Hart, KY,4
Henderson, KY,80
Henry, KY,5
Hickman, KY,0
Hopkins, KY,55
Jackson, KY,3
Jefferson, KY,4614
Jessamine, KY,91
Johnson, KY,5
Kenton, KY,601
Knott, KY,0
Knox, KY,18
Larue, KY,15
Laurel, KY,36
Lawrence, KY,8
Lee, KY,1
Leslie, KY,0
Letcher, KY,5
Lewis, KY,14
Lincoln, KY,5
Livingston, KY,5
Logan, KY,60
Lyon, KY,5
McCracken, KY,178
McCreary, KY,6
McLean, KY,4
Madison, KY,150
Magoffin, KY,2
Marion, KY,31
Marshall, KY,28
Martin, KY,2
Mason, KY,45
Meade, KY,8
Menifee, KY,0
Mercer, KY,20
Metcalfe, KY,3
Monroe, KY,4
Montgomery, KY,42
Morgan, KY,3
Muhlenberg, KY,12
Nelson, KY,54
Nicholas, KY,1
Ohio, KY,14
Oldham, KY,36
Owen, KY,2
Owsley, KY,0
Pendleton, KY,3
Perry, KY,24
Pike, KY,24
Powell, KY,5
Pulaski, KY,70
Robertson, KY,0
Rockcastle, KY,11
Rowan, KY,24
Russell, KY,20
Scott, KY,47
Shelby, KY,72
Simpson, KY,43
Spencer, KY,7
Taylor, KY,53
Todd, KY,4
Trigg, KY,17
Trimble, KY,0
Union, KY,9
Warren, KY,358
Washington, KY,8
Wayne, KY,24
Webster, KY,6
Whitley, KY,38
Wolfe, KY,0
Woodford, KY,48
LOUISIANA,,28002
Acadia, LA,288
Allen, LA,43
Ascension, LA,406
Assumption, LA,151
Avoyelles, LA,150
Beauregard, LA,110
Bienville, LA,43
Bossier, LA,1493
Caddo, LA,2064
Calcasieu, LA,871
Caldwell, LA,62
Cameron, LA,49
Catahoula, LA,150
Claiborne, LA,131
Concordia, LA,172
De Soto, LA,502
East Baton Rouge, LA,3562
East Carroll, LA,61
East Feliciana, LA,45
Evangeline, LA,121
Franklin, LA,11
Grant, LA,23
Iberia, LA,400
Iberville, LA,229
Jackson, LA,10
Jefferson, LA,2865
Jefferson Davis, LA,139
Lafayette, LA,1701
Lafourche, LA,277
La Salle, LA,29
Lincoln, LA,217
Livingston, LA,256
Madison, LA,140
Morehouse, LA,147
Natchitoches, LA,334
Orleans, LA,2893
Ouachita, LA,758
Plaquemines, LA,55
Pointe Coupee, LA,56
Rapides, LA,1016
Red River, LA,43
Richland, LA,9
Sabine, LA,40
St. Bernard, LA,139
St. Charles, LA,172
St. Helena, LA,86
St. James, LA,204
St. John the Baptist, LA,161
St. Landry, LA,168
St. Martin, LA,257
St. Mary, LA,438
St. Tammany, LA,623
Tangipahoa, LA,1668
Tensas, LA,0
Terrebonne, LA,645
Union, LA,91
Vermilion, LA,299
Vernon, LA,239
Washington, LA,336
Webster, LA,99
West Baton Rouge, LA,105
West Carroll, LA,28
West Feliciana, LA,51
Winn, LA,71
MAINE,,1572
Androscoggin, ME,159
Aroostook, ME,41
Cumberland, ME,456
Franklin, ME,39
Hancock, ME,35
Kennebec, ME,139
Knox, ME,20
Lincoln, ME,22
Oxford, ME,81
Penobscot, ME,117
Piscataquis, ME,20
Sagadahoc, ME,16
Somerset, ME,52
Waldo, ME,35
Washington, ME,120
York, ME,220
MARYLAND,,35393
Allegany, MD,240
Anne Arundel, MD,3114
Baltimore, MD,4931
Calvert, MD,367
Caroline, MD,123
Carroll, MD,360
Cecil, MD,540
Charles, MD,794
Dorchester, MD,187
Frederick, MD,793
Garrett, MD,71
Harford, MD,879
Howard, MD,705
Kent, MD,113
Montgomery, MD,2231
Prince George's, MD,7400
Queen Anne's, MD,161
St. Mary's, MD,304
Somerset, MD,94
Talbot, MD,158
Washington, MD,442
Wicomico, MD,1010
Worcester, MD,234
Baltimore city, MD,10142
MASSACHUSETTS,,29865
Barnstable, MA,1002
Berkshire, MA,505
Bristol, MA,3308
Dukes, MA,22
Essex, MA,2602
Franklin, MA,269
Hampden, MA,3079
Hampshire, MA,401
Middlesex, MA,3987
Nantucket, MA,31
Norfolk, MA,1232
Plymouth, MA,2035
Suffolk, MA,7989
Worcester, MA,3403
MICHIGAN,,50955
Alcona, MI,12
Alger, MI,10
Allegan, MI,321
Alpena, MI,76
Antrim, MI,20
Arenac, MI,34
Baraga, MI,8
Barry, MI,96
Bay, MI,344
Benzie, MI,34
Berrien, MI,620
Branch, MI,80
Calhoun, MI,983
Cass, MI,114
Charlevoix, MI,33
Cheboygan, MI,39
Chippewa, MI,82
Clare, MI,30
Clinton, MI,87
Crawford, MI,37
Delta, MI,57
Dickinson, MI,18
Eaton, MI,210
Emmet, MI,41
Genesee, MI,3265
Gladwin, MI,65
Gogebic, MI,8
Grand Traverse, MI,147
Gratiot, MI,55
Hillsdale, MI,75
Houghton, MI,34
Huron, MI,26
Ingham, MI,1581
Ionia, MI,144
Iosco, MI,51
Iron, MI,24
Isabella, MI,139
Jackson, MI,614
Kalamazoo, MI,1153
Kalkaska, MI,50
Kent, MI,3049
Keweenaw, MI,1
Lake, MI,39
Lapeer, MI,176
Leelanau, MI,14
Lenawee, MI,204
Livingston, MI,204
Luce, MI,34
Mackinac, MI,20
Macomb, MI,2809
Manistee, MI,33
Marquette, MI,82
Mason, MI,101
Mecosta, MI,91
Menominee, MI,28
Midland, MI,125
Missaukee, MI,13
Monroe, MI,382
Montcalm, MI,125
Montmorency, MI,18
Muskegon, MI,801
Newaygo, MI,115
Oakland, MI,3849
Oceana, MI,44
Ogemaw, MI,54
Ontonagon, MI,4
Osceola, MI,48
Oscoda, MI,14
Otsego, MI,59
Ottawa, MI,452
Presque Isle, MI,6
Roscommon, MI,55
Saginaw, MI,2350
St. Clair, MI,539
St. Joseph, MI,182
Sanilac, MI,99
Schoolcraft, MI,17
Shiawassee, MI,168
Tuscola, MI,56
Van Buren, MI,263
Washtenaw, MI,1371
Wayne, MI,21946
Wexford, MI,98
MINNESOTA,,12364
Aitkin, MN,19
Anoka, MN,468
Becker, MN,34
Beltrami, MN,78
Benton, MN,49
Big Stone, MN,2
Blue Earth, MN,74
Brown, MN,5
Carlton, MN,32
Carver, MN,40
Cass, MN,22
Chippewa, MN,18
Chisago, MN,35
Clay, MN,41
Clearwater, MN,19
Cook, MN,10
Cottonwood, MN,14
Crow Wing, MN,90
Dakota, MN,344
Dodge, MN,34
Douglas, MN,19
Faribault, MN,14
Fillmore, MN,3
Freeborn, MN,37
Goodhue, MN,45
Grant, MN,8
Hennepin, MN,5936
Houston, MN,9
Hubbard, MN,16
Isanti, MN,18
Itasca, MN,27
Jackson, MN,12
Kanabec, MN,26
Kandiyohi, MN,57
Kittson, MN,0
Koochiching, MN,16
Lac qui Parle, MN,3
Lake, MN,8
Lake of the Woods, MN,5
Le Sueur, MN,18
Lincoln, MN,1
Lyon, MN,42
McLeod, MN,36
Mahnomen, MN,12
Marshall, MN,5
Martin, MN,16
Meeker, MN,14
Mille Lacs, MN,36
Morrison, MN,21
Mower, MN,47
Murray, MN,1
Nicollet, MN,23
Nobles, MN,35
Norman, MN,3
Olmsted, MN,223
Otter Tail, MN,40
Pennington, MN,12
Pine, MN,30
Pipestone, MN,4
Polk, MN,44
Pope, MN,6
Ramsey, MN,2455
Red Lake, MN,60
Redwood, MN,22
Renville, MN,11
Rice, MN,63
Rock, MN,50
Roseau, MN,14
St. Louis, MN,433
Scott, MN,136
Sherburne, MN,81
Sibley, MN,0
Stearns, MN,251
Steele, MN,26
Stevens, MN,10
Swift, MN,11
Todd, MN,17
Traverse, MN,9
Wabasha, MN,7
Wadena, MN,17
Waseca, MN,16
Washington, MN,177
Watonwan, MN,10
Wilkin, MN,2
Winona, MN,51
Wright, MN,71
Yellow Medicine, MN,8
MISSISSIPPI,,6887
Adams, MS,103
Alcorn, MS,6
Amite, MS,4
Attala, MS,19
Benton, MS,0
Bolivar, MS,90
Calhoun, MS,0
Carroll, MS,0
Chickasaw, MS,36
Choctaw, MS,13
Claiborne, MS,82
Clarke, MS,2
Clay, MS,36
Coahoma, MS,151
Copiah, MS,0
Covington, MS,9
DeSoto, MS,243
Forrest, MS,218
Franklin, MS,0
George, MS,18
Greene, MS,9
Grenada, MS,98
Hancock, MS,21
Harrison, MS,279
Hinds, MS,1749
Holmes, MS,2
Humphreys, MS,105
Issaquena, MS,0
Itawamba, MS,2
Jackson, MS,321
Jasper, MS,0
Jefferson, MS,38
Jefferson Davis, MS,0
Jones, MS,399
Kemper, MS,0
Lafayette, MS,17
Lamar, MS,86
Lauderdale, MS,245
Lawrence, MS,0
Leake, MS,0
Lee, MS,187
Leflore, MS,222
Lincoln, MS,43
Lowndes, MS,172
Madison, MS,167
Marion, MS,6
Marshall, MS,170
Monroe, MS,47
Montgomery, MS,10
Neshoba, MS,0
Newton, MS,4
Noxubee, MS,18
Oktibbeha, MS,104
Panola, MS,86
Pearl River, MS,85
Perry, MS,0
Pike, MS,87
Pontotoc, MS,0
Prentiss, MS,10
Quitman, MS,0
Rankin, MS,148
Scott, MS,12
Sharkey, MS,0
Simpson, MS,33
Smith, MS,0
Stone, MS,42
Sunflower, MS,186
Tallahatchie, MS,31
Tate, MS,18
Tippah, MS,25
Tishomingo, MS,15
Tunica, MS,23
Union, MS,14
Walthall, MS,0
Warren, MS,269
Washington, MS,195
Wayne, MS,21
Webster, MS,13
Wilkinson, MS,0
Winston, MS,23
Yalobusha, MS,0
Yazoo, MS,0
MISSOURI,,29645
Adair, MO,81
Andrew, MO,23
Atchison, MO,3
Audrain, MO,39
Barry, MO,102
Barton, MO,40
Bates, MO,51
Benton, MO,65
Bollinger, MO,12
Boone, MO,527
Buchanan, MO,374
Butler, MO,161
Caldwell, MO,15
Callaway, MO,86
Camden, MO,85
Cape Girardeau, MO,318
Carroll, MO,11
Carter, MO,1
Cass, MO,151
Cedar, MO,21
Chariton, MO,2
Christian, MO,168
Clark, MO,9
Clay, MO,1640
Clinton, MO,30
Cole, MO,286
Cooper, MO,21
Crawford, MO,26
Dade, MO,9
Dallas, MO,49
Daviess, MO,5
DeKalb, MO,17
Dent, MO,31
Douglas, MO,57
Dunklin, MO,88
Franklin, MO,274
Gasconade, MO,18
Gentry, MO,3
Greene, MO,1236
Grundy, MO,27
Harrison, MO,7
Henry, MO,67
Hickory, MO,3
Holt, MO,11
Howard, MO,6
Howell, MO,114
Iron, MO,28
Jackson, MO,5781
Jasper, MO,506
Jefferson, MO,628
Johnson, MO,87
Knox, MO,4
Laclede, MO,108
Lafayette, MO,43
Lawrence, MO,123
Lewis, MO,19
Lincoln, MO,107
Linn, MO,30
Livingston, MO,18
McDonald, MO,108
Macon, MO,38
Madison, MO,37
Maries, MO,12
Marion, MO,154
Mercer, MO,3
Miller, MO,99
Mississippi, MO,64
Moniteau, MO,22
Monroe, MO,37
Montgomery, MO,21
Morgan, MO,87
New Madrid, MO,66
Newton, MO,168
Nodaway, MO,47
Oregon, MO,27
Osage, MO,10
Ozark, MO,43
Pemiscot, MO,111
Perry, MO,11
Pettis, MO,197
Phelps, MO,125
Pike, MO,26
Platte, MO,642
Polk, MO,146
Pulaski, MO,203
Putnam, MO,2
Ralls, MO,30
Randolph, MO,41
Ray, MO,41
Reynolds, MO,11
Ripley, MO,27
St. Charles, MO,672
St. Clair, MO,14
Ste. Genevieve, MO,30
St. Francois, MO,188
St. Louis, MO,3549
Saline, MO,42
Schuyler, MO,5
Scotland, MO,3
Scott, MO,266
Shannon, MO,16
Shelby, MO,0
Stoddard, MO,49
Stone, MO,126
Sullivan, MO,14
Taney, MO,301
Texas, MO,28
Vernon, MO,68
Warren, MO,101
Washington, MO,37
Wayne, MO,34
Webster, MO,69
Worth, MO,4
Wright, MO,47
St. Louis city, MO,7474
MONTANA,,2848
Beaverhead, MT,24
Big Horn, MT,105
Blaine, MT,4
Broadwater, MT,10
Carbon, MT,22
Carter, MT,0
Cascade, MT,210
Chouteau, MT,98
Custer, MT,55
Daniels, MT,0
Dawson, MT,12
Deer Lodge, MT,28
Fallon, MT,1
Fergus, MT,24
Flathead, MT,345
Gallatin, MT,193
Garfield, MT,0
Glacier, MT,181
Golden Valley, MT,0
Granite, MT,0
Hill, MT,83
Jefferson, MT,17
Judith Basin, MT,3
Lake, MT,101
Lewis and Clark, MT,134
Liberty, MT,0
Lincoln, MT,38
McCone, MT,1
Madison, MT,13
Meagher, MT,4
Mineral, MT,13
Missoula, MT,320
Musselshell, MT,9
Park, MT,53
Petroleum, MT,0
Phillips, MT,5
Pondera, MT,10
Powder River, MT,0
Powell, MT,25
Prairie, MT,0
Ravalli, MT,67
Richland, MT,0
Roosevelt, MT,34
Rosebud, MT,19
Sanders, MT,38
Sheridan, MT,8
Silver Bow, MT,149
Stillwater, MT,8
Sweet Grass, MT,12
Teton, MT,2
Toole, MT,15
Treasure, MT,0
Valley, MT,10
Wheatland, MT,0
Wibaux, MT,0
Yellowstone, MT,345
Yellowstone National Park, MT,0
NEBRASKA,,5389
Adams, NE,51
Antelope, NE,1
Arthur, NE,0
Banner, NE,0
Blaine, NE,0
Boone, NE,0
Box Butte, NE,31
Boyd, NE,1
Brown, NE,1
Buffalo, NE,80
Burt, NE,8
Butler, NE,13
Cass, NE,16
Cedar, NE,1
Chase, NE,1
Cherry, NE,12
Cheyenne, NE,6
Clay, NE,0
Colfax, NE,9
Cuming, NE,2
Custer, NE,10
Dakota, NE,23
Dawes, NE,15
Dawson, NE,42
Deuel, NE,0
Dixon, NE,5
Dodge, NE,62
Douglas, NE,2824
Dundy, NE,0
Fillmore, NE,0
Franklin, NE,0
Frontier, NE,0
Furnas, NE,2
Gage, NE,66
Garden, NE,1
Garfield, NE,0
Gosper, NE,0
Grant, NE,0
Greeley, NE,0
Hall, NE,202
Hamilton, NE,7
Harlan, NE,2
Hayes, NE,0
Hitchcock, NE,1
Holt, NE,0
Hooker, NE,0
Howard, NE,0
Jefferson, NE,2
Johnson, NE,0
Kearney, NE,6
Keith, NE,5
Keya Paha, NE,1
Kimball, NE,1
Knox, NE,0
Lancaster, NE,1308
Lincoln, NE,26
Logan, NE,1
Loup, NE,0
McPherson, NE,0
Madison, NE,42
Merrick, NE,11
Morrill, NE,3
Nance, NE,4
Nemaha, NE,4
Nuckolls, NE,2
Otoe, NE,11
Pawnee, NE,2
Perkins, NE,2
Phelps, NE,7
Pierce, NE,2
Platte, NE,29
Polk, NE,0
Red Willow, NE,12
Richardson, NE,4
Rock, NE,0
Saline, NE,31
Sarpy, NE,125
Saunders, NE,11
Scotts Bluff, NE,68
Seward, NE,7
Sheridan, NE,20
Sherman, NE,2
Sioux, NE,1
Stanton, NE,4
Thayer, NE,2
Thomas, NE,0
Thurston, NE,111
Valley, NE,1
Washington, NE,10
Wayne, NE,8
Webster, NE,2
Wheeler, NE,1
York, NE,5
NEVADA,,18917
Churchill, NV,53
Clark, NV,15718
Douglas, NV,71
Elko, NV,129
Esmeralda, NV,3
Eureka, NV,6
Humboldt, NV,81
Lander, NV,49
Lincoln, NV,6
Lyon, NV,105
Mineral, NV,15
Nye, NV,124
Pershing, NV,68
Storey, NV,12
Washoe, NV,2226
White Pine, NV,20
Carson City city, NV,231
NEW HAMPSHIRE,,1905
Belknap, NH,118
Carroll, NH,62
Cheshire, NH,87
Coos, NH,24
Grafton, NH,96
Hillsborough, NH,820
Merrimack, NH,154
Rockingham, NH,343
Strafford, NH,156
Sullivan, NH,45
NEW JERSEY,,28337
Atlantic, NJ,1321
Bergen, NJ,946
Burlington, NJ,775
Camden, NJ,3097
Cape May, NJ,304
Cumberland, NJ,1004
Essex, NJ,5467
Gloucester, NJ,673
Hudson, NJ,3585
Hunterdon, NJ,79
Mercer, NJ,1478
Middlesex, NJ,1526
Monmouth, NJ,1339
Morris, NJ,422
Ocean, NJ,799
Passaic, NJ,2534
Salem, NJ,194
Somerset, NJ,285
Sussex, NJ,99
Union, NJ,2285
Warren, NJ,125
NEW MEXICO,,12778
Bernalillo, NM,5826
Catron, NM,2
Chaves, NM,438
Cibola, NM,98
Colfax, NM,73
Curry, NM,292
De Baca, NM,0
Dona Ana, NM,865
Eddy, NM,287
Grant, NM,111
Guadalupe, NM,61
Harding, NM,0
Hidalgo, NM,3
Lea, NM,383
Lincoln, NM,102
Los Alamos, NM,69
Luna, NM,103
McKinley, NM,389
Mora, NM,0
Otero, NM,485
Quay, NM,68
Rio Arriba, NM,174
Roosevelt, NM,96
Sandoval, NM,459
San Juan, NM,905
San Miguel, NM,126
Santa Fe, NM,724
Sierra, NM,38
Socorro, NM,72
Taos, NM,60
Torrance, NM,21
Union, NM,2
Valencia, NM,446
NEW YORK,,77394
Albany, NY,1324
Allegany, NY,91
Bronx, NY,0
Broome, NY,541
Cattaraugus, NY,217
Cayuga, NY,147
Chautauqua, NY,320
Chemung, NY,204
Chenango, NY,41
Clinton, NY,142
Columbia, NY,131
Cortland, NY,112
Delaware, NY,76
Dutchess, NY,885
Erie, NY,4735
Essex, NY,54
Franklin, NY,123
Fulton, NY,99
Genesee, NY,115
Greene, NY,102
Hamilton, NY,5
Herkimer, NY,197
Jefferson, NY,252
Kings, NY,48549
Lewis, NY,35
Livingston, NY,70
Madison, NY,58
Monroe, NY,2917
Montgomery, NY,134
Nassau, NY,2279
New York, NY,0
Niagara, NY,758
Oneida, NY,681
Onondaga, NY,1714
Ontario, NY,108
Orange, NY,1039
Orleans, NY,71
Oswego, NY,185
Otsego, NY,86
Putnam, NY,83
Queens, NY,0
Rensselaer, NY,541
Richmond, NY,0
Rockland, NY,539
St. Lawrence, NY,202
Saratoga, NY,161
Schenectady, NY,740
Schoharie, NY,22
Schuyler, NY,15
Seneca, NY,45
Steuben, NY,161
Suffolk, NY,2583
Sullivan, NY,196
Tioga, NY,35
Tompkins, NY,137
Ulster, NY,458
Warren, NY,111
Washington, NY,116
Wayne, NY,184
Westchester, NY,2401
Wyoming, NY,52
Yates, NY,15
NORTH CAROLINA,,41421
Alamance, NC,689
Alexander, NC,87
Alleghany, NC,4
Anson, NC,146
Ashe, NC,26
Avery, NC,21
Beaufort, NC,271
Bertie, NC,33
Bladen, NC,158
Brunswick, NC,237
Buncombe, NC,815
Burke, NC,176
Cabarrus, NC,386
Caldwell, NC,151
Camden, NC,9
Carteret, NC,229
Caswell, NC,41
Catawba, NC,557
Chatham, NC,106
Cherokee, NC,51
Chowan, NC,57
Clay, NC,11
Cleveland, NC,174
Columbus, NC,290
Craven, NC,202
Cumberland, NC,2505
Currituck, NC,44
Dare, NC,115
Davidson, NC,433
Davie, NC,59
Duplin, NC,171
Durham, NC,1916
Edgecombe, NC,262
Forsyth, NC,2496
Franklin, NC,90
Gaston, NC,1037
Gates, NC,9
Graham, NC,0
Granville, NC,221
Greene, NC,48
Guilford, NC,3097
Halifax, NC,349
Harnett, NC,361
Haywood, NC,167
Henderson, NC,154
Hertford, NC,77
Hoke, NC,62
Hyde, NC,0
Iredell, NC,464
Jackson, NC,131
Johnston, NC,479
Jones, NC,12
Lee, NC,166
Lenoir, NC,455
Lincoln, NC,158
McDowell, NC,90
Macon, NC,43
Madison, NC,4
Martin, NC,156
Mecklenburg, NC,7404
Mitchell, NC,0
Montgomery, NC,102
Moore, NC,262
Nash, NC,391
New Hanover, NC,989
Northampton, NC,69
Onslow, NC,600
Orange, NC,321
Pamlico, NC,19
Pasquotank, NC,233
Pender, NC,84
Perquimans, NC,20
Person, NC,150
Pitt, NC,986
Polk, NC,10
Randolph, NC,263
Richmond, NC,240
Robeson, NC,1187
Rockingham, NC,305
Rowan, NC,634
Rutherford, NC,202
Sampson, NC,245
Scotland, NC,187
Stanly, NC,163
Stokes, NC,115
Surry, NC,181
Swain, NC,116
Transylvania, NC,61
Tyrrell, NC,7
Union, NC,566
Vance, NC,287
Wake, NC,2875
Warren, NC,39
Washington, NC,66
Watauga, NC,53
Wayne, NC,541
Wilkes, NC,211
Wilson, NC,337
Yadkin, NC,125
Yancey, NC,17
NORTH DAKOTA,,1180
Adams, ND,4
Barnes, ND,8
Benson, ND,20
Billings, ND,0
Bottineau, ND,0
Bowman, ND,0
Burke, ND,0
Burleigh, ND,176
Cass, ND,323
Cavalier, ND,2
Dickey, ND,1
Divide, ND,0
Dunn, ND,0
Eddy, ND,1
Emmons, ND,1
Foster, ND,0
Golden Valley, ND,0
Grand Forks, ND,154
Grant, ND,1
Griggs, ND,0
Hettinger, ND,0
Kidder, ND,0
LaMoure, ND,2
Logan, ND,0
McHenry, ND,1
McIntosh, ND,1
McKenzie, ND,1
McLean, ND,48
Mercer, ND,9
Morton, ND,46
Mountrail, ND,5
Nelson, ND,2
Oliver, ND,1
Pembina, ND,4
Pierce, ND,1
Ramsey, ND,13
Ransom, ND,9
Renville, ND,0
Richland, ND,25
Rolette, ND,73
Sargent, ND,1
Sheridan, ND,0
Sioux, ND,0
Slope, ND,0
Stark, ND,37
Steele, ND,0
Stutsman, ND,51
Towner, ND,0
Traill, ND,3
Walsh, ND,11
Ward, ND,94
Wells, ND,9
Williams, ND,42
OHIO,,37538
Adams, OH,19
Allen, OH,564
Ashland, OH,30
Ashtabula, OH,33
Athens, OH,45
Auglaize, OH,13
Belmont, OH,57
Brown, OH,24
Butler, OH,1398
Carroll, OH,29
Champaign, OH,43
Clark, OH,345
Clermont, OH,143
Clinton, OH,47
Columbiana, OH,83
Coshocton, OH,22
Crawford, OH,33
Cuyahoga, OH,7066
Darke, OH,88
Defiance, OH,53
Delaware, OH,131
Erie, OH,241
Fairfield, OH,207
Fayette, OH,50
Franklin, OH,6711
Fulton, OH,38
Gallia, OH,34
Geauga, OH,23
Greene, OH,194
Guernsey, OH,74
Hamilton, OH,5063
Hancock, OH,101
Hardin, OH,19
Harrison, OH,10
Henry, OH,24
Highland, OH,33
Hocking, OH,23
Holmes, OH,15
Huron, OH,32
Jackson, OH,27
Jefferson, OH,163
Knox, OH,1
Lake, OH,181
Lawrence, OH,18
Licking, OH,241
Logan, OH,52
Lorain, OH,633
Lucas, OH,3770
Madison, OH,13
Mahoning, OH,909
Marion, OH,110
Medina, OH,16
Meigs, OH,16
Mercer, OH,35
Miami, OH,51
Monroe, OH,0
Montgomery, OH,2573
Morgan, OH,9
Morrow, OH,9
Muskingum, OH,158
Noble, OH,0
Ottawa, OH,26
Paulding, OH,16
Perry, OH,9
Pickaway, OH,76
Pike, OH,13
Portage, OH,143
Preble, OH,51
Putnam, OH,0
Richland, OH,249
Ross, OH,126
Sandusky, OH,54
Scioto, OH,156
Seneca, OH,5
Shelby, OH,34
Stark, OH,1045
Summit, OH,2220
Trumbull, OH,678
Tuscarawas, OH,55
Union, OH,20
Van Wert, OH,29
Vinton, OH,8
Warren, OH,117
Washington, OH,60
Wayne, OH,105
Williams, OH,31
Wood, OH,68
Wyandot, OH,1
OKLAHOMA,,19202
Adair, OK,109
Alfalfa, OK,2
Atoka, OK,29
Beaver, OK,3
Beckham, OK,46
Blaine, OK,22
Bryan, OK,120
Caddo, OK,95
Canadian, OK,555
Carter, OK,335
Cherokee, OK,147
Choctaw, OK,48
Cimarron, OK,5
Cleveland, OK,858
Coal, OK,12
Comanche, OK,1029
Cotton, OK,4
Craig, OK,30
Creek, OK,127
Custer, OK,138
Delaware, OK,100
Dewey, OK,0
Ellis, OK,3
Garfield, OK,218
Garvin, OK,71
Grady, OK,151
Grant, OK,3
Greer, OK,10
Harmon, OK,4
Harper, OK,4
Haskell, OK,40
Hughes, OK,28
Jackson, OK,67
Jefferson, OK,12
Johnston, OK,22
Kay, OK,179
Kingfisher, OK,16
Kiowa, OK,27
Latimer, OK,38
Le Flore, OK,153
Lincoln, OK,70
Logan, OK,68
Love, OK,15
McClain, OK,40
McCurtain, OK,121
McIntosh, OK,45
Major, OK,13
Marshall, OK,51
Mayes, OK,117
Murray, OK,29
Muskogee, OK,473
Noble, OK,23
Nowata, OK,46
Okfuskee, OK,31
Oklahoma, OK,5273
Okmulgee, OK,113
Osage, OK,186
Ottawa, OK,77
Pawnee, OK,37
Payne, OK,192
Pittsburg, OK,125
Pontotoc, OK,242
Pottawatomie, OK,341
Pushmataha, OK,28
Roger Mills, OK,2
Rogers, OK,106
Seminole, OK,88
Sequoyah, OK,266
Stephens, OK,102
Texas, OK,35
Tillman, OK,24
Tulsa, OK,5496
Wagoner, OK,190
Washington, OK,171
Washita, OK,29
Woods, OK,21
Woodward, OK,56
OREGON,,9717
Baker, OR,14
Benton, OR,112
Clackamas, OR,450
Clatsop, OR,62
Columbia, OR,23
Coos, OR,49
Crook, OR,38
Curry, OR,39
Deschutes, OR,293
Douglas, OR,105
Gilliam, OR,0
Grant, OR,2
Harney, OR,3
Hood River, OR,22
Jackson, OR,485
Jefferson, OR,22
Josephine, OR,63
Klamath, OR,144
Lake, OR,22
Lane, OR,1133
Lincoln, OR,111
Linn, OR,102
Malheur, OR,142
Marion, OR,801
Morrow, OR,35
Multnomah, OR,4008
Polk, OR,161
Sherman, OR,1
Tillamook, OR,16
Umatilla, OR,241
Union, OR,23
Wallowa, OR,1
Wasco, OR,31
Washington, OR,830
Wheeler, OR,0
Yamhill, OR,133
PENNSYLVANIA,,50491
Adams, PA,121
Allegheny, PA,6133
Armstrong, PA,62
Beaver, PA,495
Bedford, PA,54
Berks, PA,1341
Blair, PA,359
Bradford, PA,93
Bucks, PA,941
Butler, PA,338
Cambria, PA,269
Cameron, PA,7
Carbon, PA,181
Centre, PA,127
Chester, PA,896
Clarion, PA,81
Clearfield, PA,168
Clinton, PA,40
Columbia, PA,71
Crawford, PA,84
Cumberland, PA,272
Dauphin, PA,1336
Delaware, PA,3181
Elk, PA,34
Erie, PA,851
Fayette, PA,359
Forest, PA,40
Franklin, PA,208
Fulton, PA,26
Greene, PA,69
Huntingdon, PA,102
Indiana, PA,144
Jefferson, PA,82
Juniata, PA,23
Lackawanna, PA,451
Lancaster, PA,931
Lawrence, PA,331
Lebanon, PA,307
Lehigh, PA,1082
Luzerne, PA,937
Lycoming, PA,180
McKean, PA,81
Mercer, PA,289
Mifflin, PA,102
Monroe, PA,384
Montgomery, PA,1521
Montour, PA,50
Northampton, PA,575
Northumberland, PA,311
Perry, PA,94
Philadelphia, PA,20783
Pike, PA,107
Potter, PA,33
Schuylkill, PA,300
Snyder, PA,140
Somerset, PA,125
Sullivan, PA,4
Susquehanna, PA,48
Tioga, PA,48
Union, PA,42
Venango, PA,73
Warren, PA,187
Washington, PA,574
Wayne, PA,132
Westmoreland, PA,580
Wyoming, PA,19
York, PA,1082
RHODE ISLAND,,2656
Bristol, RI,31
Kent, RI,180
Newport, RI,167
Providence, RI,2136
Washington, RI,142
SOUTH CAROLINA,,32489
Abbeville, SC,160
Aiken, SC,701
Allendale, SC,73
Anderson, SC,1200
Bamberg, SC,112
Barnwell, SC,218
Beaufort, SC,968
Berkeley, SC,909
Calhoun, SC,72
Charleston, SC,2975
Cherokee, SC,260
Chester, SC,360
Chesterfield, SC,246
Clarendon, SC,284
Colleton, SC,403
Darlington, SC,648
Dillon, SC,510
Dorchester, SC,694
Edgefield, SC,69
Fairfield, SC,269
Florence, SC,1278
Georgetown, SC,491
Greenville, SC,3144
Greenwood, SC,606
Hampton, SC,169
Horry, SC,2155
Jasper, SC,208
Kershaw, SC,301
Lancaster, SC,493
Laurens, SC,585
Lee, SC,130
Lexington, SC,1007
McCormick, SC,80
Marion, SC,325
Marlboro, SC,363
Newberry, SC,132
Oconee, SC,388
Orangeburg, SC,637
Pickens, SC,408
Richland, SC,3660
Saluda, SC,111
Spartanburg, SC,1875
Sumter, SC,769
Union, SC,228
Williamsburg, SC,215
York, SC,1600
SOUTH DAKOTA,,2015
Aurora, SD,2
Beadle, SD,1
Bennett, SD,13
Bon Homme, SD,0
Brookings, SD,18
Brown, SD,51
Brule, SD,34
Buffalo, SD,0
Butte, SD,15
Campbell, SD,0
Charles Mix, SD,54
Clark, SD,2
Clay, SD,7
Codington, SD,40
Corson, SD,0
Custer, SD,7
Davison, SD,35
Day, SD,0
Deuel, SD,1
Dewey, SD,3
Douglas, SD,3
Edmunds, SD,0
Fall River, SD,2
Faulk, SD,4
Grant, SD,0
Gregory, SD,0
Haakon, SD,0
Hamlin, SD,4
Hand, SD,1
Hanson, SD,1
Harding, SD,0
Hughes, SD,94
Hutchinson, SD,0
Hyde, SD,0
Jackson, SD,1
Jerauld, SD,0
Jones, SD,0
Kingsbury, SD,0
Lake, SD,2
Lawrence, SD,17
Lincoln, SD,42
Lyman, SD,8
McCook, SD,0
McPherson, SD,1
Marshall, SD,10
Meade, SD,86
Mellette, SD,0
Miner, SD,2
Minnehaha, SD,538
Moody, SD,4
Pennington, SD,469
Perkins, SD,2
Potter, SD,1
Roberts, SD,37
Sanborn, SD,4
Shannon, SD,184
Spink, SD,8
Stanley, SD,3
Sully, SD,1
Todd, SD,148
Tripp, SD,5
Turner, SD,13
Union, SD,6
Walworth, SD,7
Yankton, SD,23
Ziebach, SD,1
TENNESSEE,,44819
Anderson, TN,304
Bedford, TN,141
Benton, TN,29
Bledsoe, TN,18
Blount, TN,463
Bradley, TN,741
Campbell, TN,305
Cannon, TN,31
Carroll, TN,71
Carter, TN,138
Cheatham, TN,102
Chester, TN,58
Claiborne, TN,131
Clay, TN,18
Cocke, TN,204
Coffee, TN,244
Crockett, TN,45
Cumberland, TN,162
Davidson, TN,8519
Decatur, TN,37
DeKalb, TN,75
Dickson, TN,221
Dyer, TN,247
Fayette, TN,170
Fentress, TN,61
Franklin, TN,131
Gibson, TN,218
Giles, TN,128
Grainger, TN,41
Greene, TN,255
Grundy, TN,60
Hamblen, TN,325
Hamilton, TN,2504
Hancock, TN,3
Hardeman, TN,151
Hardin, TN,212
Hawkins, TN,154
Haywood, TN,236
Henderson, TN,172
Henry, TN,132
Hickman, TN,47
Houston, TN,30
Humphreys, TN,25
Jackson, TN,23
Jefferson, TN,150
Johnson, TN,72
Knox, TN,2557
Lake, TN,18
Lauderdale, TN,203
Lawrence, TN,227
Lewis, TN,59
Lincoln, TN,176
Loudon, TN,164
McMinn, TN,337
McNairy, TN,78
Macon, TN,44
Madison, TN,866
Marion, TN,92
Marshall, TN,138
Maury, TN,602
Meigs, TN,39
Monroe, TN,211
Montgomery, TN,1118
Moore, TN,16
Morgan, TN,20
Obion, TN,116
Overton, TN,61
Perry, TN,21
Pickett, TN,1
Polk, TN,47
Putnam, TN,248
Rhea, TN,90
Roane, TN,130
Robertson, TN,382
Rutherford, TN,1220
Scott, TN,135
Sequatchie, TN,45
Sevier, TN,343
Shelby, TN,13769
Smith, TN,63
Stewart, TN,61
Sullivan, TN,737
Sumner, TN,550
Tipton, TN,406
Trousdale, TN,35
Unicoi, TN,17
Union, TN,25
Van Buren, TN,6
Warren, TN,113
Washington, TN,564
Wayne, TN,28
Weakley, TN,126
White, TN,130
Williamson, TN,276
Wilson, TN,505
TEXAS,,123497
Anderson, TX,193
Andrews, TX,60
Angelina, TX,324
Aransas, TX,51
Archer, TX,10
Armstrong, TX,0
Atascosa, TX,100
Austin, TX,43
Bailey, TX,16
Bandera, TX,12
Bastrop, TX,280
Baylor, TX,24
Bee, TX,91
Bell, TX,1328
Bexar, TX,10631
Blanco, TX,14
Borden, TX,0
Bosque, TX,28
Bowie, TX,625
Brazoria, TX,583
Brazos, TX,888
Brewster, TX,23
Briscoe, TX,0
Brooks, TX,41
Brown, TX,117
Burleson, TX,58
Burnet, TX,105
Caldwell, TX,165
Calhoun, TX,57
Callahan, TX,10
Cameron, TX,1666
Camp, TX,31
Carson, TX,18
Cass, TX,85
Castro, TX,12
Chambers, TX,93
Cherokee, TX,210
Childress, TX,28
Clay, TX,16
Cochran, TX,7
Coke, TX,5
Coleman, TX,11
Collin, TX,1800
Collingsworth, TX,4
Colorado, TX,84
Comal, TX,301
Comanche, TX,26
Concho, TX,5
Cooke, TX,104
Coryell, TX,154
Cottle, TX,4
Crane, TX,8
Crockett, TX,11
Crosby, TX,10
Culberson, TX,1
Dallam, TX,10
Dallas, TX,14480
Dawson, TX,30
Deaf Smith, TX,84
Delta, TX,8
Denton, TX,1416
DeWitt, TX,38
Dickens, TX,3
Dimmit, TX,87
Donley, TX,4
Duval, TX,59
Eastland, TX,24
Ector, TX,776
Edwards, TX,3
Ellis, TX,416
El Paso, TX,3255
Erath, TX,79
Falls, TX,27
Fannin, TX,66
Fayette, TX,15
Fisher, TX,15
Floyd, TX,23
Foard, TX,0
Fort Bend, TX,2004
Franklin, TX,15
Freestone, TX,31
Frio, TX,38
Gaines, TX,14
Galveston, TX,1170
Garza, TX,3
Gillespie, TX,15
Glasscock, TX,1
Goliad, TX,6
Gonzales, TX,117
Gray, TX,153
Grayson, TX,335
Gregg, TX,960
Grimes, TX,63
Guadalupe, TX,314
Hale, TX,101
Hall, TX,5
Hamilton, TX,18
Hansford, TX,13
Hardeman, TX,10
Hardin, TX,76
Harris, TX,34166
Harrison, TX,261
Hartley, TX,5
Haskell, TX,2
Hays, TX,378
Hemphill, TX,12
Henderson, TX,307
Hidalgo, TX,2624
Hill, TX,40
Hockley, TX,107
Hood, TX,66
Hopkins, TX,93
Houston, TX,56
Howard, TX,185
Hudspeth, TX,3
Hunt, TX,391
Hutchinson, TX,216
Irion, TX,6
Jack, TX,4
Jackson, TX,41
Jasper, TX,79
Jeff Davis, TX,8
Jefferson, TX,1568
Jim Hogg, TX,10
Jim Wells, TX,291
Johnson, TX,461
Jones, TX,64
Karnes, TX,36
Kaufman, TX,423
Kendall, TX,37
Kenedy, TX,3
Kent, TX,7
Kerr, TX,117
Kimble, TX,18
King, TX,0
Kinney, TX,4
Kleberg, TX,224
Knox, TX,12
Lamar, TX,199
Lamb, TX,49
Lampasas, TX,29
La Salle, TX,4
Lavaca, TX,27
Lee, TX,51
Leon, TX,26
Liberty, TX,306
Limestone, TX,95
Lipscomb, TX,3
Live Oak, TX,8
Llano, TX,25
Loving, TX,0
Lubbock, TX,2256
Lynn, TX,6
McCulloch, TX,21
McLennan, TX,1414
McMullen, TX,1
Madison, TX,42
Marion, TX,34
Martin, TX,8
Mason, TX,6
Matagorda, TX,198
Maverick, TX,271
Medina, TX,100
Menard, TX,3
Midland, TX,518
Milam, TX,49
Mills, TX,3
Mitchell, TX,18
Montague, TX,30
Montgomery, TX,1031
Moore, TX,72
Morris, TX,43
Motley, TX,2
Nacogdoches, TX,213
Navarro, TX,134
Newton, TX,15
Nolan, TX,150
Nueces, TX,2402
Ochiltree, TX,11
Oldham, TX,4
Orange, TX,389
Palo Pinto, TX,95
Panola, TX,49
Parker, TX,149
Parmer, TX,15
Pecos, TX,27
Polk, TX,99
Potter, TX,857
Presidio, TX,9
Rains, TX,22
Randall, TX,682
Reagan, TX,1
Real, TX,2
Red River, TX,8
Reeves, TX,20
Refugio, TX,16
Roberts, TX,2
Robertson, TX,72
Rockwall, TX,160
Runnels, TX,11
Rusk, TX,229
Sabine, TX,35
San Augustine, TX,38
San Jacinto, TX,55
San Patricio, TX,175
San Saba, TX,3
Schleicher, TX,1
Scurry, TX,132
Shackelford, TX,0
Shelby, TX,92
Sherman, TX,3
Smith, TX,963
Somervell, TX,8
Starr, TX,181
Stephens, TX,16
Sterling, TX,2
Stonewall, TX,3
Sutton, TX,23
Swisher, TX,20
Tarrant, TX,8920
Taylor, TX,642
Terrell, TX,2
Terry, TX,29
Throckmorton, TX,1
Titus, TX,157
Tom Green, TX,394
Travis, TX,4276
Trinity, TX,34
Tyler, TX,56
Upshur, TX,110
Upton, TX,6
Uvalde, TX,111
Val Verde, TX,94
Van Zandt, TX,110
Victoria, TX,524
Walker, TX,223
Waller, TX,149
Ward, TX,82
Washington, TX,109
Webb, TX,1436
Wharton, TX,171
Wheeler, TX,9
Wichita, TX,609
Wilbarger, TX,45
Willacy, TX,275
Williamson, TX,591
Wilson, TX,64
Winkler, TX,11
Wise, TX,167
Wood, TX,112
Yoakum, TX,21
Young, TX,47
Zapata, TX,46
Zavala, TX,47
UTAH,,6068
Beaver, UT,9
Box Elder, UT,66
Cache, UT,87
Carbon, UT,36
Daggett, UT,1
Davis, UT,306
Duchesne, UT,22
Emery, UT,6
Garfield, UT,0
Grand, UT,24
Iron, UT,56
Juab, UT,12
Kane, UT,20
Millard, UT,20
Morgan, UT,1
Piute, UT,0
Rich, UT,2
Salt Lake, UT,3818
San Juan, UT,18
Sanpete, UT,15
Sevier, UT,24
Summit, UT,29
Tooele, UT,117
Uintah, UT,72
Utah, UT,462
Wasatch, UT,16
Washington, UT,271
Wayne, UT,2
Weber, UT,556
VERMONT,,851
Addison, VT,16
Bennington, VT,59
Caledonia, VT,36
Chittenden, VT,295
Essex, VT,0
Franklin, VT,106
Grand Isle, VT,0
Lamoille, VT,19
Orange, VT,20
Orleans, VT,21
Rutland, VT,65
Washington, VT,61
Windham, VT,89
Windsor, VT,64
VIRGINIA,,20028
Accomack, VA,79
Albemarle, VA,136
Alleghany, VA,15
Amelia, VA,15
Amherst, VA,34
Appomattox, VA,10
Arlington, VA,317
Augusta, VA,82
Bath, VA,2
Bedford, VA,55
Bland, VA,1
Botetourt, VA,20
Brunswick, VA,23
Buchanan, VA,47
Buckingham, VA,31
Campbell, VA,98
Caroline, VA,66
Carroll, VA,60
Charles City, VA,7
Charlotte, VA,35
Chesterfield, VA,624
Clarke, VA,16
Craig, VA,8
Culpeper, VA,103
Cumberland, VA,16
Dickenson, VA,31
Dinwiddie, VA,53
Essex, VA,19
Fairfax, VA,799
Fauquier, VA,66
Floyd, VA,10
Fluvanna, VA,18
Franklin, VA,51
Frederick, VA,135
Giles, VA,20
Gloucester, VA,23
Goochland, VA,72
Grayson, VA,23
Greene, VA,36
Greensville, VA,15
Halifax, VA,72
Hanover, VA,75
Henrico, VA,589
Henry, VA,157
Highland, VA,2
Isle of Wight, VA,59
James City, VA,71
King and Queen, VA,9
King George, VA,33
King William, VA,7
Lancaster, VA,10
Lee, VA,24
Loudoun, VA,350
Louisa, VA,44
Lunenburg, VA,25
Madison, VA,14
Mathews, VA,5
Mecklenburg, VA,82
Middlesex, VA,6
Montgomery, VA,158
Nelson, VA,10
New Kent, VA,38
Northampton, VA,20
Northumberland, VA,12
Nottoway, VA,44
Orange, VA,26
Page, VA,32
Patrick, VA,18
Pittsylvania, VA,75
Powhatan, VA,24
Prince Edward, VA,36
Prince George, VA,41
Prince William, VA,591
Pulaski, VA,97
Rappahannock, VA,4
Richmond, VA,13
Roanoke, VA,138
Rockbridge, VA,23
Rockingham, VA,31
Russell, VA,33
Scott, VA,45
Shenandoah, VA,72
Smyth, VA,81
Southampton, VA,31
Spotsylvania, VA,286
Stafford, VA,182
Surry, VA,16
Sussex, VA,41
Tazewell, VA,92
Warren, VA,50
Washington, VA,77
Westmoreland, VA,20
Wise, VA,70
Wythe, VA,32
York, VA,67
Alexandria, VA,326
Bedford, VA,13
Bristol, VA,73
Buena Vista, VA,4
Charlottesville, VA,220
Chesapeake, VA,1014
Clifton Forge, VA,0
Colonial Heights, VA,44
Covington, VA,13
Danville, VA,261
Emporia, VA,43
Fairfax, VA,33
Falls Church, VA,17
Franklin, VA,44
Fredericksburg, VA,136
Galax, VA,32
Hampton, VA,481
Harrisonburg, VA,143
Hopewell, VA,279
Lexington, VA,3
Lynchburg, VA,347
Manassas, VA,148
Manassas Park, VA,23
Martinsville, VA,59
Newport News, VA,1242
Norfolk, VA,2004
Norton, VA,11
Petersburg, VA,636
Poquoson, VA,15
Portsmouth, VA,723
Radford, VA,83
Richmond, VA,1614
Roanoke, VA,752
Salem, VA,36
South Boston, VA,0
Staunton, VA,62
Suffolk, VA,314
Virginia Beach, VA,1044
Waynesboro, VA,92
Williamsburg, VA,27
Winchester, VA,86
WASHINGTON,,21691
Adams, WA,57
Asotin, WA,42
Benton, WA,416
Chelan, WA,134
Clallam, WA,182
Clark, WA,982
Columbia, WA,2
Cowlitz, WA,297
Douglas, WA,72
Ferry, WA,9
Franklin, WA,180
Garfield, WA,2
Grant, WA,261
Grays Harbor, WA,121
Island, WA,105
Jefferson, WA,52
King, WA,6806
Kitsap, WA,1103
Kittitas, WA,76
Klickitat, WA,23
Lewis, WA,203
Lincoln, WA,14
Mason, WA,212
Okanogan, WA,55
Pacific, WA,50
Pend Oreille, WA,10
Pierce, WA,4189
San Juan, WA,6
Skagit, WA,243
Skamania, WA,11
Snohomish, WA,1758
Spokane, WA,1917
Stevens, WA,46
Thurston, WA,629
Wahkiakum, WA,6
Walla Walla, WA,156
Whatcom, WA,444
Whitman, WA,46
Yakima, WA,774
WEST VIRGINIA,,4664
Barbour, WV,27
Berkeley, WV,254
Boone, WV,46
Braxton, WV,46
Brooke, WV,25
Cabell, WV,403
Calhoun, WV,10
Clay, WV,16
Doddridge, WV,5
Fayette, WV,98
Gilmer, WV,14
Grant, WV,14
Greenbrier, WV,32
Hampshire, WV,31
Hancock, WV,23
Hardy, WV,34
Harrison, WV,162
Jackson, WV,25
Jefferson, WV,88
Kanawha, WV,978
Lewis, WV,27
Lincoln, WV,50
Logan, WV,111
McDowell, WV,42
Marion, WV,102
Marshall, WV,58
Mason, WV,37
Mercer, WV,244
Mineral, WV,212
Mingo, WV,83
Monongalia, WV,151
Monroe, WV,27
Morgan, WV,17
Nicholas, WV,49
Ohio, WV,176
Pendleton, WV,5
Pleasants, WV,4
Pocahontas, WV,26
Preston, WV,33
Putnam, WV,100
Raleigh, WV,272
Randolph, WV,88
Ritchie, WV,16
Roane, WV,30
Summers, WV,23
Taylor, WV,0
Tucker, WV,6
Tyler, WV,6
Upshur, WV,24
Wayne, WV,84
Webster, WV,46
Wetzel, WV,6
Wirt, WV,13
Wood, WV,147
Wyoming, WV,18
WISCONSIN,,15484
Adams, WI,31
Ashland, WI,33
Barron, WI,28
Bayfield, WI,28
Brown, WI,585
Buffalo, WI,2
Burnett, WI,15
Calumet, WI,44
Chippewa, WI,57
Clark, WI,20
Columbia, WI,100
Crawford, WI,22
Dane, WI,1239
Dodge, WI,105
Door, WI,15
Douglas, WI,93
Dunn, WI,86
Eau Claire, WI,103
Florence, WI,6
Fond du Lac, WI,214
Forest, WI,8
Grant, WI,73
Green, WI,35
Green Lake, WI,6
Iowa, WI,19
Iron, WI,17
Jackson, WI,12
Jefferson, WI,120
Juneau, WI,57
Kenosha, WI,400
Kewaunee, WI,9
La Crosse, WI,252
Lafayette, WI,8
Langlade, WI,29
Lincoln, WI,49
Manitowoc, WI,117
Marathon, WI,346
Marinette, WI,21
Marquette, WI,16
Menominee, WI,46
Milwaukee, WI,8102
Monroe, WI,43
Oconto, WI,12
Oneida, WI,26
Outagamie, WI,210
Ozaukee, WI,45
Pepin, WI,4
Pierce, WI,49
Polk, WI,93
Portage, WI,22
Price, WI,44
Racine, WI,642
Richland, WI,21
Rock, WI,397
Rusk, WI,10
St. Croix, WI,53
Sauk, WI,86
Sawyer, WI,30
Shawano, WI,36
Sheboygan, WI,118
Taylor, WI,22
Trempealeau, WI,13
Vernon, WI,23
Vilas, WI,21
Walworth, WI,113
Washburn, WI,11
Washington, WI,118
Waukesha, WI,236
Waupaca, WI,66
Waushara, WI,7
Winnebago, WI,319
Wood, WI,26
WYOMING,,1296
Albany, WY,34
Big Horn, WY,46
Campbell, WY,67
Carbon, WY,40
Converse, WY,13
Crook, WY,5
Fremont, WY,137
Goshen, WY,31
Hot Springs, WY,17
Johnson, WY,27
Laramie, WY,185
Lincoln, WY,18
Natrona, WY,194
Niobrara, WY,2
Park, WY,76
Platte, WY,7
Sheridan, WY,42
Sublette, WY,22
Sweetwater, WY,229
Teton, WY,52
Uinta, WY,17
Washakie, WY,23
Weston, WY,12
