Area_name,,Median gross rent of specified renter-occupied housing units paying cash rent 2005-2009
UNITED STATES,,817
ALABAMA,,621
Autauga, AL,779
Baldwin, AL,788
Barbour, AL,499
Bibb, AL,506
Blount, AL,541
Bullock, AL,363
Butler, AL,453
Calhoun, AL,571
Chambers, AL,552
Cherokee, AL,450
Chilton, AL,570
Choctaw, AL,510
Clarke, AL,454
Clay, AL,432
Cleburne, AL,517
Coffee, AL,563
Colbert, AL,541
Conecuh, AL,501
Coosa, AL,498
Covington, AL,494
Crenshaw, AL,449
Cullman, AL,547
Dale, AL,584
Dallas, AL,531
DeKalb, AL,494
Elmore, AL,674
Escambia, AL,506
Etowah, AL,560
Fayette, AL,425
Franklin, AL,462
Geneva, AL,483
Greene, AL,414
Hale, AL,478
Henry, AL,495
Houston, AL,578
Jackson, AL,468
Jefferson, AL,726
Lamar, AL,373
Lauderdale, AL,528
Lawrence, AL,479
Lee, AL,632
Limestone, AL,528
Lowndes, AL,539
Macon, AL,537
Madison, AL,644
Marengo, AL,458
Marion, AL,367
Marshall, AL,523
Mobile, AL,666
Monroe, AL,447
Montgomery, AL,721
Morgan, AL,550
Perry, AL,459
Pickens, AL,409
Pike, AL,499
Randolph, AL,456
Russell, AL,596
St. Clair, AL,637
Shelby, AL,807
Sumter, AL,476
Talladega, AL,515
Tallapoosa, AL,470
Tuscaloosa, AL,671
Walker, AL,529
Washington, AL,503
Wilcox, AL,382
Winston, AL,395
ALASKA,,949
Aleutians East, AK,654
Aleutians West, AK,1239
Anchorage, AK,989
Bethel, AK,944
Bristol Bay, AK,1017
Denali, AK,510
Dillingham, AK,934
Fairbanks North Star, AK,946
Haines, AK,719
Hoonah-Angoon, AK,619
Juneau, AK,1028
Kenai Peninsula, AK,770
Ketchikan Gateway, AK,868
Kodiak Island, AK,992
Lake and Peninsula, AK,684
Matanuska-Susitna, AK,896
Nome, AK,949
North Slope, AK,931
Northwest Arctic, AK,1017
Petersburg, AK,553
Prince of Wales-Hyder, AK,668
Sitka, AK,934
Skagway, AK,1002
Southeast Fairbanks, AK,875
Valdez-Cordova, AK,756
Wade Hampton, AK,533
Wrangell, AK,908
Yakutat, AK,868
Yukon-Koyukuk, AK,659
ARIZONA,,836
Apache, AZ,507
Cochise, AZ,692
Coconino, AZ,861
Gila, AZ,738
Graham, AZ,577
Greenlee, AZ,379
La Paz, AZ,502
Maricopa, AZ,889
Mohave, AZ,804
Navajo, AZ,602
Pima, AZ,717
Pinal, AZ,810
Santa Cruz, AZ,635
Yavapai, AZ,822
Yuma, AZ,708
ARKANSAS,,600
Arkansas, AR,549
Ashley, AR,475
Baxter, AR,581
Benton, AR,710
Boone, AR,535
Bradley, AR,492
Calhoun, AR,494
Carroll, AR,542
Chicot, AR,476
Clark, AR,570
Clay, AR,435
Cleburne, AR,602
Cleveland, AR,534
Columbia, AR,505
Conway, AR,469
Craighead, AR,591
Crawford, AR,576
Crittenden, AR,625
Cross, AR,538
Dallas, AR,415
Desha, AR,507
Drew, AR,583
Faulkner, AR,652
Franklin, AR,532
Fulton, AR,425
Garland, AR,633
Grant, AR,649
Greene, AR,550
Hempstead, AR,522
Hot Spring, AR,491
Howard, AR,513
Independence, AR,556
Izard, AR,460
Jackson, AR,457
Jefferson, AR,607
Johnson, AR,520
Lafayette, AR,466
Lawrence, AR,464
Lee, AR,491
Lincoln, AR,459
Little River, AR,459
Logan, AR,492
Lonoke, AR,643
Madison, AR,469
Marion, AR,510
Miller, AR,595
Mississippi, AR,550
Monroe, AR,398
Montgomery, AR,567
Nevada, AR,462
Newton, AR,435
Ouachita, AR,449
Perry, AR,603
Phillips, AR,519
Pike, AR,508
Poinsett, AR,464
Polk, AR,518
Pope, AR,567
Prairie, AR,384
Pulaski, AR,710
Randolph, AR,473
St. Francis, AR,519
Saline, AR,720
Scott, AR,479
Searcy, AR,386
Sebastian, AR,566
Sevier, AR,507
Sharp, AR,513
Stone, AR,511
Union, AR,541
Van Buren, AR,479
Washington, AR,654
White, AR,555
Woodruff, AR,329
Yell, AR,506
CALIFORNIA,,1116
Alameda, CA,1166
Alpine, CA,820
Amador, CA,1075
Butte, CA,843
Calaveras, CA,920
Colusa, CA,762
Contra Costa, CA,1239
Del Norte, CA,770
El Dorado, CA,1062
Fresno, CA,801
Glenn, CA,692
Humboldt, CA,795
Imperial, CA,658
Inyo, CA,787
Kern, CA,782
Kings, CA,787
Lake, CA,827
Lassen, CA,855
Los Angeles, CA,1076
Madera, CA,814
Marin, CA,1487
Mariposa, CA,693
Mendocino, CA,862
Merced, CA,783
Modoc, CA,554
Mono, CA,1050
Monterey, CA,1102
Napa, CA,1178
Nevada, CA,1139
Orange, CA,1398
Placer, CA,1155
Plumas, CA,759
Riverside, CA,1085
Sacramento, CA,964
San Benito, CA,1151
San Bernardino, CA,1039
San Diego, CA,1198
San Francisco, CA,1287
San Joaquin, CA,949
San Luis Obispo, CA,1097
San Mateo, CA,1415
Santa Barbara, CA,1231
Santa Clara, CA,1364
Santa Cruz, CA,1251
Shasta, CA,835
Sierra, CA,726
Siskiyou, CA,673
Solano, CA,1171
Sonoma, CA,1185
Stanislaus, CA,915
Sutter, CA,852
Tehama, CA,723
Trinity, CA,677
Tulare, CA,720
Tuolumne, CA,878
Ventura, CA,1350
Yolo, CA,1027
Yuba, CA,789
COLORADO,,835
Adams, CO,869
Alamosa, CO,559
Arapahoe, CO,862
Archuleta, CO,783
Baca, CO,414
Bent, CO,572
Boulder, CO,982
Broomfield, CO,1004
Chaffee, CO,699
Cheyenne, CO,410
Clear Creek, CO,797
Conejos, CO,481
Costilla, CO,434
Crowley, CO,550
Custer, CO,693
Delta, CO,727
Denver, CO,779
Dolores, CO,558
Douglas, CO,1142
Eagle, CO,1254
Elbert, CO,867
El Paso, CO,801
Fremont, CO,664
Garfield, CO,989
Gilpin, CO,957
Grand, CO,851
Gunnison, CO,816
Hinsdale, CO,604
Huerfano, CO,532
Jackson, CO,656
Jefferson, CO,884
Kiowa, CO,517
Kit Carson, CO,538
Lake, CO,739
La Plata, CO,923
Larimer, CO,821
Las Animas, CO,659
Lincoln, CO,647
Logan, CO,606
Mesa, CO,788
Mineral, CO,846
Moffat, CO,728
Montezuma, CO,631
Montrose, CO,750
Morgan, CO,671
Otero, CO,544
Ouray, CO,1123
Park, CO,1139
Phillips, CO,548
Pitkin, CO,1277
Prowers, CO,515
Pueblo, CO,649
Rio Blanco, CO,615
Rio Grande, CO,569
Routt, CO,1051
Saguache, CO,576
San Juan, CO,770
San Miguel, CO,909
Sedgwick, CO,490
Summit, CO,1181
Teller, CO,830
Washington, CO,551
Weld, CO,768
Yuma, CO,518
CONNECTICUT,,958
Fairfield, CT,1184
Hartford, CT,881
Litchfield, CT,866
Middlesex, CT,940
New Haven, CT,965
New London, CT,954
Tolland, CT,924
Windham, CT,770
DELAWARE,,911
Kent, DE,869
New Castle, DE,933
Sussex, DE,840
DISTRICT OF COLUMBIA,,971
District of Columbia,,971
FLORIDA,,934
Alachua, FL,833
Baker, FL,678
Bay, FL,855
Bradford, FL,659
Brevard, FL,882
Broward, FL,1111
Calhoun, FL,518
Charlotte, FL,910
Citrus, FL,725
Clay, FL,943
Collier, FL,1078
Columbia, FL,631
DeSoto, FL,686
Dixie, FL,526
Duval, FL,856
Escambia, FL,802
Flagler, FL,1038
Franklin, FL,657
Gadsden, FL,651
Gilchrist, FL,683
Glades, FL,824
Gulf, FL,695
Hamilton, FL,573
Hardee, FL,757
Hendry, FL,756
Hernando, FL,828
Highlands, FL,701
Hillsborough, FL,889
Holmes, FL,546
Indian River, FL,915
Jackson, FL,512
Jefferson, FL,673
Lafayette, FL,567
Lake, FL,851
Lee, FL,975
Leon, FL,847
Levy, FL,599
Liberty, FL,627
Madison, FL,579
Manatee, FL,933
Marion, FL,796
Martin, FL,992
Miami-Dade, FL,965
Monroe, FL,1190
Nassau, FL,873
Okaloosa, FL,914
Okeechobee, FL,820
Orange, FL,973
Osceola, FL,1015
Palm Beach, FL,1111
Pasco, FL,836
Pinellas, FL,873
Polk, FL,811
Putnam, FL,571
St. Johns, FL,987
St. Lucie, FL,1034
Santa Rosa, FL,896
Sarasota, FL,1002
Seminole, FL,1010
Sumter, FL,655
Suwannee, FL,617
Taylor, FL,616
Union, FL,507
Volusia, FL,858
Wakulla, FL,781
Walton, FL,897
Washington, FL,564
GEORGIA,,787
Appling, GA,446
Atkinson, GA,409
Bacon, GA,505
Baker, GA,459
Baldwin, GA,640
Banks, GA,590
Barrow, GA,802
Bartow, GA,782
Ben Hill, GA,576
Berrien, GA,516
Bibb, GA,668
Bleckley, GA,513
Brantley, GA,447
Brooks, GA,513
Bryan, GA,940
Bulloch, GA,576
Burke, GA,444
Butts, GA,760
Calhoun, GA,417
Camden, GA,751
Candler, GA,503
Carroll, GA,734
Catoosa, GA,604
Charlton, GA,645
Chatham, GA,847
Chattahoochee, GA,1112
Chattooga, GA,499
Cherokee, GA,918
Clarke, GA,719
Clay, GA,421
Clayton, GA,855
Clinch, GA,333
Cobb, GA,927
Coffee, GA,510
Colquitt, GA,538
Columbia, GA,851
Cook, GA,621
Coweta, GA,883
Crawford, GA,610
Crisp, GA,553
Dade, GA,571
Dawson, GA,835
Decatur, GA,509
DeKalb, GA,900
Dodge, GA,438
Dooly, GA,505
Dougherty, GA,602
Douglas, GA,869
Early, GA,545
Echols, GA,550
Effingham, GA,793
Elbert, GA,482
Emanuel, GA,437
Evans, GA,459
Fannin, GA,552
Fayette, GA,1001
Floyd, GA,652
Forsyth, GA,1039
Franklin, GA,523
Fulton, GA,913
Gilmer, GA,635
Glascock, GA,512
Glynn, GA,732
Gordon, GA,613
Grady, GA,593
Greene, GA,612
Gwinnett, GA,939
Habersham, GA,566
Hall, GA,803
Hancock, GA,619
Haralson, GA,636
Harris, GA,758
Hart, GA,559
Heard, GA,710
Henry, GA,977
Houston, GA,733
Irwin, GA,525
Jackson, GA,691
Jasper, GA,649
Jeff Davis, GA,383
Jefferson, GA,459
Jenkins, GA,444
Johnson, GA,421
Jones, GA,708
Lamar, GA,641
Lanier, GA,605
Laurens, GA,531
Lee, GA,719
Liberty, GA,762
Lincoln, GA,628
Long, GA,596
Lowndes, GA,692
Lumpkin, GA,743
McDuffie, GA,576
McIntosh, GA,599
Macon, GA,392
Madison, GA,659
Marion, GA,399
Meriwether, GA,614
Miller, GA,491
Mitchell, GA,561
Monroe, GA,638
Montgomery, GA,474
Morgan, GA,692
Murray, GA,570
Muscogee, GA,693
Newton, GA,864
Oconee, GA,763
Oglethorpe, GA,584
Paulding, GA,876
Peach, GA,613
Pickens, GA,695
Pierce, GA,515
Pike, GA,760
Polk, GA,613
Pulaski, GA,463
Putnam, GA,672
Quitman, GA,542
Rabun, GA,622
Randolph, GA,449
Richmond, GA,676
Rockdale, GA,905
Schley, GA,626
Screven, GA,480
Seminole, GA,516
Spalding, GA,753
Stephens, GA,548
Stewart, GA,505
Sumter, GA,593
Talbot, GA,439
Taliaferro, GA,455
Tattnall, GA,437
Taylor, GA,481
Telfair, GA,469
Terrell, GA,425
Thomas, GA,624
Tift, GA,559
Toombs, GA,526
Towns, GA,697
Treutlen, GA,411
Troup, GA,630
Turner, GA,474
Twiggs, GA,621
Union, GA,634
Upson, GA,544
Walker, GA,613
Walton, GA,809
Ware, GA,545
Warren, GA,476
Washington, GA,481
Wayne, GA,507
Webster, GA,333
Wheeler, GA,396
White, GA,711
Whitfield, GA,632
Wilcox, GA,460
Wilkes, GA,497
Wilkinson, GA,480
Worth, GA,535
HAWAII,,1221
Hawaii, HI,1011
Honolulu, HI,1262
Kalawao, HI,2001
Kauai, HI,1177
Maui, HI,1251
IDAHO,,674
Ada, ID,763
Adams, ID,548
Bannock, ID,569
Bear Lake, ID,514
Benewah, ID,530
Bingham, ID,554
Blaine, ID,891
Boise, ID,713
Bonner, ID,667
Bonneville, ID,648
Boundary, ID,548
Butte, ID,431
Camas, ID,803
Canyon, ID,693
Caribou, ID,511
Cassia, ID,518
Clark, ID,500
Clearwater, ID,524
Custer, ID,447
Elmore, ID,665
Franklin, ID,568
Fremont, ID,596
Gem, ID,675
Gooding, ID,554
Idaho, ID,489
Jefferson, ID,560
Jerome, ID,647
Kootenai, ID,758
Latah, ID,630
Lemhi, ID,507
Lewis, ID,539
Lincoln, ID,535
Madison, ID,605
Minidoka, ID,476
Nez Perce, ID,571
Oneida, ID,557
Owyhee, ID,504
Payette, ID,560
Power, ID,482
Shoshone, ID,495
Teton, ID,790
Twin Falls, ID,625
Valley, ID,837
Washington, ID,530
ILLINOIS,,813
Adams, IL,533
Alexander, IL,421
Bond, IL,623
Boone, IL,690
Brown, IL,443
Bureau, IL,556
Calhoun, IL,446
Carroll, IL,509
Cass, IL,592
Champaign, IL,721
Christian, IL,545
Clark, IL,579
Clay, IL,462
Clinton, IL,606
Coles, IL,591
Cook, IL,882
Crawford, IL,513
Cumberland, IL,515
DeKalb, IL,769
De Witt, IL,534
Douglas, IL,573
DuPage, IL,995
Edgar, IL,515
Edwards, IL,454
Effingham, IL,530
Fayette, IL,548
Ford, IL,546
Franklin, IL,516
Fulton, IL,550
Gallatin, IL,366
Greene, IL,483
Grundy, IL,827
Hamilton, IL,371
Hancock, IL,502
Hardin, IL,313
Henderson, IL,515
Henry, IL,588
Iroquois, IL,621
Jackson, IL,572
Jasper, IL,424
Jefferson, IL,526
Jersey, IL,538
Jo Daviess, IL,595
Johnson, IL,482
Kane, IL,909
Kankakee, IL,704
Kendall, IL,1027
Knox, IL,528
Lake, IL,943
LaSalle, IL,636
Lawrence, IL,461
Lee, IL,571
Livingston, IL,572
Logan, IL,551
McDonough, IL,652
McHenry, IL,989
McLean, IL,690
Macon, IL,582
Macoupin, IL,555
Madison, IL,681
Marion, IL,551
Marshall, IL,566
Mason, IL,560
Massac, IL,479
Menard, IL,624
Mercer, IL,545
Monroe, IL,731
Montgomery, IL,536
Morgan, IL,533
Moultrie, IL,525
Ogle, IL,610
Peoria, IL,658
Perry, IL,464
Piatt, IL,625
Pike, IL,471
Pope, IL,374
Pulaski, IL,453
Putnam, IL,566
Randolph, IL,535
Richland, IL,542
Rock Island, IL,592
St. Clair, IL,693
Saline, IL,487
Sangamon, IL,650
Schuyler, IL,451
Scott, IL,446
Shelby, IL,521
Stark, IL,461
Stephenson, IL,553
Tazewell, IL,619
Union, IL,459
Vermilion, IL,578
Wabash, IL,474
Warren, IL,565
Washington, IL,526
Wayne, IL,487
White, IL,460
Whiteside, IL,595
Will, IL,855
Williamson, IL,580
Winnebago, IL,659
Woodford, IL,653
INDIANA,,671
Adams, IN,575
Allen, IN,622
Bartholomew, IN,728
Benton, IN,595
Blackford, IN,507
Boone, IN,739
Brown, IN,809
Carroll, IN,578
Cass, IN,557
Clark, IN,679
Clay, IN,590
Clinton, IN,629
Crawford, IN,458
Daviess, IN,584
Dearborn, IN,662
Decatur, IN,578
DeKalb, IN,581
Delaware, IN,621
Dubois, IN,568
Elkhart, IN,693
Fayette, IN,571
Floyd, IN,662
Fountain, IN,530
Franklin, IN,567
Fulton, IN,581
Gibson, IN,559
Grant, IN,544
Greene, IN,524
Hamilton, IN,916
Hancock, IN,727
Harrison, IN,623
Hendricks, IN,834
Henry, IN,584
Howard, IN,635
Huntington, IN,582
Jackson, IN,647
Jasper, IN,651
Jay, IN,482
Jefferson, IN,586
Jennings, IN,639
Johnson, IN,763
Knox, IN,525
Kosciusko, IN,653
LaGrange, IN,651
Lake, IN,729
LaPorte, IN,653
Lawrence, IN,554
Madison, IN,634
Marion, IN,700
Marshall, IN,627
Martin, IN,503
Miami, IN,572
Monroe, IN,714
Montgomery, IN,588
Morgan, IN,693
Newton, IN,615
Noble, IN,585
Ohio, IN,619
Orange, IN,549
Owen, IN,573
Parke, IN,503
Perry, IN,450
Pike, IN,486
Porter, IN,787
Posey, IN,509
Pulaski, IN,589
Putnam, IN,661
Randolph, IN,543
Ripley, IN,646
Rush, IN,562
St. Joseph, IN,683
Scott, IN,666
Shelby, IN,648
Spencer, IN,533
Starke, IN,598
Steuben, IN,621
Sullivan, IN,485
Switzerland, IN,572
Tippecanoe, IN,717
Tipton, IN,639
Union, IN,604
Vanderburgh, IN,646
Vermillion, IN,567
Vigo, IN,589
Wabash, IN,533
Warren, IN,591
Warrick, IN,672
Washington, IN,483
Wayne, IN,579
Wells, IN,566
White, IN,634
Whitley, IN,551
IOWA,,607
Adair, IA,507
Adams, IA,430
Allamakee, IA,491
Appanoose, IA,487
Audubon, IA,433
Benton, IA,531
Black Hawk, IA,607
Boone, IA,575
Bremer, IA,576
Buchanan, IA,504
Buena Vista, IA,549
Butler, IA,470
Calhoun, IA,422
Carroll, IA,471
Cass, IA,520
Cedar, IA,582
Cerro Gordo, IA,569
Cherokee, IA,466
Chickasaw, IA,493
Clarke, IA,466
Clay, IA,487
Clayton, IA,465
Clinton, IA,527
Crawford, IA,478
Dallas, IA,677
Davis, IA,473
Decatur, IA,472
Delaware, IA,480
Des Moines, IA,567
Dickinson, IA,518
Dubuque, IA,558
Emmet, IA,518
Fayette, IA,470
Floyd, IA,415
Franklin, IA,498
Fremont, IA,507
Greene, IA,487
Grundy, IA,484
Guthrie, IA,531
Hamilton, IA,582
Hancock, IA,495
Hardin, IA,517
Harrison, IA,560
Henry, IA,540
Howard, IA,508
Humboldt, IA,466
Ida, IA,415
Iowa, IA,563
Jackson, IA,500
Jasper, IA,584
Jefferson, IA,555
Johnson, IA,725
Jones, IA,548
Keokuk, IA,481
Kossuth, IA,427
Lee, IA,487
Linn, IA,611
Louisa, IA,589
Lucas, IA,460
Lyon, IA,530
Madison, IA,625
Mahaska, IA,509
Marion, IA,601
Marshall, IA,557
Mills, IA,649
Mitchell, IA,462
Monona, IA,439
Monroe, IA,531
Montgomery, IA,525
Muscatine, IA,596
O'Brien, IA,511
Osceola, IA,494
Page, IA,483
Palo Alto, IA,366
Plymouth, IA,527
Pocahontas, IA,396
Polk, IA,707
Pottawattamie, IA,686
Poweshiek, IA,518
Ringgold, IA,506
Sac, IA,443
Scott, IA,626
Shelby, IA,530
Sioux, IA,491
Story, IA,711
Tama, IA,545
Taylor, IA,427
Union, IA,552
Van Buren, IA,480
Wapello, IA,562
Warren, IA,656
Washington, IA,564
Wayne, IA,420
Webster, IA,520
Winnebago, IA,455
Winneshiek, IA,499
Woodbury, IA,599
Worth, IA,482
Wright, IA,460
KANSAS,,652
Allen, KS,467
Anderson, KS,465
Atchison, KS,530
Barber, KS,510
Barton, KS,514
Bourbon, KS,546
Brown, KS,472
Butler, KS,646
Chase, KS,506
Chautauqua, KS,534
Cherokee, KS,520
Cheyenne, KS,476
Clark, KS,466
Clay, KS,575
Cloud, KS,431
Coffey, KS,479
Comanche, KS,329
Cowley, KS,582
Crawford, KS,609
Decatur, KS,417
Dickinson, KS,543
Doniphan, KS,526
Douglas, KS,756
Edwards, KS,453
Elk, KS,355
Ellis, KS,583
Ellsworth, KS,447
Finney, KS,616
Ford, KS,584
Franklin, KS,675
Geary, KS,719
Gove, KS,469
Graham, KS,404
Grant, KS,379
Gray, KS,558
Greeley, KS,650
Greenwood, KS,452
Hamilton, KS,602
Harper, KS,465
Harvey, KS,571
Haskell, KS,521
Hodgeman, KS,451
Jackson, KS,580
Jefferson, KS,652
Jewell, KS,388
Johnson, KS,849
Kearny, KS,489
Kingman, KS,491
Kiowa, KS,439
Labette, KS,474
Lane, KS,522
Leavenworth, KS,741
Lincoln, KS,503
Linn, KS,506
Logan, KS,444
Lyon, KS,568
McPherson, KS,561
Marion, KS,406
Marshall, KS,501
Meade, KS,521
Miami, KS,651
Mitchell, KS,459
Montgomery, KS,531
Morris, KS,468
Morton, KS,598
Nemaha, KS,361
Neosho, KS,460
Ness, KS,440
Norton, KS,474
Osage, KS,533
Osborne, KS,478
Ottawa, KS,561
Pawnee, KS,524
Phillips, KS,428
Pottawatomie, KS,609
Pratt, KS,606
Rawlins, KS,342
Reno, KS,568
Republic, KS,422
Rice, KS,499
Riley, KS,721
Rooks, KS,473
Rush, KS,439
Russell, KS,388
Saline, KS,577
Scott, KS,521
Sedgwick, KS,627
Seward, KS,578
Shawnee, KS,637
Sheridan, KS,525
Sherman, KS,577
Smith, KS,403
Stafford, KS,409
Stanton, KS,464
Stevens, KS,618
Sumner, KS,535
Thomas, KS,505
Trego, KS,454
Wabaunsee, KS,520
Wallace, KS,379
Washington, KS,365
Wichita, KS,607
Wilson, KS,473
Woodson, KS,433
Wyandotte, KS,691
KENTUCKY,,584
Adair, KY,417
Allen, KY,473
Anderson, KY,644
Ballard, KY,491
Barren, KY,537
Bath, KY,387
Bell, KY,400
Boone, KY,786
Bourbon, KY,583
Boyd, KY,541
Boyle, KY,572
Bracken, KY,470
Breathitt, KY,383
Breckinridge, KY,474
Bullitt, KY,662
Butler, KY,461
Caldwell, KY,507
Calloway, KY,518
Campbell, KY,653
Carlisle, KY,476
Carroll, KY,555
Carter, KY,486
Casey, KY,383
Christian, KY,664
Clark, KY,612
Clay, KY,414
Clinton, KY,354
Crittenden, KY,414
Cumberland, KY,241
Daviess, KY,544
Edmonson, KY,495
Elliott, KY,427
Estill, KY,516
Fayette, KY,671
Fleming, KY,510
Floyd, KY,461
Franklin, KY,593
Fulton, KY,347
Gallatin, KY,541
Garrard, KY,546
Grant, KY,660
Graves, KY,501
Grayson, KY,489
Green, KY,478
Greenup, KY,532
Hancock, KY,449
Hardin, KY,610
Harlan, KY,424
Harrison, KY,480
Hart, KY,389
Henderson, KY,526
Henry, KY,631
Hickman, KY,430
Hopkins, KY,508
Jackson, KY,491
Jefferson, KY,657
Jessamine, KY,670
Johnson, KY,421
Kenton, KY,653
Knott, KY,405
Knox, KY,440
Larue, KY,443
Laurel, KY,505
Lawrence, KY,436
Lee, KY,299
Leslie, KY,398
Letcher, KY,408
Lewis, KY,425
Lincoln, KY,524
Livingston, KY,445
Logan, KY,525
Lyon, KY,523
McCracken, KY,535
McCreary, KY,393
McLean, KY,458
Madison, KY,535
Magoffin, KY,409
Marion, KY,483
Marshall, KY,563
Martin, KY,413
Mason, KY,475
Meade, KY,597
Menifee, KY,439
Mercer, KY,531
Metcalfe, KY,463
Monroe, KY,402
Montgomery, KY,544
Morgan, KY,432
Muhlenberg, KY,474
Nelson, KY,590
Nicholas, KY,405
Ohio, KY,483
Oldham, KY,676
Owen, KY,570
Owsley, KY,357
Pendleton, KY,615
Perry, KY,436
Pike, KY,495
Powell, KY,534
Pulaski, KY,510
Robertson, KY,376
Rockcastle, KY,437
Rowan, KY,469
Russell, KY,484
Scott, KY,673
Shelby, KY,675
Simpson, KY,625
Spencer, KY,623
Taylor, KY,507
Todd, KY,510
Trigg, KY,475
Trimble, KY,570
Union, KY,452
Warren, KY,611
Washington, KY,526
Wayne, KY,381
Webster, KY,483
Whitley, KY,506
Wolfe, KY,245
Woodford, KY,735
LOUISIANA,,674
Acadia, LA,483
Allen, LA,505
Ascension, LA,697
Assumption, LA,549
Avoyelles, LA,492
Beauregard, LA,527
Bienville, LA,419
Bossier, LA,680
Caddo, LA,640
Calcasieu, LA,652
Caldwell, LA,415
Cameron, LA,622
Catahoula, LA,438
Claiborne, LA,529
Concordia, LA,438
De Soto, LA,445
East Baton Rouge, LA,743
East Carroll, LA,402
East Feliciana, LA,499
Evangeline, LA,453
Franklin, LA,485
Grant, LA,634
Iberia, LA,608
Iberville, LA,479
Jackson, LA,503
Jefferson, LA,828
Jefferson Davis, LA,547
Lafayette, LA,666
Lafourche, LA,545
La Salle, LA,443
Lincoln, LA,592
Livingston, LA,655
Madison, LA,508
Morehouse, LA,543
Natchitoches, LA,552
Orleans, LA,818
Ouachita, LA,593
Plaquemines, LA,1046
Pointe Coupee, LA,483
Rapides, LA,654
Red River, LA,390
Richland, LA,531
Sabine, LA,428
St. Bernard, LA,755
St. Charles, LA,818
St. Helena, LA,506
St. James, LA,550
St. John the Baptist, LA,685
St. Landry, LA,471
St. Martin, LA,518
St. Mary, LA,558
St. Tammany, LA,934
Tangipahoa, LA,654
Tensas, LA,390
Terrebonne, LA,662
Union, LA,458
Vermilion, LA,519
Vernon, LA,716
Washington, LA,496
Webster, LA,489
West Baton Rouge, LA,620
West Carroll, LA,408
West Feliciana, LA,612
Winn, LA,386
MAINE,,688
Androscoggin, ME,631
Aroostook, ME,481
Cumberland, ME,851
Franklin, ME,525
Hancock, ME,688
Kennebec, ME,597
Knox, ME,715
Lincoln, ME,741
Oxford, ME,601
Penobscot, ME,643
Piscataquis, ME,503
Sagadahoc, ME,761
Somerset, ME,551
Waldo, ME,646
Washington, ME,492
York, ME,811
MARYLAND,,1042
Allegany, MD,508
Anne Arundel, MD,1248
Baltimore, MD,992
Calvert, MD,1202
Caroline, MD,784
Carroll, MD,885
Cecil, MD,923
Charles, MD,1215
Dorchester, MD,674
Frederick, MD,1084
Garrett, MD,522
Harford, MD,935
Howard, MD,1302
Kent, MD,712
Montgomery, MD,1372
Prince George's, MD,1109
Queen Anne's, MD,936
St. Mary's, MD,1053
Somerset, MD,663
Talbot, MD,878
Washington, MD,750
Wicomico, MD,903
Worcester, MD,816
Baltimore city, MD,813
MASSACHUSETTS,,987
Barnstable, MA,1045
Berkshire, MA,690
Bristol, MA,769
Dukes, MA,1159
Essex, MA,971
Franklin, MA,786
Hampden, MA,716
Hampshire, MA,847
Middlesex, MA,1191
Nantucket, MA,1575
Norfolk, MA,1193
Plymouth, MA,1009
Suffolk, MA,1144
Worcester, MA,847
MICHIGAN,,709
Alcona, MI,492
Alger, MI,515
Allegan, MI,640
Alpena, MI,469
Antrim, MI,660
Arenac, MI,511
Baraga, MI,442
Barry, MI,651
Bay, MI,553
Benzie, MI,706
Berrien, MI,578
Branch, MI,608
Calhoun, MI,628
Cass, MI,594
Charlevoix, MI,624
Cheboygan, MI,579
Chippewa, MI,589
Clare, MI,575
Clinton, MI,700
Crawford, MI,611
Delta, MI,509
Dickinson, MI,529
Eaton, MI,700
Emmet, MI,709
Genesee, MI,645
Gladwin, MI,525
Gogebic, MI,479
Grand Traverse, MI,787
Gratiot, MI,592
Hillsdale, MI,621
Houghton, MI,525
Huron, MI,501
Ingham, MI,704
Ionia, MI,604
Iosco, MI,561
Iron, MI,437
Isabella, MI,640
Jackson, MI,669
Kalamazoo, MI,659
Kalkaska, MI,716
Kent, MI,687
Keweenaw, MI,307
Lake, MI,478
Lapeer, MI,679
Leelanau, MI,695
Lenawee, MI,623
Livingston, MI,853
Luce, MI,559
Mackinac, MI,548
Macomb, MI,738
Manistee, MI,607
Marquette, MI,542
Mason, MI,586
Mecosta, MI,612
Menominee, MI,481
Midland, MI,604
Missaukee, MI,643
Monroe, MI,709
Montcalm, MI,598
Montmorency, MI,592
Muskegon, MI,600
Newaygo, MI,589
Oakland, MI,859
Oceana, MI,582
Ogemaw, MI,572
Ontonagon, MI,418
Osceola, MI,525
Oscoda, MI,502
Otsego, MI,643
Ottawa, MI,725
Presque Isle, MI,456
Roscommon, MI,551
Saginaw, MI,650
St. Clair, MI,695
St. Joseph, MI,577
Sanilac, MI,581
Schoolcraft, MI,524
Shiawassee, MI,617
Tuscola, MI,575
Van Buren, MI,562
Washtenaw, MI,855
Wayne, MI,746
Wexford, MI,585
MINNESOTA,,746
Aitkin, MN,497
Anoka, MN,848
Becker, MN,554
Beltrami, MN,555
Benton, MN,627
Big Stone, MN,472
Blue Earth, MN,636
Brown, MN,493
Carlton, MN,626
Carver, MN,856
Cass, MN,478
Chippewa, MN,497
Chisago, MN,749
Clay, MN,608
Clearwater, MN,461
Cook, MN,589
Cottonwood, MN,411
Crow Wing, MN,615
Dakota, MN,888
Dodge, MN,603
Douglas, MN,574
Faribault, MN,467
Fillmore, MN,521
Freeborn, MN,550
Goodhue, MN,661
Grant, MN,485
Hennepin, MN,837
Houston, MN,515
Hubbard, MN,621
Isanti, MN,792
Itasca, MN,602
Jackson, MN,542
Kanabec, MN,733
Kandiyohi, MN,542
Kittson, MN,446
Koochiching, MN,460
Lac qui Parle, MN,446
Lake, MN,614
Lake of the Woods, MN,570
Le Sueur, MN,575
Lincoln, MN,456
Lyon, MN,541
McLeod, MN,623
Mahnomen, MN,419
Marshall, MN,493
Martin, MN,528
Meeker, MN,655
Mille Lacs, MN,579
Morrison, MN,520
Mower, MN,578
Murray, MN,479
Nicollet, MN,630
Nobles, MN,554
Norman, MN,413
Olmsted, MN,708
Otter Tail, MN,513
Pennington, MN,485
Pine, MN,573
Pipestone, MN,476
Polk, MN,500
Pope, MN,528
Ramsey, MN,784
Red Lake, MN,424
Redwood, MN,504
Renville, MN,525
Rice, MN,722
Rock, MN,555
Roseau, MN,550
St. Louis, MN,621
Scott, MN,880
Sherburne, MN,786
Sibley, MN,576
Stearns, MN,666
Steele, MN,658
Stevens, MN,563
Swift, MN,473
Todd, MN,525
Traverse, MN,387
Wabasha, MN,567
Wadena, MN,463
Waseca, MN,533
Washington, MN,962
Watonwan, MN,516
Wilkin, MN,485
Winona, MN,562
Wright, MN,755
Yellow Medicine, MN,456
MISSISSIPPI,,622
Adams, MS,533
Alcorn, MS,437
Amite, MS,550
Attala, MS,478
Benton, MS,533
Bolivar, MS,574
Calhoun, MS,474
Carroll, MS,558
Chickasaw, MS,467
Choctaw, MS,497
Claiborne, MS,517
Clarke, MS,561
Clay, MS,554
Coahoma, MS,562
Copiah, MS,539
Covington, MS,522
DeSoto, MS,876
Forrest, MS,610
Franklin, MS,347
George, MS,488
Greene, MS,530
Grenada, MS,534
Hancock, MS,729
Harrison, MS,811
Hinds, MS,733
Holmes, MS,460
Humphreys, MS,448
Issaquena, MS,368
Itawamba, MS,529
Jackson, MS,754
Jasper, MS,472
Jefferson, MS,388
Jefferson Davis, MS,465
Jones, MS,578
Kemper, MS,491
Lafayette, MS,697
Lamar, MS,772
Lauderdale, MS,584
Lawrence, MS,537
Leake, MS,579
Lee, MS,548
Leflore, MS,443
Lincoln, MS,517
Lowndes, MS,570
Madison, MS,777
Marion, MS,525
Marshall, MS,520
Monroe, MS,485
Montgomery, MS,503
Neshoba, MS,548
Newton, MS,488
Noxubee, MS,445
Oktibbeha, MS,599
Panola, MS,595
Pearl River, MS,641
Perry, MS,483
Pike, MS,532
Pontotoc, MS,568
Prentiss, MS,458
Quitman, MS,413
Rankin, MS,808
Scott, MS,548
Sharkey, MS,451
Simpson, MS,572
Smith, MS,551
Stone, MS,614
Sunflower, MS,487
Tallahatchie, MS,453
Tate, MS,630
Tippah, MS,522
Tishomingo, MS,437
Tunica, MS,651
Union, MS,528
Walthall, MS,602
Warren, MS,629
Washington, MS,574
Wayne, MS,455
Webster, MS,461
Wilkinson, MS,452
Winston, MS,609
Yalobusha, MS,453
Yazoo, MS,559
MISSOURI,,650
Adair, MO,525
Andrew, MO,598
Atchison, MO,427
Audrain, MO,518
Barry, MO,507
Barton, MO,553
Bates, MO,607
Benton, MO,489
Bollinger, MO,528
Boone, MO,710
Buchanan, MO,601
Butler, MO,516
Caldwell, MO,550
Callaway, MO,565
Camden, MO,589
Cape Girardeau, MO,566
Carroll, MO,486
Carter, MO,386
Cass, MO,836
Cedar, MO,532
Chariton, MO,404
Christian, MO,684
Clark, MO,420
Clay, MO,721
Clinton, MO,624
Cole, MO,545
Cooper, MO,560
Crawford, MO,517
Dade, MO,439
Dallas, MO,464
Daviess, MO,518
DeKalb, MO,435
Dent, MO,508
Douglas, MO,384
Dunklin, MO,435
Franklin, MO,622
Gasconade, MO,528
Gentry, MO,438
Greene, MO,621
Grundy, MO,455
Harrison, MO,479
Henry, MO,509
Hickory, MO,424
Holt, MO,467
Howard, MO,477
Howell, MO,489
Iron, MO,458
Jackson, MO,711
Jasper, MO,609
Jefferson, MO,668
Johnson, MO,608
Knox, MO,446
Laclede, MO,517
Lafayette, MO,553
Lawrence, MO,557
Lewis, MO,441
Lincoln, MO,655
Linn, MO,475
Livingston, MO,517
McDonald, MO,500
Macon, MO,448
Madison, MO,522
Maries, MO,430
Marion, MO,478
Mercer, MO,435
Miller, MO,524
Mississippi, MO,454
Moniteau, MO,558
Monroe, MO,478
Montgomery, MO,524
Morgan, MO,514
New Madrid, MO,436
Newton, MO,551
Nodaway, MO,482
Oregon, MO,394
Osage, MO,485
Ozark, MO,443
Pemiscot, MO,469
Perry, MO,555
Pettis, MO,574
Phelps, MO,571
Pike, MO,529
Platte, MO,790
Polk, MO,557
Pulaski, MO,794
Putnam, MO,516
Ralls, MO,526
Randolph, MO,557
Ray, MO,619
Reynolds, MO,371
Ripley, MO,470
St. Charles, MO,813
St. Clair, MO,464
Ste. Genevieve, MO,565
St. Francois, MO,515
St. Louis, MO,778
Saline, MO,493
Schuyler, MO,366
Scotland, MO,319
Scott, MO,501
Shannon, MO,389
Shelby, MO,402
Stoddard, MO,515
Stone, MO,606
Sullivan, MO,456
Taney, MO,635
Texas, MO,471
Vernon, MO,478
Warren, MO,650
Washington, MO,494
Wayne, MO,418
Webster, MO,571
Worth, MO,253
Wright, MO,402
St. Louis city, MO,636
MONTANA,,613
Beaverhead, MT,547
Big Horn, MT,492
Blaine, MT,318
Broadwater, MT,423
Carbon, MT,599
Carter, MT,391
Cascade, MT,537
Chouteau, MT,380
Custer, MT,459
Daniels, MT,346
Dawson, MT,456
Deer Lodge, MT,499
Fallon, MT,423
Fergus, MT,446
Flathead, MT,698
Gallatin, MT,791
Garfield, MT,354
Glacier, MT,482
Golden Valley, MT,545
Granite, MT,542
Hill, MT,479
Jefferson, MT,573
Judith Basin, MT,446
Lake, MT,544
Lewis and Clark, MT,642
Liberty, MT,421
Lincoln, MT,484
McCone, MT,352
Madison, MT,619
Meagher, MT,441
Mineral, MT,564
Missoula, MT,683
Musselshell, MT,498
Park, MT,595
Petroleum, MT,388
Phillips, MT,405
Pondera, MT,490
Powder River, MT,480
Powell, MT,604
Prairie, MT,383
Ravalli, MT,680
Richland, MT,471
Roosevelt, MT,478
Rosebud, MT,495
Sanders, MT,548
Sheridan, MT,427
Silver Bow, MT,532
Stillwater, MT,584
Sweet Grass, MT,536
Teton, MT,581
Toole, MT,498
Treasure, MT,596
Valley, MT,431
Wheatland, MT,289
Wibaux, MT,496
Yellowstone, MT,634
Yellowstone National Park, MT,0
NEBRASKA,,632
Adams, NE,569
Antelope, NE,438
Arthur, NE,425
Banner, NE,410
Blaine, NE,306
Boone, NE,416
Box Butte, NE,481
Boyd, NE,364
Brown, NE,433
Buffalo, NE,600
Burt, NE,535
Butler, NE,551
Cass, NE,662
Cedar, NE,443
Chase, NE,460
Cherry, NE,566
Cheyenne, NE,530
Clay, NE,452
Colfax, NE,622
Cuming, NE,480
Custer, NE,376
Dakota, NE,640
Dawes, NE,489
Dawson, NE,500
Deuel, NE,525
Dixon, NE,451
Dodge, NE,599
Douglas, NE,704
Dundy, NE,371
Fillmore, NE,478
Franklin, NE,598
Frontier, NE,539
Furnas, NE,412
Gage, NE,564
Garden, NE,435
Garfield, NE,355
Gosper, NE,537
Grant, NE,434
Greeley, NE,425
Hall, NE,582
Hamilton, NE,566
Harlan, NE,442
Hayes, NE,902
Hitchcock, NE,467
Holt, NE,433
Hooker, NE,368
Howard, NE,558
Jefferson, NE,452
Johnson, NE,425
Kearney, NE,538
Keith, NE,653
Keya Paha, NE,484
Kimball, NE,588
Knox, NE,392
Lancaster, NE,658
Lincoln, NE,589
Logan, NE,587
Loup, NE,542
McPherson, NE,443
Madison, NE,518
Merrick, NE,520
Morrill, NE,574
Nance, NE,440
Nemaha, NE,464
Nuckolls, NE,477
Otoe, NE,568
Pawnee, NE,435
Perkins, NE,545
Phelps, NE,476
Pierce, NE,485
Platte, NE,516
Polk, NE,523
Red Willow, NE,518
Richardson, NE,452
Rock, NE,558
Saline, NE,603
Sarpy, NE,776
Saunders, NE,670
Scotts Bluff, NE,558
Seward, NE,505
Sheridan, NE,478
Sherman, NE,443
Sioux, NE,658
Stanton, NE,586
Thayer, NE,427
Thomas, NE,532
Thurston, NE,487
Valley, NE,343
Washington, NE,666
Wayne, NE,472
Webster, NE,425
Wheeler, NE,367
York, NE,539
NEVADA,,989
Churchill, NV,799
Clark, NV,1024
Douglas, NV,1038
Elko, NV,709
Esmeralda, NV,421
Eureka, NV,783
Humboldt, NV,603
Lander, NV,638
Lincoln, NV,794
Lyon, NV,869
Mineral, NV,535
Nye, NV,799
Pershing, NV,645
Storey, NV,682
Washoe, NV,917
White Pine, NV,671
Carson City city, NV,895
NEW HAMPSHIRE,,922
Belknap, NH,802
Carroll, NH,792
Cheshire, NH,883
Coos, NH,565
Grafton, NH,829
Hillsborough, NH,996
Merrimack, NH,888
Rockingham, NH,1026
Strafford, NH,879
Sullivan, NH,746
NEW JERSEY,,1059
Atlantic, NJ,934
Bergen, NJ,1211
Burlington, NJ,1059
Camden, NJ,869
Cape May, NJ,957
Cumberland, NJ,834
Essex, NJ,950
Gloucester, NJ,938
Hudson, NJ,1033
Hunterdon, NJ,1132
Mercer, NJ,1023
Middlesex, NJ,1166
Monmouth, NJ,1097
Morris, NJ,1199
Ocean, NJ,1204
Passaic, NJ,1053
Salem, NJ,841
Somerset, NJ,1252
Sussex, NJ,1099
Union, NJ,1059
Warren, NJ,920
NEW MEXICO,,659
Bernalillo, NM,692
Catron, NM,492
Chaves, NM,551
Cibola, NM,450
Colfax, NM,527
Curry, NM,542
De Baca, NM,515
Dona Ana, NM,611
Eddy, NM,585
Grant, NM,528
Guadalupe, NM,471
Harding, NM,317
Hidalgo, NM,467
Lea, NM,587
Lincoln, NM,645
Los Alamos, NM,927
Luna, NM,474
McKinley, NM,494
Mora, NM,541
Otero, NM,570
Quay, NM,511
Rio Arriba, NM,609
Roosevelt, NM,510
Sandoval, NM,919
San Juan, NM,656
San Miguel, NM,543
Santa Fe, NM,869
Sierra, NM,474
Socorro, NM,540
Taos, NM,711
Torrance, NM,604
Union, NM,546
Valencia, NM,661
NEW YORK,,945
Albany, NY,830
Allegany, NY,566
Bronx, NY,885
Broome, NY,598
Cattaraugus, NY,576
Cayuga, NY,614
Chautauqua, NY,571
Chemung, NY,637
Chenango, NY,558
Clinton, NY,650
Columbia, NY,730
Cortland, NY,656
Delaware, NY,579
Dutchess, NY,1022
Erie, NY,672
Essex, NY,642
Franklin, NY,584
Fulton, NY,616
Genesee, NY,666
Greene, NY,676
Hamilton, NY,647
Herkimer, NY,567
Jefferson, NY,694
Kings, NY,977
Lewis, NY,591
Livingston, NY,656
Madison, NY,682
Monroe, NY,747
Montgomery, NY,638
Nassau, NY,1374
New York, NY,1206
Niagara, NY,604
Oneida, NY,616
Onondaga, NY,695
Ontario, NY,697
Orange, NY,1007
Orleans, NY,633
Oswego, NY,653
Otsego, NY,716
Putnam, NY,1226
Queens, NY,1136
Rensselaer, NY,756
Richmond, NY,1079
Rockland, NY,1218
St. Lawrence, NY,587
Saratoga, NY,855
Schenectady, NY,761
Schoharie, NY,645
Schuyler, NY,600
Seneca, NY,656
Steuben, NY,592
Suffolk, NY,1404
Sullivan, NY,760
Tioga, NY,573
Tompkins, NY,837
Ulster, NY,926
Warren, NY,768
Washington, NY,710
Wayne, NY,652
Westchester, NY,1176
Wyoming, NY,624
Yates, NY,547
NORTH CAROLINA,,702
Alamance, NC,702
Alexander, NC,580
Alleghany, NC,508
Anson, NC,585
Ashe, NC,531
Avery, NC,638
Beaufort, NC,575
Bertie, NC,529
Bladen, NC,548
Brunswick, NC,757
Buncombe, NC,711
Burke, NC,552
Cabarrus, NC,727
Caldwell, NC,564
Camden, NC,850
Carteret, NC,671
Caswell, NC,519
Catawba, NC,604
Chatham, NC,728
Cherokee, NC,531
Chowan, NC,616
Clay, NC,537
Cleveland, NC,605
Columbus, NC,530
Craven, NC,708
Cumberland, NC,762
Currituck, NC,761
Dare, NC,969
Davidson, NC,605
Davie, NC,694
Duplin, NC,527
Durham, NC,786
Edgecombe, NC,590
Forsyth, NC,654
Franklin, NC,648
Gaston, NC,657
Gates, NC,666
Graham, NC,389
Granville, NC,666
Greene, NC,587
Guilford, NC,718
Halifax, NC,582
Harnett, NC,679
Haywood, NC,648
Henderson, NC,668
Hertford, NC,577
Hoke, NC,671
Hyde, NC,706
Iredell, NC,695
Jackson, NC,592
Johnston, NC,709
Jones, NC,547
Lee, NC,611
Lenoir, NC,605
Lincoln, NC,617
McDowell, NC,495
Macon, NC,612
Madison, NC,583
Martin, NC,530
Mecklenburg, NC,814
Mitchell, NC,491
Montgomery, NC,492
Moore, NC,642
Nash, NC,642
New Hanover, NC,820
Northampton, NC,514
Onslow, NC,755
Orange, NC,795
Pamlico, NC,655
Pasquotank, NC,697
Pender, NC,722
Perquimans, NC,575
Person, NC,637
Pitt, NC,650
Polk, NC,608
Randolph, NC,590
Richmond, NC,487
Robeson, NC,525
Rockingham, NC,549
Rowan, NC,644
Rutherford, NC,509
Sampson, NC,533
Scotland, NC,564
Stanly, NC,590
Stokes, NC,533
Surry, NC,501
Swain, NC,591
Transylvania, NC,632
Tyrrell, NC,438
Union, NC,769
Vance, NC,618
Wake, NC,826
Warren, NC,498
Washington, NC,510
Watauga, NC,738
Wayne, NC,613
Wilkes, NC,509
Wilson, NC,688
Yadkin, NC,512
Yancey, NC,437
NORTH DAKOTA,,535
Adams, ND,350
Barnes, ND,445
Benson, ND,358
Billings, ND,453
Bottineau, ND,457
Bowman, ND,438
Burke, ND,367
Burleigh, ND,550
Cass, ND,595
Cavalier, ND,366
Dickey, ND,428
Divide, ND,324
Dunn, ND,380
Eddy, ND,364
Emmons, ND,319
Foster, ND,371
Golden Valley, ND,401
Grand Forks, ND,619
Grant, ND,354
Griggs, ND,415
Hettinger, ND,390
Kidder, ND,363
LaMoure, ND,433
Logan, ND,458
McHenry, ND,409
McIntosh, ND,458
McKenzie, ND,460
McLean, ND,397
Mercer, ND,396
Morton, ND,501
Mountrail, ND,486
Nelson, ND,369
Oliver, ND,378
Pembina, ND,436
Pierce, ND,464
Ramsey, ND,440
Ransom, ND,512
Renville, ND,433
Richland, ND,426
Rolette, ND,339
Sargent, ND,438
Sheridan, ND,354
Sioux, ND,388
Slope, ND,665
Stark, ND,526
Steele, ND,393
Stutsman, ND,500
Towner, ND,383
Traill, ND,473
Walsh, ND,475
Ward, ND,537
Wells, ND,374
Williams, ND,462
OHIO,,665
Adams, OH,498
Allen, OH,590
Ashland, OH,609
Ashtabula, OH,596
Athens, OH,664
Auglaize, OH,617
Belmont, OH,464
Brown, OH,616
Butler, OH,739
Carroll, OH,537
Champaign, OH,581
Clark, OH,614
Clermont, OH,701
Clinton, OH,654
Columbiana, OH,553
Coshocton, OH,490
Crawford, OH,607
Cuyahoga, OH,685
Darke, OH,577
Defiance, OH,579
Delaware, OH,764
Erie, OH,639
Fairfield, OH,724
Fayette, OH,652
Franklin, OH,751
Fulton, OH,629
Gallia, OH,502
Geauga, OH,750
Greene, OH,759
Guernsey, OH,503
Hamilton, OH,632
Hancock, OH,595
Hardin, OH,556
Harrison, OH,478
Henry, OH,600
Highland, OH,604
Hocking, OH,565
Holmes, OH,519
Huron, OH,592
Jackson, OH,521
Jefferson, OH,531
Knox, OH,645
Lake, OH,759
Lawrence, OH,529
Licking, OH,670
Logan, OH,640
Lorain, OH,654
Lucas, OH,623
Madison, OH,650
Mahoning, OH,565
Marion, OH,624
Medina, OH,762
Meigs, OH,475
Mercer, OH,603
Miami, OH,650
Monroe, OH,447
Montgomery, OH,673
Morgan, OH,489
Morrow, OH,640
Muskingum, OH,546
Noble, OH,534
Ottawa, OH,667
Paulding, OH,507
Perry, OH,548
Pickaway, OH,676
Pike, OH,602
Portage, OH,735
Preble, OH,659
Putnam, OH,580
Richland, OH,579
Ross, OH,596
Sandusky, OH,564
Scioto, OH,520
Seneca, OH,570
Shelby, OH,633
Stark, OH,607
Summit, OH,715
Trumbull, OH,578
Tuscarawas, OH,574
Union, OH,746
Van Wert, OH,556
Vinton, OH,510
Warren, OH,845
Washington, OH,554
Wayne, OH,605
Williams, OH,595
Wood, OH,646
Wyandot, OH,555
OKLAHOMA,,614
Adair, OK,444
Alfalfa, OK,552
Atoka, OK,430
Beaver, OK,500
Beckham, OK,596
Blaine, OK,506
Bryan, OK,576
Caddo, OK,505
Canadian, OK,738
Carter, OK,540
Cherokee, OK,487
Choctaw, OK,435
Cimarron, OK,448
Cleveland, OK,695
Coal, OK,422
Comanche, OK,629
Cotton, OK,530
Craig, OK,576
Creek, OK,611
Custer, OK,549
Delaware, OK,511
Dewey, OK,484
Ellis, OK,420
Garfield, OK,596
Garvin, OK,524
Grady, OK,542
Grant, OK,491
Greer, OK,395
Harmon, OK,475
Harper, OK,464
Haskell, OK,462
Hughes, OK,547
Jackson, OK,607
Jefferson, OK,387
Johnston, OK,444
Kay, OK,567
Kingfisher, OK,617
Kiowa, OK,415
Latimer, OK,451
Le Flore, OK,505
Lincoln, OK,509
Logan, OK,568
Love, OK,545
McClain, OK,575
McCurtain, OK,503
McIntosh, OK,490
Major, OK,460
Marshall, OK,554
Mayes, OK,536
Murray, OK,538
Muskogee, OK,543
Noble, OK,557
Nowata, OK,560
Okfuskee, OK,507
Oklahoma, OK,655
Okmulgee, OK,554
Osage, OK,525
Ottawa, OK,478
Pawnee, OK,580
Payne, OK,583
Pittsburg, OK,575
Pontotoc, OK,520
Pottawatomie, OK,567
Pushmataha, OK,439
Roger Mills, OK,540
Rogers, OK,683
Seminole, OK,499
Sequoyah, OK,530
Stephens, OK,541
Texas, OK,568
Tillman, OK,512
Tulsa, OK,672
Wagoner, OK,676
Washington, OK,579
Washita, OK,569
Woods, OK,487
Woodward, OK,580
OREGON,,775
Baker, OR,586
Benton, OR,717
Clackamas, OR,865
Clatsop, OR,705
Columbia, OR,719
Coos, OR,635
Crook, OR,731
Curry, OR,727
Deschutes, OR,858
Douglas, OR,653
Gilliam, OR,727
Grant, OR,527
Harney, OR,566
Hood River, OR,659
Jackson, OR,787
Jefferson, OR,596
Josephine, OR,688
Klamath, OR,643
Lake, OR,591
Lane, OR,751
Lincoln, OR,647
Linn, OR,722
Malheur, OR,550
Marion, OR,705
Morrow, OR,654
Multnomah, OR,793
Polk, OR,717
Sherman, OR,644
Tillamook, OR,658
Umatilla, OR,597
Union, OR,588
Wallowa, OR,635
Wasco, OR,616
Washington, OR,870
Wheeler, OR,580
Yamhill, OR,765
PENNSYLVANIA,,716
Adams, PA,690
Allegheny, PA,676
Armstrong, PA,529
Beaver, PA,571
Bedford, PA,520
Berks, PA,718
Blair, PA,533
Bradford, PA,532
Bucks, PA,979
Butler, PA,665
Cambria, PA,488
Cameron, PA,474
Carbon, PA,630
Centre, PA,758
Chester, PA,1042
Clarion, PA,542
Clearfield, PA,529
Clinton, PA,595
Columbia, PA,589
Crawford, PA,550
Cumberland, PA,734
Dauphin, PA,735
Delaware, PA,881
Elk, PA,528
Erie, PA,599
Fayette, PA,503
Forest, PA,473
Franklin, PA,641
Fulton, PA,526
Greene, PA,502
Huntingdon, PA,482
Indiana, PA,587
Jefferson, PA,482
Juniata, PA,518
Lackawanna, PA,605
Lancaster, PA,766
Lawrence, PA,590
Lebanon, PA,605
Lehigh, PA,795
Luzerne, PA,585
Lycoming, PA,585
McKean, PA,544
Mercer, PA,578
Mifflin, PA,510
Monroe, PA,887
Montgomery, PA,996
Montour, PA,588
Northampton, PA,801
Northumberland, PA,508
Perry, PA,589
Philadelphia, PA,801
Pike, PA,906
Potter, PA,578
Schuylkill, PA,523
Snyder, PA,586
Somerset, PA,498
Sullivan, PA,424
Susquehanna, PA,572
Tioga, PA,561
Union, PA,598
Venango, PA,530
Warren, PA,506
Washington, PA,557
Wayne, PA,678
Westmoreland, PA,557
Wyoming, PA,600
York, PA,725
RHODE ISLAND,,866
Bristol, RI,859
Kent, RI,906
Newport, RI,1022
Providence, RI,839
Washington, RI,923
SOUTH CAROLINA,,680
Abbeville, SC,523
Aiken, SC,620
Allendale, SC,462
Anderson, SC,596
Bamberg, SC,528
Barnwell, SC,518
Beaufort, SC,973
Berkeley, SC,806
Calhoun, SC,595
Charleston, SC,845
Cherokee, SC,526
Chester, SC,553
Chesterfield, SC,513
Clarendon, SC,516
Colleton, SC,603
Darlington, SC,558
Dillon, SC,494
Dorchester, SC,835
Edgefield, SC,537
Fairfield, SC,516
Florence, SC,596
Georgetown, SC,690
Greenville, SC,665
Greenwood, SC,581
Hampton, SC,562
Horry, SC,767
Jasper, SC,741
Kershaw, SC,613
Lancaster, SC,599
Laurens, SC,571
Lee, SC,458
Lexington, SC,728
McCormick, SC,394
Marion, SC,503
Marlboro, SC,486
Newberry, SC,585
Oconee, SC,543
Orangeburg, SC,556
Pickens, SC,641
Richland, SC,750
Saluda, SC,546
Spartanburg, SC,610
Sumter, SC,611
Union, SC,520
Williamsburg, SC,430
York, SC,726
SOUTH DAKOTA,,554
Aurora, SD,503
Beadle, SD,450
Bennett, SD,481
Bon Homme, SD,390
Brookings, SD,552
Brown, SD,454
Brule, SD,443
Buffalo, SD,433
Butte, SD,582
Campbell, SD,424
Charles Mix, SD,403
Clark, SD,388
Clay, SD,533
Codington, SD,551
Corson, SD,376
Custer, SD,478
Davison, SD,523
Day, SD,427
Deuel, SD,343
Dewey, SD,413
Douglas, SD,386
Edmunds, SD,508
Fall River, SD,441
Faulk, SD,378
Grant, SD,525
Gregory, SD,388
Haakon, SD,486
Hamlin, SD,474
Hand, SD,442
Hanson, SD,513
Harding, SD,288
Hughes, SD,484
Hutchinson, SD,380
Hyde, SD,403
Jackson, SD,374
Jerauld, SD,423
Jones, SD,457
Kingsbury, SD,354
Lake, SD,500
Lawrence, SD,490
Lincoln, SD,706
Lyman, SD,329
McCook, SD,493
McPherson, SD,233
Marshall, SD,439
Meade, SD,586
Mellette, SD,392
Miner, SD,430
Minnehaha, SD,648
Moody, SD,478
Pennington, SD,653
Perkins, SD,387
Potter, SD,455
Roberts, SD,396
Sanborn, SD,508
Shannon, SD,382
Spink, SD,438
Stanley, SD,815
Sully, SD,562
Todd, SD,359
Tripp, SD,468
Turner, SD,513
Union, SD,676
Walworth, SD,470
Yankton, SD,502
Ziebach, SD,438
TENNESSEE,,658
Anderson, TN,593
Bedford, TN,591
Benton, TN,462
Bledsoe, TN,481
Blount, TN,626
Bradley, TN,600
Campbell, TN,444
Cannon, TN,524
Carroll, TN,495
Carter, TN,470
Cheatham, TN,727
Chester, TN,566
Claiborne, TN,439
Clay, TN,337
Cocke, TN,477
Coffee, TN,595
Crockett, TN,520
Cumberland, TN,540
Davidson, TN,754
Decatur, TN,458
DeKalb, TN,514
Dickson, TN,666
Dyer, TN,549
Fayette, TN,629
Fentress, TN,456
Franklin, TN,567
Gibson, TN,520
Giles, TN,521
Grainger, TN,493
Greene, TN,514
Grundy, TN,536
Hamblen, TN,554
Hamilton, TN,652
Hancock, TN,407
Hardeman, TN,498
Hardin, TN,488
Hawkins, TN,501
Haywood, TN,563
Henderson, TN,551
Henry, TN,513
Hickman, TN,565
Houston, TN,532
Humphreys, TN,519
Jackson, TN,444
Jefferson, TN,583
Johnson, TN,466
Knox, TN,667
Lake, TN,365
Lauderdale, TN,537
Lawrence, TN,475
Lewis, TN,459
Lincoln, TN,498
Loudon, TN,615
McMinn, TN,541
McNairy, TN,487
Macon, TN,482
Madison, TN,672
Marion, TN,555
Marshall, TN,610
Maury, TN,642
Meigs, TN,562
Monroe, TN,514
Montgomery, TN,707
Moore, TN,489
Morgan, TN,543
Obion, TN,499
Overton, TN,451
Perry, TN,518
Pickett, TN,383
Polk, TN,502
Putnam, TN,544
Rhea, TN,533
Roane, TN,535
Robertson, TN,672
Rutherford, TN,768
Scott, TN,424
Sequatchie, TN,517
Sevier, TN,645
Shelby, TN,762
Smith, TN,525
Stewart, TN,513
Sullivan, TN,525
Sumner, TN,723
Tipton, TN,668
Trousdale, TN,541
Unicoi, TN,481
Union, TN,524
Van Buren, TN,363
Warren, TN,517
Washington, TN,589
Wayne, TN,506
Weakley, TN,494
White, TN,513
Williamson, TN,1000
Wilson, TN,729
TEXAS,,761
Anderson, TX,635
Andrews, TX,588
Angelina, TX,669
Aransas, TX,755
Archer, TX,488
Armstrong, TX,577
Atascosa, TX,632
Austin, TX,614
Bailey, TX,465
Bandera, TX,663
Bastrop, TX,829
Baylor, TX,393
Bee, TX,617
Bell, TX,789
Bexar, TX,739
Blanco, TX,659
Borden, TX,663
Bosque, TX,614
Bowie, TX,620
Brazoria, TX,769
Brazos, TX,737
Brewster, TX,537
Briscoe, TX,514
Brooks, TX,349
Brown, TX,567
Burleson, TX,527
Burnet, TX,645
Caldwell, TX,668
Calhoun, TX,632
Callahan, TX,694
Cameron, TX,561
Camp, TX,544
Carson, TX,701
Cass, TX,498
Castro, TX,605
Chambers, TX,659
Cherokee, TX,558
Childress, TX,529
Clay, TX,654
Cochran, TX,439
Coke, TX,478
Coleman, TX,386
Collin, TX,945
Collingsworth, TX,513
Colorado, TX,592
Comal, TX,841
Comanche, TX,442
Concho, TX,614
Cooke, TX,720
Coryell, TX,782
Cottle, TX,334
Crane, TX,554
Crockett, TX,495
Crosby, TX,485
Culberson, TX,447
Dallam, TX,625
Dallas, TX,809
Dawson, TX,453
Deaf Smith, TX,598
Delta, TX,640
Denton, TX,874
DeWitt, TX,528
Dickens, TX,436
Dimmit, TX,478
Donley, TX,550
Duval, TX,454
Eastland, TX,488
Ector, TX,636
Edwards, TX,446
Ellis, TX,837
El Paso, TX,592
Erath, TX,580
Falls, TX,490
Fannin, TX,663
Fayette, TX,601
Fisher, TX,435
Floyd, TX,490
Foard, TX,329
Fort Bend, TX,1017
Franklin, TX,577
Freestone, TX,638
Frio, TX,509
Gaines, TX,513
Galveston, TX,800
Garza, TX,441
Gillespie, TX,762
Glasscock, TX,492
Goliad, TX,622
Gonzales, TX,512
Gray, TX,571
Grayson, TX,687
Gregg, TX,651
Grimes, TX,617
Guadalupe, TX,765
Hale, TX,523
Hall, TX,543
Hamilton, TX,521
Hansford, TX,611
Hardeman, TX,620
Hardin, TX,659
Harris, TX,795
Harrison, TX,600
Hartley, TX,583
Haskell, TX,433
Hays, TX,786
Hemphill, TX,576
Henderson, TX,636
Hidalgo, TX,585
Hill, TX,640
Hockley, TX,566
Hood, TX,809
Hopkins, TX,624
Houston, TX,562
Howard, TX,586
Hudspeth, TX,429
Hunt, TX,682
Hutchinson, TX,562
Irion, TX,661
Jack, TX,595
Jackson, TX,591
Jasper, TX,552
Jeff Davis, TX,430
Jefferson, TX,655
Jim Hogg, TX,500
Jim Wells, TX,610
Johnson, TX,783
Jones, TX,505
Karnes, TX,475
Kaufman, TX,823
Kendall, TX,864
Kenedy, TX,550
Kent, TX,525
Kerr, TX,718
Kimble, TX,590
King, TX,527
Kinney, TX,409
Kleberg, TX,629
Knox, TX,456
Lamar, TX,581
Lamb, TX,546
Lampasas, TX,716
La Salle, TX,458
Lavaca, TX,510
Lee, TX,557
Leon, TX,603
Liberty, TX,677
Limestone, TX,601
Lipscomb, TX,547
Live Oak, TX,591
Llano, TX,670
Loving, TX,0
Lubbock, TX,718
Lynn, TX,465
McCulloch, TX,446
McLennan, TX,718
McMullen, TX,296
Madison, TX,534
Marion, TX,515
Martin, TX,178
Mason, TX,540
Matagorda, TX,550
Maverick, TX,501
Medina, TX,634
Menard, TX,457
Midland, TX,712
Milam, TX,567
Mills, TX,332
Mitchell, TX,520
Montague, TX,632
Montgomery, TX,866
Moore, TX,600
Morris, TX,438
Motley, TX,371
Nacogdoches, TX,636
Navarro, TX,660
Newton, TX,487
Nolan, TX,493
Nueces, TX,769
Ochiltree, TX,558
Oldham, TX,859
Orange, TX,633
Palo Pinto, TX,672
Panola, TX,555
Parker, TX,759
Parmer, TX,547
Pecos, TX,478
Polk, TX,639
Potter, TX,624
Presidio, TX,327
Rains, TX,575
Randall, TX,691
Reagan, TX,590
Real, TX,540
Red River, TX,530
Reeves, TX,489
Refugio, TX,578
Roberts, TX,680
Robertson, TX,503
Rockwall, TX,1183
Runnels, TX,474
Rusk, TX,548
Sabine, TX,447
San Augustine, TX,415
San Jacinto, TX,525
San Patricio, TX,727
San Saba, TX,505
Schleicher, TX,553
Scurry, TX,575
Shackelford, TX,434
Shelby, TX,488
Sherman, TX,570
Smith, TX,725
Somervell, TX,513
Starr, TX,442
Stephens, TX,588
Sterling, TX,559
Stonewall, TX,453
Sutton, TX,541
Swisher, TX,560
Tarrant, TX,810
Taylor, TX,696
Terrell, TX,465
Terry, TX,488
Throckmorton, TX,428
Titus, TX,582
Tom Green, TX,651
Travis, TX,869
Trinity, TX,511
Tyler, TX,577
Upshur, TX,555
Upton, TX,491
Uvalde, TX,694
Val Verde, TX,557
Van Zandt, TX,662
Victoria, TX,681
Walker, TX,679
Waller, TX,721
Ward, TX,512
Washington, TX,701
Webb, TX,669
Wharton, TX,572
Wheeler, TX,575
Wichita, TX,685
Wilbarger, TX,609
Willacy, TX,564
Williamson, TX,954
Wilson, TX,629
Winkler, TX,525
Wise, TX,773
Wood, TX,615
Yoakum, TX,585
Young, TX,624
Zapata, TX,461
Zavala, TX,434
UTAH,,760
Beaver, UT,660
Box Elder, UT,616
Cache, UT,634
Carbon, UT,532
Daggett, UT,595
Davis, UT,785
Duchesne, UT,639
Emery, UT,545
Garfield, UT,505
Grand, UT,637
Iron, UT,615
Juab, UT,636
Kane, UT,496
Millard, UT,537
Morgan, UT,588
Piute, UT,538
Rich, UT,675
Salt Lake, UT,795
San Juan, UT,579
Sanpete, UT,533
Sevier, UT,562
Summit, UT,969
Tooele, UT,729
Uintah, UT,765
Utah, UT,752
Wasatch, UT,1003
Washington, UT,883
Wayne, UT,652
Weber, UT,689
VERMONT,,781
Addison, VT,788
Bennington, VT,689
Caledonia, VT,604
Chittenden, VT,951
Essex, VT,568
Franklin, VT,790
Grand Isle, VT,819
Lamoille, VT,853
Orange, VT,746
Orleans, VT,626
Rutland, VT,687
Washington, VT,761
Windham, VT,702
Windsor, VT,811
VIRGINIA,,931
Accomack, VA,688
Albemarle, VA,978
Alleghany, VA,468
Amelia, VA,705
Amherst, VA,567
Appomattox, VA,522
Arlington, VA,1462
Augusta, VA,653
Bath, VA,677
Bedford, VA,590
Bland, VA,408
Botetourt, VA,661
Brunswick, VA,626
Buchanan, VA,465
Buckingham, VA,605
Campbell, VA,547
Caroline, VA,888
Carroll, VA,488
Charles City, VA,743
Charlotte, VA,536
Chesterfield, VA,967
Clarke, VA,956
Craig, VA,547
Culpeper, VA,926
Cumberland, VA,698
Dickenson, VA,410
Dinwiddie, VA,837
Essex, VA,709
Fairfax, VA,1452
Fauquier, VA,1132
Floyd, VA,482
Fluvanna, VA,865
Franklin, VA,575
Frederick, VA,1027
Giles, VA,493
Gloucester, VA,714
Goochland, VA,953
Grayson, VA,412
Greene, VA,903
Greensville, VA,699
Halifax, VA,516
Hanover, VA,946
Henrico, VA,915
Henry, VA,511
Highland, VA,445
Isle of Wight, VA,750
James City, VA,1017
King and Queen, VA,681
King George, VA,917
King William, VA,742
Lancaster, VA,793
Lee, VA,410
Loudoun, VA,1473
Louisa, VA,787
Lunenburg, VA,602
Madison, VA,720
Mathews, VA,829
Mecklenburg, VA,579
Middlesex, VA,737
Montgomery, VA,705
Nelson, VA,633
New Kent, VA,943
Northampton, VA,668
Northumberland, VA,536
Nottoway, VA,670
Orange, VA,869
Page, VA,630
Patrick, VA,421
Pittsylvania, VA,548
Powhatan, VA,858
Prince Edward, VA,674
Prince George, VA,921
Prince William, VA,1284
Pulaski, VA,517
Rappahannock, VA,897
Richmond, VA,641
Roanoke, VA,728
Rockbridge, VA,591
Rockingham, VA,712
Russell, VA,455
Scott, VA,429
Shenandoah, VA,668
Smyth, VA,477
Southampton, VA,666
Spotsylvania, VA,1145
Stafford, VA,1238
Surry, VA,564
Sussex, VA,627
Tazewell, VA,488
Warren, VA,745
Washington, VA,572
Westmoreland, VA,773
Wise, VA,485
Wythe, VA,491
York, VA,1124
Alexandria, VA,1279
Bedford, VA,662
Bristol, VA,533
Buena Vista, VA,693
Charlottesville, VA,861
Chesapeake, VA,961
Clifton Forge, VA,0
Colonial Heights, VA,831
Covington, VA,611
Danville, VA,556
Emporia, VA,545
Fairfax, VA,1485
Falls Church, VA,1323
Franklin, VA,679
Fredericksburg, VA,979
Galax, VA,468
Hampton, VA,887
Harrisonburg, VA,760
Hopewell, VA,725
Lexington, VA,686
Lynchburg, VA,634
Manassas, VA,1211
Manassas Park, VA,1330
Martinsville, VA,540
Newport News, VA,853
Norfolk, VA,811
Norton, VA,524
Petersburg, VA,750
Poquoson, VA,1066
Portsmouth, VA,856
Radford, VA,646
Richmond, VA,778
Roanoke, VA,627
Salem, VA,689
South Boston, VA,0
Staunton, VA,630
Suffolk, VA,782
Virginia Beach, VA,1101
Waynesboro, VA,640
Williamsburg, VA,950
Winchester, VA,854
WASHINGTON,,853
Adams, WA,519
Asotin, WA,601
Benton, WA,733
Chelan, WA,634
Clallam, WA,741
Clark, WA,846
Columbia, WA,489
Cowlitz, WA,670
Douglas, WA,689
Ferry, WA,513
Franklin, WA,655
Garfield, WA,512
Grant, WA,563
Grays Harbor, WA,635
Island, WA,897
Jefferson, WA,761
King, WA,965
Kitsap, WA,878
Kittitas, WA,724
Klickitat, WA,615
Lewis, WA,700
Lincoln, WA,574
Mason, WA,736
Okanogan, WA,540
Pacific, WA,621
Pend Oreille, WA,518
Pierce, WA,865
San Juan, WA,852
Skagit, WA,862
Skamania, WA,657
Snohomish, WA,960
Spokane, WA,688
Stevens, WA,572
Thurston, WA,900
Wahkiakum, WA,528
Walla Walla, WA,639
Whatcom, WA,774
Whitman, WA,635
Yakima, WA,626
WEST VIRGINIA,,534
Barbour, WV,483
Berkeley, WV,719
Boone, WV,429
Braxton, WV,478
Brooke, WV,502
Cabell, WV,573
Calhoun, WV,365
Clay, WV,360
Doddridge, WV,527
Fayette, WV,460
Gilmer, WV,485
Grant, WV,470
Greenbrier, WV,501
Hampshire, WV,522
Hancock, WV,539
Hardy, WV,450
Harrison, WV,531
Jackson, WV,529
Jefferson, WV,788
Kanawha, WV,581
Lewis, WV,438
Lincoln, WV,446
Logan, WV,463
McDowell, WV,387
Marion, WV,557
Marshall, WV,463
Mason, WV,479
Mercer, WV,504
Mineral, WV,502
Mingo, WV,417
Monongalia, WV,604
Monroe, WV,434
Morgan, WV,683
Nicholas, WV,449
Ohio, WV,496
Pendleton, WV,473
Pleasants, WV,569
Pocahontas, WV,460
Preston, WV,452
Putnam, WV,636
Raleigh, WV,507
Randolph, WV,432
Ritchie, WV,486
Roane, WV,429
Summers, WV,411
Taylor, WV,512
Tucker, WV,443
Tyler, WV,475
Upshur, WV,489
Wayne, WV,509
Webster, WV,445
Wetzel, WV,495
Wirt, WV,420
Wood, WV,557
Wyoming, WV,435
WISCONSIN,,700
Adams, WI,586
Ashland, WI,488
Barron, WI,586
Bayfield, WI,537
Brown, WI,661
Buffalo, WI,574
Burnett, WI,573
Calumet, WI,613
Chippewa, WI,610
Clark, WI,516
Columbia, WI,671
Crawford, WI,527
Dane, WI,817
Dodge, WI,682
Door, WI,641
Douglas, WI,596
Dunn, WI,661
Eau Claire, WI,653
Florence, WI,422
Fond du Lac, WI,631
Forest, WI,485
Grant, WI,543
Green, WI,627
Green Lake, WI,566
Iowa, WI,665
Iron, WI,440
Jackson, WI,543
Jefferson, WI,722
Juneau, WI,599
Kenosha, WI,789
Kewaunee, WI,593
La Crosse, WI,639
Lafayette, WI,537
Langlade, WI,497
Lincoln, WI,544
Manitowoc, WI,542
Marathon, WI,629
Marinette, WI,533
Marquette, WI,649
Menominee, WI,404
Milwaukee, WI,739
Monroe, WI,601
Oconto, WI,540
Oneida, WI,610
Outagamie, WI,652
Ozaukee, WI,765
Pepin, WI,525
Pierce, WI,713
Polk, WI,632
Portage, WI,617
Price, WI,529
Racine, WI,705
Richland, WI,560
Rock, WI,690
Rusk, WI,541
St. Croix, WI,793
Sauk, WI,699
Sawyer, WI,492
Shawano, WI,572
Sheboygan, WI,616
Taylor, WI,516
Trempealeau, WI,542
Vernon, WI,520
Vilas, WI,572
Walworth, WI,746
Washburn, WI,591
Washington, WI,751
Waukesha, WI,861
Waupaca, WI,610
Waushara, WI,586
Winnebago, WI,617
Wood, WI,554
WYOMING,,637
Albany, WY,629
Big Horn, WY,510
Campbell, WY,750
Carbon, WY,561
Converse, WY,613
Crook, WY,574
Fremont, WY,556
Goshen, WY,534
Hot Springs, WY,513
Johnson, WY,597
Laramie, WY,661
Lincoln, WY,700
Natrona, WY,612
Niobrara, WY,442
Park, WY,627
Platte, WY,564
Sheridan, WY,652
Sublette, WY,931
Sweetwater, WY,753
Teton, WY,960
Uinta, WY,522
Washakie, WY,465
Weston, WY,507
