Area_name,,Renter-occupied housing units 2010 (complete count)
UNITED STATES,,40730218
ALABAMA,,571202
Autauga, AL,4973
Baldwin, AL,20109
Barbour, AL,3264
Bibb, AL,1942
Blount, AL,4194
Bullock, AL,1169
Butler, AL,2524
Calhoun, AL,14779
Chambers, AL,4090
Cherokee, AL,2281
Chilton, AL,3880
Choctaw, AL,1000
Clarke, AL,2341
Clay, AL,1404
Cleburne, AL,1329
Coffee, AL,6455
Colbert, AL,6200
Conecuh, AL,1387
Coosa, AL,948
Covington, AL,4051
Crenshaw, AL,1511
Cullman, AL,7970
Dale, AL,7716
Dallas, AL,6411
DeKalb, AL,6658
Elmore, AL,6419
Escambia, AL,3872
Etowah, AL,11688
Fayette, AL,1829
Franklin, AL,3705
Geneva, AL,2749
Greene, AL,1022
Hale, AL,1437
Henry, AL,1508
Houston, AL,14038
Jackson, AL,5237
Jefferson, AL,92410
Lamar, AL,1634
Lauderdale, AL,11754
Lawrence, AL,2682
Lee, AL,21480
Limestone, AL,7259
Lowndes, AL,939
Macon, AL,3106
Madison, AL,42547
Marengo, AL,2133
Marion, AL,3429
Marshall, AL,10492
Mobile, AL,52356
Monroe, AL,2137
Montgomery, AL,34702
Morgan, AL,13395
Perry, AL,1205
Pickens, AL,1914
Pike, AL,5305
Randolph, AL,2363
Russell, AL,8493
St. Clair, AL,6114
Shelby, AL,14943
Sumter, AL,1731
Talladega, AL,8729
Tallapoosa, AL,4655
Tuscaloosa, AL,30482
Walker, AL,6437
Washington, AL,1040
Wilcox, AL,901
Winston, AL,2345
ALASKA,,95293
Aleutians East, AK,268
Aleutians West, AK,821
Anchorage, AK,43047
Bethel, AK,1949
Bristol Bay, AK,203
Denali, AK,202
Dillingham, AK,629
Fairbanks North Star, AK,15031
Haines, AK,327
Hoonah-Angoon, AK,290
Juneau, AK,4597
Kenai Peninsula, AK,5915
Ketchikan Gateway, AK,2229
Kodiak Island, AK,1982
Lake and Peninsula, AK,202
Matanuska-Susitna, AK,7643
Nome, AK,1294
North Slope, AK,1062
Northwest Arctic, AK,947
Petersburg, AK,502
Prince of Wales-Hyder, AK,676
Sitka, AK,1495
Skagway, AK,195
Southeast Fairbanks, AK,838
Valdez-Cordova, AK,1347
Wade Hampton, AK,498
Wrangell, AK,354
Yakutat, AK,117
Yukon-Koyukuk, AK,633
ARIZONA,,809303
Apache, AZ,5647
Cochise, AZ,16154
Coconino, AZ,18268
Gila, AZ,5241
Graham, AZ,3031
Greenlee, AZ,1595
La Paz, AZ,2126
Maricopa, AZ,501263
Mohave, AZ,24811
Navajo, AZ,10006
Pima, AZ,139690
Pinal, AZ,29961
Santa Cruz, AZ,5009
Yavapai, AZ,26537
Yuma, AZ,19964
ARKANSAS,,378928
Arkansas, AR,2775
Ashley, AR,2404
Baxter, AR,4420
Benton, AR,26108
Boone, AR,4079
Bradley, AR,1393
Calhoun, AR,503
Carroll, AR,3269
Chicot, AR,1625
Clark, AR,3141
Clay, AR,1884
Cleburne, AR,2563
Cleveland, AR,707
Columbia, AR,3249
Conway, AR,2136
Craighead, AR,14668
Crawford, AR,6196
Crittenden, AR,8021
Cross, AR,2247
Dallas, AR,1009
Desha, AR,2150
Drew, AR,2548
Faulkner, AR,15270
Franklin, AR,1630
Fulton, AR,1023
Garland, AR,12556
Grant, AR,1549
Greene, AR,5209
Hempstead, AR,2913
Hot Spring, AR,3029
Howard, AR,1599
Independence, AR,4111
Izard, AR,1148
Jackson, AR,2228
Jefferson, AR,10446
Johnson, AR,2819
Lafayette, AR,775
Lawrence, AR,2130
Lee, AR,1410
Lincoln, AR,1056
Little River, AR,1414
Logan, AR,2157
Lonoke, AR,6644
Madison, AR,1320
Marion, AR,1485
Miller, AR,6277
Mississippi, AR,7482
Monroe, AR,1296
Montgomery, AR,778
Nevada, AR,1037
Newton, AR,674
Ouachita, AR,3521
Perry, AR,850
Phillips, AR,3801
Pike, AR,1116
Poinsett, AR,3411
Polk, AR,1930
Pope, AR,7359
Prairie, AR,954
Pulaski, AR,63946
Randolph, AR,1950
St. Francis, AR,4003
Saline, AR,9196
Scott, AR,1133
Searcy, AR,845
Sebastian, AR,18883
Sevier, AR,1727
Sharp, AR,1578
Stone, AR,1183
Union, AR,4842
Van Buren, AR,1644
Washington, AR,33625
White, AR,9271
Woodruff, AR,1140
Yell, AR,2460
CALIFORNIA,,5542127
Alameda, CA,253896
Alpine, CA,140
Amador, CA,3686
Butte, CA,36627
Calaveras, CA,4366
Colusa, CA,2738
Contra Costa, CA,123460
Del Norte, CA,3793
El Dorado, CA,18832
Fresno, CA,130700
Glenn, CA,3700
Humboldt, CA,25211
Imperial, CA,21661
Inyo, CA,2928
Kern, CA,101782
Kings, CA,18904
Lake, CA,9076
Lassen, CA,3468
Los Angeles, CA,1696455
Madera, CA,15591
Marin, CA,38573
Mariposa, CA,2466
Mendocino, CA,14344
Merced, CA,34446
Modoc, CA,1278
Mono, CA,2540
Monterey, CA,61869
Napa, CA,18279
Nevada, CA,11637
Orange, CA,404468
Placer, CA,38404
Plumas, CA,2742
Riverside, CA,224048
Sacramento, CA,218463
San Benito, CA,5878
San Bernardino, CA,228045
San Diego, CA,495840
San Francisco, CA,222165
San Joaquin, CA,87737
San Luis Obispo, CA,41096
San Mateo, CA,104727
Santa Barbara, CA,67277
Santa Clara, CA,255906
Santa Cruz, CA,40126
Shasta, CA,25069
Sierra, CA,417
Siskiyou, CA,6876
Solano, CA,52110
Sonoma, CA,73545
Stanislaus, CA,65816
Sutter, CA,12225
Tehama, CA,8404
Trinity, CA,1799
Tulare, CA,53766
Tuolumne, CA,6685
Ventura, CA,92752
Yolo, CA,33456
Yuba, CA,9839
COLORADO,,679768
Adams, CO,52723
Alamosa, CO,2348
Arapahoe, CO,80491
Archuleta, CO,1320
Baca, CO,458
Bent, CO,608
Boulder, CO,44307
Broomfield, CO,5917
Chaffee, CO,2092
Cheyenne, CO,188
Clear Creek, CO,981
Conejos, CO,710
Costilla, CO,355
Crowley, CO,376
Custer, CO,363
Delta, CO,3134
Denver, CO,131578
Dolores, CO,172
Douglas, CO,19788
Eagle, CO,6893
Elbert, CO,998
El Paso, CO,83666
Fremont, CO,4161
Garfield, CO,6942
Gilpin, CO,566
Grand, CO,2012
Gunnison, CO,2616
Hinsdale, CO,111
Huerfano, CO,899
Jackson, CO,219
Jefferson, CO,64019
Kiowa, CO,190
Kit Carson, CO,878
Lake, CO,976
La Plata, CO,6988
Larimer, CO,41554
Las Animas, CO,1911
Lincoln, CO,651
Logan, CO,2587
Mesa, CO,16589
Mineral, CO,61
Moffat, CO,1662
Montezuma, CO,2912
Montrose, CO,4559
Morgan, CO,3603
Otero, CO,2710
Ouray, CO,524
Park, CO,1105
Phillips, CO,513
Pitkin, CO,3248
Prowers, CO,1656
Pueblo, CO,20724
Rio Blanco, CO,772
Rio Grande, CO,1561
Routt, CO,2978
Saguache, CO,819
San Juan, CO,134
San Miguel, CO,1493
Sedgwick, CO,320
Summit, CO,4182
Teller, CO,1865
Washington, CO,549
Weld, CO,27219
Yuma, CO,1264
CONNECTICUT,,445801
Fairfield, CT,105378
Hartford, CT,120934
Litchfield, CT,18185
Middlesex, CT,17226
New Haven, CT,122333
New London, CT,34539
Tolland, CT,13471
Windham, CT,13735
DELAWARE,,95573
Kent, DE,17232
New Castle, DE,61326
Sussex, DE,17015
DISTRICT OF COLUMBIA,,154652
District of Columbia,,154652
FLORIDA,,2421823
Alachua, FL,45748
Baker, FL,1959
Bay, FL,25231
Bradford, FL,2244
Brevard, FL,60851
Broward, FL,229315
Calhoun, FL,1174
Charlotte, FL,14895
Citrus, FL,11204
Clay, FL,16225
Collier, FL,37020
Columbia, FL,6728
DeSoto, FL,3208
Dixie, FL,1123
Duval, FL,131373
Escambia, FL,40820
Flagler, FL,9166
Franklin, FL,1090
Gadsden, FL,4515
Gilchrist, FL,990
Glades, FL,1009
Gulf, FL,1347
Hamilton, FL,1183
Hardee, FL,2512
Hendry, FL,3701
Hernando, FL,13971
Highlands, FL,9774
Hillsborough, FL,185211
Holmes, FL,1644
Indian River, FL,15150
Jackson, FL,4537
Jefferson, FL,1280
Lafayette, FL,625
Lake, FL,28487
Lee, FL,75341
Leon, FL,50552
Levy, FL,3249
Liberty, FL,616
Madison, FL,1798
Manatee, FL,38911
Marion, FL,32651
Martin, FL,14703
Miami-Dade, FL,383478
Monroe, FL,14128
Nassau, FL,6345
Okaloosa, FL,25284
Okeechobee, FL,3829
Orange, FL,177897
Osceola, FL,32062
Palm Beach, FL,155734
Pasco, FL,43373
Pinellas, FL,135418
Polk, FL,67043
Putnam, FL,7076
St. Johns, FL,17476
St. Lucie, FL,27757
Santa Rosa, FL,13457
Sarasota, FL,43987
Seminole, FL,55207
Sumter, FL,4276
Suwannee, FL,3950
Taylor, FL,1861
Union, FL,1163
Volusia, FL,57793
Wakulla, FL,2021
Walton, FL,6107
Washington, FL,1970
GEORGIA,,1231182
Appling, GA,1858
Atkinson, GA,932
Bacon, GA,1241
Baker, GA,399
Baldwin, GA,6849
Banks, GA,1561
Barrow, GA,5476
Bartow, GA,11026
Ben Hill, GA,2583
Berrien, GA,2164
Bibb, GA,26758
Bleckley, GA,1403
Brantley, GA,1337
Brooks, GA,1856
Bryan, GA,2681
Bulloch, GA,12053
Burke, GA,2593
Butts, GA,2108
Calhoun, GA,693
Camden, GA,6237
Candler, GA,1360
Carroll, GA,12926
Catoosa, GA,6604
Charlton, GA,972
Chatham, GA,43572
Chattahoochee, GA,1782
Chattooga, GA,2814
Cherokee, GA,15536
Clarke, GA,26248
Clay, GA,373
Clayton, GA,38903
Clinch, GA,758
Cobb, GA,86091
Coffee, GA,4622
Colquitt, GA,5998
Columbia, GA,9423
Cook, GA,1994
Coweta, GA,11607
Crawford, GA,964
Crisp, GA,3806
Dade, GA,1556
Dawson, GA,1659
Decatur, GA,3541
DeKalb, GA,117162
Dodge, GA,2506
Dooly, GA,1596
Dougherty, GA,18941
Douglas, GA,14053
Early, GA,1329
Echols, GA,426
Effingham, GA,4125
Elbert, GA,2336
Emanuel, GA,2898
Evans, GA,1396
Fannin, GA,2231
Fayette, GA,6541
Floyd, GA,13195
Forsyth, GA,8557
Franklin, GA,2322
Fulton, GA,174115
Gilmer, GA,2659
Glascock, GA,317
Glynn, GA,11597
Gordon, GA,6518
Grady, GA,3106
Greene, GA,1694
Gwinnett, GA,79352
Habersham, GA,3876
Hall, GA,18612
Hancock, GA,825
Haralson, GA,3189
Harris, GA,1676
Hart, GA,2508
Heard, GA,1154
Henry, GA,16116
Houston, GA,17687
Irwin, GA,930
Jackson, GA,4914
Jasper, GA,1117
Jeff Davis, GA,1719
Jefferson, GA,1967
Jenkins, GA,1017
Johnson, GA,865
Jones, GA,2056
Lamar, GA,2103
Lanier, GA,1141
Laurens, GA,6323
Lee, GA,2297
Liberty, GA,10137
Lincoln, GA,796
Long, GA,1769
Lowndes, GA,17299
Lumpkin, GA,3261
McDuffie, GA,2638
McIntosh, GA,1287
Macon, GA,1713
Madison, GA,2386
Marion, GA,903
Meriwether, GA,2485
Miller, GA,729
Mitchell, GA,2634
Monroe, GA,2168
Montgomery, GA,918
Morgan, GA,1535
Murray, GA,4111
Muscogee, GA,35497
Newton, GA,8554
Oconee, GA,2204
Oglethorpe, GA,1136
Paulding, GA,8526
Peach, GA,3362
Pickens, GA,2469
Pierce, GA,1680
Pike, GA,1110
Polk, GA,5064
Pulaski, GA,1253
Putnam, GA,2163
Quitman, GA,227
Rabun, GA,1679
Randolph, GA,1054
Richmond, GA,35242
Rockdale, GA,8893
Schley, GA,510
Screven, GA,1505
Seminole, GA,824
Spalding, GA,9203
Stephens, GA,3107
Stewart, GA,521
Sumter, GA,5196
Talbot, GA,581
Taliaferro, GA,198
Tattnall, GA,2635
Taylor, GA,1037
Telfair, GA,1607
Terrell, GA,1260
Thomas, GA,6248
Tift, GA,5753
Toombs, GA,3872
Towns, GA,897
Treutlen, GA,732
Troup, GA,9721
Turner, GA,1132
Twiggs, GA,707
Union, GA,1848
Upson, GA,3560
Walker, GA,6887
Walton, GA,7253
Ware, GA,4789
Warren, GA,659
Washington, GA,2226
Wayne, GA,3175
Webster, GA,235
Wheeler, GA,568
White, GA,2711
Whitfield, GA,12087
Wilcox, GA,699
Wilkes, GA,1302
Wilkinson, GA,710
Worth, GA,2364
HAWAII,,192656
Hawaii, HI,22825
Honolulu, HI,136660
Kalawao, HI,68
Kauai, HI,9272
Maui, HI,23831
IDAHO,,174505
Ada, ID,46806
Adams, ID,362
Bannock, ID,9865
Bear Lake, ID,426
Benewah, ID,895
Bingham, ID,3436
Blaine, ID,2884
Boise, ID,506
Bonner, ID,4343
Bonneville, ID,10293
Boundary, ID,1028
Butte, ID,264
Camas, ID,113
Canyon, ID,18758
Caribou, ID,539
Cassia, ID,2339
Clark, ID,128
Clearwater, ID,852
Custer, ID,465
Elmore, ID,3955
Franklin, ID,845
Fremont, ID,851
Gem, ID,1564
Gooding, ID,1877
Idaho, ID,1605
Jefferson, ID,1372
Jerome, ID,2538
Kootenai, ID,15847
Latah, ID,6443
Lemhi, ID,926
Lewis, ID,487
Lincoln, ID,490
Madison, ID,5492
Minidoka, ID,1837
Nez Perce, ID,5157
Oneida, ID,285
Owyhee, ID,1220
Payette, ID,2273
Power, ID,679
Shoshone, ID,1588
Teton, ID,1062
Twin Falls, ID,9637
Valley, ID,1088
Washington, ID,1085
ILLINOIS,,1573333
Adams, IL,7618
Alexander, IL,1039
Bond, IL,1461
Boone, IL,3593
Brown, IL,488
Bureau, IL,3417
Calhoun, IL,404
Carroll, IL,1459
Cass, IL,1444
Champaign, IL,37246
Christian, IL,3505
Clark, IL,1622
Clay, IL,1268
Clinton, IL,2928
Coles, IL,8599
Cook, IL,822499
Crawford, IL,1649
Cumberland, IL,788
DeKalb, IL,14937
De Witt, IL,1572
Douglas, IL,1802
DuPage, IL,85297
Edgar, IL,2043
Edwards, IL,537
Effingham, IL,3126
Fayette, IL,1840
Ford, IL,1383
Franklin, IL,4178
Fulton, IL,3454
Gallatin, IL,522
Greene, IL,1311
Grundy, IL,4616
Hamilton, IL,717
Hancock, IL,1702
Hardin, IL,375
Henderson, IL,619
Henry, IL,4387
Iroquois, IL,2916
Jackson, IL,12677
Jasper, IL,634
Jefferson, IL,4173
Jersey, IL,1967
Jo Daviess, IL,2013
Johnson, IL,828
Kane, IL,39909
Kankakee, IL,12913
Kendall, IL,5468
Knox, IL,6532
Lake, IL,56499
LaSalle, IL,11574
Lawrence, IL,1579
Lee, IL,3545
Livingston, IL,3612
Logan, IL,3074
McDonough, IL,5425
McHenry, IL,18477
McLean, IL,21746
Macon, IL,13770
Macoupin, IL,4399
Madison, IL,29635
Marion, IL,4173
Marshall, IL,984
Mason, IL,1351
Massac, IL,1599
Menard, IL,1051
Mercer, IL,1314
Monroe, IL,2309
Montgomery, IL,2547
Morgan, IL,4182
Moultrie, IL,1317
Ogle, IL,4934
Peoria, IL,25278
Perry, IL,1919
Piatt, IL,1285
Pike, IL,1531
Pope, IL,354
Pulaski, IL,642
Putnam, IL,427
Randolph, IL,2986
Richland, IL,1840
Rock Island, IL,18885
St. Clair, IL,35399
Saline, IL,2819
Sangamon, IL,24635
Schuyler, IL,632
Scott, IL,500
Shelby, IL,1761
Stark, IL,488
Stephenson, IL,5573
Tazewell, IL,12797
Union, IL,1716
Vermilion, IL,9825
Wabash, IL,1290
Warren, IL,1829
Washington, IL,1146
Wayne, IL,1499
White, IL,1492
Whiteside, IL,6048
Will, IL,37831
Williamson, IL,7818
Winnebago, IL,36156
Woodford, IL,2361
INDIANA,,754179
Adams, IN,2814
Allen, IN,42060
Bartholomew, IN,8473
Benton, IN,884
Blackford, IN,1307
Boone, IN,4593
Brown, IN,1004
Carroll, IN,1612
Cass, IN,3858
Clark, IN,13219
Clay, IN,2549
Clinton, IN,3394
Crawford, IN,750
Daviess, IN,2876
Dearborn, IN,4036
Decatur, IN,2946
DeKalb, IN,3400
Delaware, IN,16598
Dubois, IN,3723
Elkhart, IN,21051
Fayette, IN,2899
Floyd, IN,8463
Fountain, IN,1628
Franklin, IN,1686
Fulton, IN,1983
Gibson, IN,3089
Grant, IN,8183
Greene, IN,2939
Hamilton, IN,19903
Hancock, IN,5428
Harrison, IN,2776
Hendricks, IN,10218
Henry, IN,5022
Howard, IN,10124
Huntington, IN,3235
Jackson, IN,4426
Jasper, IN,2828
Jay, IN,1930
Jefferson, IN,3441
Jennings, IN,2485
Johnson, IN,13673
Knox, IN,5074
Kosciusko, IN,6871
LaGrange, IN,2214
Lake, IN,57697
LaPorte, IN,11158
Lawrence, IN,4447
Madison, IN,15103
Marion, IN,159195
Marshall, IN,4123
Martin, IN,822
Miami, IN,3487
Monroe, IN,26010
Montgomery, IN,4088
Morgan, IN,5743
Newton, IN,1041
Noble, IN,3888
Ohio, IN,611
Orange, IN,1970
Owen, IN,1705
Parke, IN,1299
Perry, IN,1763
Pike, IN,912
Porter, IN,14721
Posey, IN,1840
Pulaski, IN,1115
Putnam, IN,3062
Randolph, IN,2800
Ripley, IN,2585
Rush, IN,1817
St. Joseph, IN,31615
Scott, IN,2680
Shelby, IN,4926
Spencer, IN,1473
Starke, IN,1864
Steuben, IN,3163
Sullivan, IN,1806
Switzerland, IN,982
Tippecanoe, IN,29517
Tipton, IN,1311
Union, IN,807
Vanderburgh, IN,26430
Vermillion, IN,1518
Vigo, IN,14987
Wabash, IN,3243
Warren, IN,657
Warrick, IN,4257
Washington, IN,2358
Wayne, IN,9025
Wells, IN,2281
White, IN,2310
Whitley, IN,2302
IOWA,,340941
Adair, IA,772
Adams, IA,385
Allamakee, IA,1306
Appanoose, IA,1591
Audubon, IA,487
Benton, IA,1979
Black Hawk, IA,16821
Boone, IA,2661
Bremer, IA,1909
Buchanan, IA,1720
Buena Vista, IA,2246
Butler, IA,1126
Calhoun, IA,854
Carroll, IA,2197
Cass, IA,1649
Cedar, IA,1608
Cerro Gordo, IA,5595
Cherokee, IA,1260
Chickasaw, IA,988
Clarke, IA,1062
Clay, IA,2138
Clayton, IA,1780
Clinton, IA,5528
Crawford, IA,1725
Dallas, IA,5456
Davis, IA,638
Decatur, IA,952
Delaware, IA,1428
Des Moines, IA,4658
Dickinson, IA,1671
Dubuque, IA,9846
Emmet, IA,1022
Fayette, IA,2180
Floyd, IA,1769
Franklin, IA,1026
Fremont, IA,773
Greene, IA,990
Grundy, IA,918
Guthrie, IA,863
Hamilton, IA,1722
Hancock, IA,961
Hardin, IA,1778
Harrison, IA,1356
Henry, IA,2021
Howard, IA,801
Humboldt, IA,1029
Ida, IA,770
Iowa, IA,1460
Jackson, IA,1990
Jasper, IA,3704
Jefferson, IA,2273
Johnson, IA,21416
Jones, IA,1927
Keokuk, IA,866
Kossuth, IA,1411
Lee, IA,3781
Linn, IA,23538
Louisa, IA,930
Lucas, IA,794
Lyon, IA,773
Madison, IA,1321
Mahaska, IA,2591
Marion, IA,3149
Marshall, IA,4145
Mills, IA,1138
Mitchell, IA,871
Monona, IA,1036
Monroe, IA,739
Montgomery, IA,1275
Muscatine, IA,4154
O'Brien, IA,1475
Osceola, IA,574
Page, IA,1805
Palo Alto, IA,1038
Plymouth, IA,2176
Pocahontas, IA,643
Polk, IA,52666
Pottawattamie, IA,11646
Poweshiek, IA,2101
Ringgold, IA,474
Sac, IA,962
Scott, IA,20112
Shelby, IA,1137
Sioux, IA,2276
Story, IA,15615
Tama, IA,1467
Taylor, IA,616
Union, IA,1535
Van Buren, IA,583
Wapello, IA,3958
Warren, IA,3486
Washington, IA,2202
Wayne, IA,546
Webster, IA,4480
Winnebago, IA,1126
Winneshiek, IA,1910
Woodbury, IA,12903
Worth, IA,641
Wright, IA,1491
KANSAS,,358564
Allen, KS,1517
Anderson, KS,751
Atchison, KS,1866
Barber, KS,535
Barton, KS,3312
Bourbon, KS,1742
Brown, KS,1177
Butler, KS,5638
Chase, KS,259
Chautauqua, KS,366
Cherokee, KS,2278
Cheyenne, KS,289
Clark, KS,253
Clay, KS,881
Cloud, KS,1085
Coffey, KS,813
Comanche, KS,190
Cowley, KS,4400
Crawford, KS,6064
Decatur, KS,311
Dickinson, KS,2225
Doniphan, KS,826
Douglas, KS,20584
Edwards, KS,307
Elk, KS,259
Ellis, KS,4539
Ellsworth, KS,527
Finney, KS,4465
Ford, KS,3997
Franklin, KS,2920
Geary, KS,6746
Gove, KS,248
Graham, KS,266
Grant, KS,699
Gray, KS,583
Greeley, KS,131
Greenwood, KS,763
Hamilton, KS,317
Harper, KS,671
Harvey, KS,3931
Haskell, KS,421
Hodgeman, KS,173
Jackson, KS,1170
Jefferson, KS,1172
Jewell, KS,298
Johnson, KS,62160
Kearny, KS,373
Kingman, KS,718
Kiowa, KS,307
Labette, KS,2628
Lane, KS,198
Leavenworth, KS,8540
Lincoln, KS,299
Linn, KS,799
Logan, KS,350
Lyon, KS,5026
McPherson, KS,3114
Marion, KS,1060
Marshall, KS,950
Meade, KS,464
Miami, KS,2621
Mitchell, KS,799
Montgomery, KS,4302
Morris, KS,576
Morton, KS,385
Nemaha, KS,889
Neosho, KS,1827
Ness, KS,267
Norton, KS,561
Osage, KS,1401
Osborne, KS,407
Ottawa, KS,459
Pawnee, KS,819
Phillips, KS,584
Pottawatomie, KS,1676
Pratt, KS,1111
Rawlins, KS,297
Reno, KS,8030
Republic, KS,498
Rice, KS,954
Riley, KS,15003
Rooks, KS,498
Rush, KS,316
Russell, KS,827
Saline, KS,7383
Scott, KS,551
Sedgwick, KS,66967
Seward, KS,2653
Shawnee, KS,24885
Sheridan, KS,231
Sherman, KS,842
Smith, KS,368
Stafford, KS,413
Stanton, KS,220
Stevens, KS,535
Sumner, KS,2320
Thomas, KS,1034
Trego, KS,300
Wabaunsee, KS,451
Wallace, KS,160
Washington, KS,525
Wichita, KS,212
Wilson, KS,953
Woodson, KS,335
Wyandotte, KS,23168
KENTUCKY,,538694
Adair, KY,1860
Allen, KY,1898
Anderson, KY,2067
Ballard, KY,727
Barren, KY,5449
Bath, KY,1110
Bell, KY,4061
Boone, KY,11049
Bourbon, KY,2904
Boyd, KY,5866
Boyle, KY,3545
Bracken, KY,848
Breathitt, KY,1255
Breckinridge, KY,1621
Bullitt, KY,5307
Butler, KY,1261
Caldwell, KY,1330
Calloway, KY,5815
Campbell, KY,11380
Carlisle, KY,386
Carroll, KY,1521
Carter, KY,2335
Casey, KY,1415
Christian, KY,12195
Clark, KY,4604
Clay, KY,2079
Clinton, KY,1194
Crittenden, KY,820
Cumberland, KY,725
Daviess, KY,12229
Edmonson, KY,866
Elliott, KY,604
Estill, KY,1748
Fayette, KY,54225
Fleming, KY,1304
Floyd, KY,4268
Franklin, KY,7271
Fulton, KY,1075
Gallatin, KY,875
Garrard, KY,1490
Grant, KY,2449
Graves, KY,3923
Grayson, KY,2455
Green, KY,1107
Greenup, KY,3072
Hancock, KY,636
Hardin, KY,14585
Harlan, KY,3368
Harrison, KY,2170
Hart, KY,1744
Henderson, KY,6462
Henry, KY,1508
Hickman, KY,414
Hopkins, KY,5536
Jackson, KY,1315
Jefferson, KY,114178
Jessamine, KY,5835
Johnson, KY,2488
Kenton, KY,20325
Knott, KY,1423
Knox, KY,4199
Larue, KY,1368
Laurel, KY,6693
Lawrence, KY,1557
Lee, KY,743
Leslie, KY,811
Letcher, KY,2270
Lewis, KY,1154
Lincoln, KY,2336
Livingston, KY,703
Logan, KY,2845
Lyon, KY,642
McCracken, KY,9465
McCreary, KY,1757
McLean, KY,829
Madison, KY,12492
Magoffin, KY,1165
Marion, KY,1950
Marshall, KY,2567
Martin, KY,1026
Mason, KY,2276
Meade, KY,2931
Menifee, KY,516
Mercer, KY,2283
Metcalfe, KY,987
Monroe, KY,1190
Montgomery, KY,3352
Morgan, KY,1096
Muhlenberg, KY,2589
Nelson, KY,4020
Nicholas, KY,701
Ohio, KY,2109
Oldham, KY,2791
Owen, KY,1024
Owsley, KY,516
Pendleton, KY,1279
Perry, KY,2945
Pike, KY,6682
Powell, KY,1345
Pulaski, KY,7162
Robertson, KY,197
Rockcastle, KY,1599
Rowan, KY,3062
Russell, KY,1889
Scott, KY,5072
Shelby, KY,4383
Simpson, KY,2170
Spencer, KY,993
Taylor, KY,3074
Todd, KY,1193
Trigg, KY,1218
Trimble, KY,747
Union, KY,1426
Warren, KY,17338
Washington, KY,922
Wayne, KY,2386
Webster, KY,1245
Whitley, KY,4121
Wolfe, KY,876
Woodford, KY,2842
LOUISIANA,,566061
Acadia, LA,6701
Allen, LA,2225
Ascension, LA,7248
Assumption, LA,1610
Avoyelles, LA,4307
Beauregard, LA,2857
Bienville, LA,1477
Bossier, LA,15002
Caddo, LA,38941
Calcasieu, LA,22463
Caldwell, LA,880
Cameron, LA,315
Catahoula, LA,797
Claiborne, LA,1538
Concordia, LA,2087
De Soto, LA,2598
East Baton Rouge, LA,69716
East Carroll, LA,941
East Feliciana, LA,1284
Evangeline, LA,4152
Franklin, LA,2096
Grant, LA,1568
Iberia, LA,7783
Iberville, LA,2739
Jackson, LA,1670
Jefferson, LA,61603
Jefferson Davis, LA,2904
Lafayette, LA,30454
Lafourche, LA,8575
La Salle, LA,1063
Lincoln, LA,7664
Livingston, LA,9289
Madison, LA,1554
Morehouse, LA,3412
Natchitoches, LA,5986
Orleans, LA,74155
Ouachita, LA,22767
Plaquemines, LA,2034
Pointe Coupee, LA,2150
Rapides, LA,17369
Red River, LA,815
Richland, LA,2214
Sabine, LA,2078
St. Bernard, LA,4116
St. Charles, LA,3753
St. Helena, LA,759
St. James, LA,1246
St. John the Baptist, LA,3328
St. Landry, LA,9363
St. Martin, LA,3914
St. Mary, LA,6103
St. Tammany, LA,17923
Tangipahoa, LA,13591
Tensas, LA,711
Terrebonne, LA,11126
Union, LA,2007
Vermilion, LA,5250
Vernon, LA,8470
Washington, LA,4649
Webster, LA,4833
West Baton Rouge, LA,2264
West Carroll, LA,1076
West Feliciana, LA,1028
Winn, LA,1470
MAINE,,159802
Androscoggin, ME,15771
Aroostook, ME,8924
Cumberland, ME,38794
Franklin, ME,3185
Hancock, ME,6202
Kennebec, ME,14677
Knox, ME,4469
Lincoln, ME,2882
Oxford, ME,5651
Penobscot, ME,19985
Piscataquis, ME,1770
Sagadahoc, ME,3773
Somerset, ME,5150
Waldo, ME,3531
Washington, ME,3512
York, ME,21526
MARYLAND,,700636
Allegany, MD,8995
Anne Arundel, MD,51372
Baltimore, MD,105144
Calvert, MD,5003
Caroline, MD,3377
Carroll, MD,10758
Cecil, MD,9844
Charles, MD,10897
Dorchester, MD,4259
Frederick, MD,20485
Garrett, MD,2766
Harford, MD,18387
Howard, MD,27556
Kent, MD,2357
Montgomery, MD,115621
Prince George's, MD,113049
Queen Anne's, MD,3088
St. Mary's, MD,10638
Somerset, MD,3159
Talbot, MD,4507
Washington, MD,19239
Wicomico, MD,13903
Worcester, MD,5492
Baltimore city, MD,130740
MASSACHUSETTS,,959917
Barnstable, MA,21645
Berkshire, MA,18321
Bristol, MA,80217
Dukes, MA,2468
Essex, MA,103384
Franklin, MA,9475
Hampden, MA,68208
Hampshire, MA,19701
Middlesex, MA,219599
Nantucket, MA,1754
Norfolk, MA,79545
Plymouth, MA,43295
Suffolk, MA,189547
Worcester, MA,102758
MICHIGAN,,1079166
Alcona, MI,530
Alger, MI,670
Allegan, MI,7966
Alpena, MI,2715
Antrim, MI,1597
Arenac, MI,1096
Baraga, MI,785
Barry, MI,3660
Bay, MI,9918
Benzie, MI,1075
Berrien, MI,17991
Branch, MI,3886
Calhoun, MI,16309
Cass, MI,4096
Charlevoix, MI,2239
Cheboygan, MI,2050
Chippewa, MI,4189
Clare, MI,2724
Clinton, MI,6154
Crawford, MI,1079
Delta, MI,3356
Dickinson, MI,2241
Eaton, MI,11911
Emmet, MI,3505
Genesee, MI,50257
Gladwin, MI,1646
Gogebic, MI,1498
Grand Traverse, MI,8839
Gratiot, MI,3753
Hillsdale, MI,3858
Houghton, MI,4395
Huron, MI,2612
Ingham, MI,45310
Ionia, MI,4935
Iosco, MI,2148
Iron, MI,1018
Isabella, MI,10715
Jackson, MI,16139
Kalamazoo, MI,36356
Kalkaska, MI,1211
Kent, MI,68938
Keweenaw, MI,103
Lake, MI,950
Lapeer, MI,5395
Leelanau, MI,1413
Lenawee, MI,8446
Livingston, MI,9877
Luce, MI,484
Mackinac, MI,1087
Macomb, MI,78199
Manistee, MI,2177
Marquette, MI,8546
Mason, MI,2812
Mecosta, MI,4565
Menominee, MI,2161
Midland, MI,7663
Missaukee, MI,1085
Monroe, MI,11734
Montcalm, MI,4919
Montmorency, MI,640
Muskegon, MI,16338
Newaygo, MI,3236
Oakland, MI,132710
Oceana, MI,1903
Ogemaw, MI,1734
Ontonagon, MI,457
Osceola, MI,1899
Oscoda, MI,651
Otsego, MI,1980
Ottawa, MI,20472
Presque Isle, MI,806
Roscommon, MI,1969
Saginaw, MI,21924
St. Clair, MI,14485
St. Joseph, MI,5721
Sanilac, MI,3393
Schoolcraft, MI,671
Shiawassee, MI,6200
Tuscola, MI,3710
Van Buren, MI,6395
Washtenaw, MI,53710
Wayne, MI,248043
Wexford, MI,3133
MINNESOTA,,563368
Aitkin, MN,1170
Anoka, MN,21969
Becker, MN,2863
Beltrami, MN,4989
Benton, MN,4705
Big Stone, MN,445
Blue Earth, MN,8494
Brown, MN,2270
Carlton, MN,2727
Carver, MN,6045
Cass, MN,1994
Chippewa, MN,1441
Chisago, MN,2838
Clay, MN,6774
Clearwater, MN,699
Cook, MN,626
Cottonwood, MN,1100
Crow Wing, MN,6198
Dakota, MN,35752
Dodge, MN,1284
Douglas, MN,3683
Faribault, MN,1258
Fillmore, MN,1719
Freeborn, MN,3088
Goodhue, MN,4251
Grant, MN,528
Hennepin, MN,169792
Houston, MN,1444
Hubbard, MN,1645
Isanti, MN,2393
Itasca, MN,3684
Jackson, MN,963
Kanabec, MN,1162
Kandiyohi, MN,4460
Kittson, MN,348
Koochiching, MN,1323
Lac qui Parle, MN,599
Lake, MN,932
Lake of the Woods, MN,305
Le Sueur, MN,1847
Lincoln, MN,511
Lyon, MN,3428
McLeod, MN,3429
Mahnomen, MN,565
Marshall, MN,687
Martin, MN,2233
Meeker, MN,1739
Mille Lacs, MN,2428
Morrison, MN,2606
Mower, MN,4111
Murray, MN,647
Nicollet, MN,3236
Nobles, MN,2163
Norman, MN,585
Olmsted, MN,14268
Otter Tail, MN,4996
Pennington, MN,1560
Pine, MN,2168
Pipestone, MN,1019
Polk, MN,3465
Pope, MN,958
Ramsey, MN,79243
Red Lake, MN,343
Redwood, MN,1445
Renville, MN,1374
Rice, MN,5418
Rock, MN,887
Roseau, MN,1210
St. Louis, MN,24369
Scott, MN,7332
Sherburne, MN,5018
Sibley, MN,1139
Stearns, MN,15967
Steele, MN,3195
Stevens, MN,1105
Swift, MN,1054
Todd, MN,1802
Traverse, MN,288
Wabasha, MN,1619
Wadena, MN,1462
Waseca, MN,1593
Washington, MN,15141
Watonwan, MN,1045
Wilkin, MN,554
Winona, MN,5935
Wright, MN,7317
Yellow Medicine, MN,904
MISSISSIPPI,,338695
Adams, MS,4020
Alcorn, MS,4560
Amite, MS,882
Attala, MS,1832
Benton, MS,706
Bolivar, MS,5413
Calhoun, MS,1726
Carroll, MS,692
Chickasaw, MS,1739
Choctaw, MS,809
Claiborne, MS,895
Clarke, MS,1268
Clay, MS,2471
Coahoma, MS,4208
Copiah, MS,2413
Covington, MS,1287
DeSoto, MS,13883
Forrest, MS,11957
Franklin, MS,570
George, MS,1413
Greene, MS,664
Grenada, MS,2938
Hancock, MS,4020
Harrison, MS,27278
Hinds, MS,36038
Holmes, MS,2158
Humphreys, MS,1313
Issaquena, MS,145
Itawamba, MS,2034
Jackson, MS,14783
Jasper, MS,981
Jefferson, MS,687
Jefferson Davis, MS,874
Jones, MS,6769
Kemper, MS,702
Lafayette, MS,8018
Lamar, MS,7146
Lauderdale, MS,10951
Lawrence, MS,909
Leake, MS,1898
Lee, MS,10498
Leflore, MS,5495
Lincoln, MS,3063
Lowndes, MS,8634
Madison, MS,10601
Marion, MS,2210
Marshall, MS,3116
Monroe, MS,3535
Montgomery, MS,1202
Neshoba, MS,2748
Newton, MS,1772
Noxubee, MS,1023
Oktibbeha, MS,9576
Panola, MS,3367
Pearl River, MS,4615
Perry, MS,798
Pike, MS,4630
Pontotoc, MS,2975
Prentiss, MS,2516
Quitman, MS,1063
Rankin, MS,12961
Scott, MS,2751
Sharkey, MS,695
Simpson, MS,2383
Smith, MS,960
Stone, MS,1296
Sunflower, MS,3619
Tallahatchie, MS,1334
Tate, MS,2503
Tippah, MS,2169
Tishomingo, MS,2048
Tunica, MS,2177
Union, MS,2706
Walthall, MS,1018
Warren, MS,6009
Washington, MS,8092
Wayne, MS,1562
Webster, MS,984
Wilkinson, MS,749
Winston, MS,1900
Yalobusha, MS,1254
Yazoo, MS,3038
MISSOURI,,742001
Adair, MO,4068
Andrew, MO,1437
Atchison, MO,730
Audrain, MO,2767
Barry, MO,3646
Barton, MO,1397
Bates, MO,1748
Benton, MO,1560
Bollinger, MO,935
Boone, MO,28148
Buchanan, MO,12338
Butler, MO,5928
Caldwell, MO,888
Callaway, MO,4218
Camden, MO,3792
Cape Girardeau, MO,10198
Carroll, MO,973
Carter, MO,665
Cass, MO,8451
Cedar, MO,1495
Chariton, MO,631
Christian, MO,7527
Clark, MO,702
Clay, MO,25461
Clinton, MO,1828
Cole, MO,9753
Cooper, MO,1785
Crawford, MO,2755
Dade, MO,763
Dallas, MO,1476
Daviess, MO,725
DeKalb, MO,1096
Dent, MO,1636
Douglas, MO,1215
Dunklin, MO,4686
Franklin, MO,9558
Gasconade, MO,1344
Gentry, MO,652
Greene, MO,44390
Grundy, MO,1274
Harrison, MO,1030
Henry, MO,2528
Hickory, MO,811
Holt, MO,513
Howard, MO,955
Howell, MO,4944
Iron, MO,1158
Jackson, MO,106007
Jasper, MO,16375
Jefferson, MO,14864
Johnson, MO,7296
Knox, MO,352
Laclede, MO,4291
Lafayette, MO,3564
Lawrence, MO,4065
Lewis, MO,985
Lincoln, MO,3972
Linn, MO,1381
Livingston, MO,1843
McDonald, MO,2385
Macon, MO,1679
Madison, MO,1273
Maries, MO,754
Marion, MO,3826
Mercer, MO,369
Miller, MO,2576
Mississippi, MO,1948
Moniteau, MO,1306
Monroe, MO,832
Montgomery, MO,1193
Morgan, MO,1748
New Madrid, MO,2760
Newton, MO,5693
Nodaway, MO,3313
Oregon, MO,1079
Osage, MO,999
Ozark, MO,828
Pemiscot, MO,3221
Perry, MO,1686
Pettis, MO,5089
Phelps, MO,6715
Pike, MO,1792
Platte, MO,12029
Polk, MO,3402
Pulaski, MO,6770
Putnam, MO,476
Ralls, MO,718
Randolph, MO,2741
Ray, MO,1991
Reynolds, MO,678
Ripley, MO,1313
St. Charles, MO,26055
St. Clair, MO,880
Ste. Genevieve, MO,1307
St. Francois, MO,7579
St. Louis, MO,112828
Saline, MO,2798
Schuyler, MO,441
Scotland, MO,441
Scott, MO,4899
Shannon, MO,770
Shelby, MO,670
Stoddard, MO,3548
Stone, MO,2673
Sullivan, MO,801
Taney, MO,7496
Texas, MO,2495
Vernon, MO,2489
Warren, MO,2525
Washington, MO,2055
Wayne, MO,1292
Webster, MO,3168
Worth, MO,213
Wright, MO,2191
St. Louis city, MO,77632
MONTANA,,131189
Beaverhead, MT,1425
Big Horn, MT,1444
Blaine, MT,894
Broadwater, MT,506
Carbon, MT,1100
Carter, MT,134
Cascade, MT,11519
Chouteau, MT,787
Custer, MT,1682
Daniels, MT,155
Dawson, MT,1091
Deer Lodge, MT,1177
Fallon, MT,331
Fergus, MT,1374
Flathead, MT,10967
Gallatin, MT,14265
Garfield, MT,117
Glacier, MT,1703
Golden Valley, MT,87
Granite, MT,354
Hill, MT,2138
Jefferson, MT,733
Judith Basin, MT,220
Lake, MT,3288
Lewis and Clark, MT,8217
Liberty, MT,269
Lincoln, MT,2107
McCone, MT,159
Madison, MT,922
Meagher, MT,211
Mineral, MT,481
Missoula, MT,18626
Musselshell, MT,476
Park, MT,2372
Petroleum, MT,62
Phillips, MT,477
Pondera, MT,665
Powder River, MT,176
Powell, MT,727
Prairie, MT,113
Ravalli, MT,4326
Richland, MT,1263
Roosevelt, MT,1362
Rosebud, MT,1136
Sanders, MT,1277
Sheridan, MT,381
Silver Bow, MT,4838
Stillwater, MT,836
Sweet Grass, MT,478
Teton, MT,611
Toole, MT,663
Treasure, MT,94
Valley, MT,848
Wheatland, MT,255
Wibaux, MT,127
Yellowstone, MT,19143
Yellowstone National Park, MT,0
NEBRASKA,,236400
Adams, NE,4040
Antelope, NE,682
Arthur, NE,60
Banner, NE,94
Blaine, NE,60
Boone, NE,584
Box Butte, NE,1437
Boyd, NE,204
Brown, NE,391
Buffalo, NE,6612
Burt, NE,709
Butler, NE,758
Cass, NE,1859
Cedar, NE,672
Chase, NE,430
Cherry, NE,896
Cheyenne, NE,1283
Clay, NE,602
Colfax, NE,932
Cuming, NE,1091
Custer, NE,1268
Dakota, NE,2606
Dawes, NE,1471
Dawson, NE,2777
Deuel, NE,190
Dixon, NE,558
Dodge, NE,5096
Douglas, NE,75012
Dundy, NE,246
Fillmore, NE,563
Franklin, NE,277
Frontier, NE,343
Furnas, NE,566
Gage, NE,2722
Garden, NE,284
Garfield, NE,275
Gosper, NE,194
Grant, NE,95
Greeley, NE,218
Hall, NE,7867
Hamilton, NE,830
Harlan, NE,327
Hayes, NE,125
Hitchcock, NE,315
Holt, NE,1201
Hooker, NE,73
Howard, NE,612
Jefferson, NE,869
Johnson, NE,477
Kearney, NE,665
Keith, NE,1022
Keya Paha, NE,84
Kimball, NE,458
Knox, NE,888
Lancaster, NE,44064
Lincoln, NE,4909
Logan, NE,85
Loup, NE,73
McPherson, NE,61
Madison, NE,4771
Merrick, NE,806
Morrill, NE,600
Nance, NE,353
Nemaha, NE,855
Nuckolls, NE,477
Otoe, NE,1703
Pawnee, NE,251
Perkins, NE,275
Phelps, NE,1060
Pierce, NE,613
Platte, NE,3445
Polk, NE,515
Red Willow, NE,1392
Richardson, NE,942
Rock, NE,153
Saline, NE,1556
Sarpy, NE,16752
Saunders, NE,1633
Scotts Bluff, NE,4946
Seward, NE,1598
Sheridan, NE,729
Sherman, NE,284
Sioux, NE,168
Stanton, NE,499
Thayer, NE,483
Thomas, NE,73
Thurston, NE,784
Valley, NE,518
Washington, NE,1680
Wayne, NE,1252
Webster, NE,339
Wheeler, NE,96
York, NE,1637
NEVADA,,414770
Churchill, NV,3455
Clark, NV,307159
Douglas, NV,5533
Elko, NV,5585
Esmeralda, NV,99
Eureka, NV,280
Humboldt, NV,1822
Lander, NV,622
Lincoln, NV,544
Lyon, NV,5429
Mineral, NV,720
Nye, NV,5053
Pershing, NV,624
Storey, NV,287
Washoe, NV,67767
White Pine, NV,1092
Carson City city, NV,8699
NEW HAMPSHIRE,,150657
Belknap, NH,6243
Carroll, NH,4387
Cheshire, NH,9056
Coos, NH,4100
Grafton, NH,11442
Hillsborough, NH,51515
Merrimack, NH,16383
Rockingham, NH,26668
Strafford, NH,15858
Sullivan, NH,5005
NEW JERSEY,,1111895
Atlantic, NJ,32691
Bergen, NJ,113764
Burlington, NJ,36662
Camden, NJ,60625
Cape May, NJ,10657
Cumberland, NJ,17309
Essex, NJ,155366
Gloucester, NJ,20746
Hudson, NJ,167374
Hunterdon, NJ,7589
Mercer, NJ,45455
Middlesex, NJ,94039
Monmouth, NJ,58826
Morris, NJ,45218
Ocean, NJ,41725
Passaic, NJ,74960
Salem, NJ,7199
Somerset, NJ,27329
Sussex, NJ,8596
Union, NJ,75275
Warren, NJ,10490
NEW MEXICO,,249273
Bernalillo, NM,98005
Catron, NM,335
Chaves, NM,7288
Cibola, NM,2285
Colfax, NM,1800
Curry, NM,7015
De Baca, NM,234
Dona Ana, NM,27018
Eddy, NM,5567
Grant, NM,3567
Guadalupe, NM,569
Harding, NM,80
Hidalgo, NM,630
Lea, NM,6802
Lincoln, NM,2288
Los Alamos, NM,1835
Luna, NM,2887
McKinley, NM,6246
Mora, NM,387
Otero, NM,7884
Quay, NM,1243
Rio Arriba, NM,3240
Roosevelt, NM,2973
Sandoval, NM,9044
San Juan, NM,12170
San Miguel, NM,3544
Santa Fe, NM,19085
Sierra, NM,1635
Socorro, NM,2156
Taos, NM,4176
Torrance, NM,1237
Union, NM,547
Valencia, NM,5501
NEW YORK,,3419918
Albany, NY,53674
Allegany, NY,4645
Bronx, NY,390348
Broome, NY,28907
Cattaraugus, NY,8957
Cayuga, NY,9078
Chautauqua, NY,17368
Chemung, NY,11451
Chenango, NY,5115
Clinton, NY,10006
Columbia, NY,7349
Cortland, NY,6550
Delaware, NY,5130
Dutchess, NY,32897
Erie, NY,134865
Essex, NY,4273
Franklin, NY,5445
Fulton, NY,6553
Genesee, NY,6661
Greene, NY,5458
Hamilton, NY,436
Herkimer, NY,7563
Jefferson, NY,18173
Kings, NY,662615
Lewis, NY,2419
Livingston, NY,6564
Madison, NY,7281
Monroe, NY,107297
Montgomery, NY,6688
Nassau, NY,90228
New York, NY,589885
Niagara, NY,27940
Oneida, NY,31022
Onondaga, NY,66312
Ontario, NY,11564
Orange, NY,39169
Orleans, NY,3978
Oswego, NY,12896
Otsego, NY,6735
Putnam, NY,6353
Queens, NY,444663
Rensselaer, NY,23366
Richmond, NY,59381
Rockland, NY,30436
St. Lawrence, NY,12137
Saratoga, NY,24091
Schenectady, NY,22156
Schoharie, NY,3273
Schuyler, NY,1799
Seneca, NY,3568
Steuben, NY,11256
Suffolk, NY,106415
Sullivan, NY,9932
Tioga, NY,4547
Tompkins, NY,17875
Ulster, NY,22268
Warren, NY,8601
Washington, NY,6420
Wayne, NY,8479
Westchester, NY,133344
Wyoming, NY,3739
Yates, NY,2324
NORTH CAROLINA,,1247255
Alamance, NC,19856
Alexander, NC,3237
Alleghany, NC,1202
Anson, NC,3051
Ashe, NC,2603
Avery, NC,1567
Beaufort, NC,5765
Bertie, NC,2266
Bladen, NC,3990
Brunswick, NC,10578
Buncombe, NC,34431
Burke, NC,9932
Cabarrus, NC,17285
Caldwell, NC,9339
Camden, NC,656
Carteret, NC,8268
Caswell, NC,2202
Catawba, NC,18030
Chatham, NC,5850
Cherokee, NC,2372
Chowan, NC,1864
Clay, NC,988
Cleveland, NC,12055
Columbus, NC,6504
Craven, NC,13971
Cumberland, NC,54064
Currituck, NC,1717
Dare, NC,4217
Davidson, NC,17683
Davie, NC,3060
Duplin, NC,6949
Durham, NC,50049
Edgecombe, NC,8203
Forsyth, NC,50975
Franklin, NC,5994
Gaston, NC,25994
Gates, NC,859
Graham, NC,735
Granville, NC,5456
Greene, NC,2232
Guilford, NC,77059
Halifax, NC,7902
Harnett, NC,13777
Haywood, NC,6611
Henderson, NC,11305
Hertford, NC,3083
Hoke, NC,4846
Hyde, NC,562
Iredell, NC,16480
Jackson, NC,5824
Johnston, NC,16591
Jones, NC,1043
Lee, NC,7384
Lenoir, NC,9170
Lincoln, NC,7271
McDowell, NC,4726
Macon, NC,3307
Madison, NC,1980
Martin, NC,3299
Mecklenburg, NC,142625
Mitchell, NC,1554
Montgomery, NC,2834
Moore, NC,9494
Nash, NC,13292
New Hanover, NC,34617
Northampton, NC,2509
Onslow, NC,25760
Orange, NC,20527
Pamlico, NC,1153
Pasquotank, NC,5203
Pender, NC,4614
Perquimans, NC,1360
Person, NC,4400
Pitt, NC,30673
Polk, NC,2196
Randolph, NC,14963
Richmond, NC,6328
Robeson, NC,16661
Rockingham, NC,11673
Rowan, NC,16153
Rutherford, NC,7697
Sampson, NC,7317
Scotland, NC,4936
Stanly, NC,6448
Stokes, NC,4268
Surry, NC,8168
Swain, NC,1470
Transylvania, NC,3521
Tyrrell, NC,440
Union, NC,12714
Vance, NC,6630
Wake, NC,120491
Warren, NC,2280
Washington, NC,1673
Watauga, NC,8820
Wayne, NC,18003
Wilkes, NC,7257
Wilson, NC,12765
Yadkin, NC,3692
Yancey, NC,1807
NORTH DAKOTA,,97249
Adams, ND,301
Barnes, ND,1496
Benson, ND,716
Billings, ND,85
Bottineau, ND,535
Bowman, ND,349
Burke, ND,181
Burleigh, ND,10536
Cass, ND,29605
Cavalier, ND,331
Dickey, ND,608
Divide, ND,193
Dunn, ND,304
Eddy, ND,252
Emmons, ND,282
Foster, ND,382
Golden Valley, ND,207
Grand Forks, ND,13073
Grant, ND,252
Griggs, ND,266
Hettinger, ND,159
Kidder, ND,222
LaMoure, ND,342
Logan, ND,138
McHenry, ND,415
McIntosh, ND,271
McKenzie, ND,729
McLean, ND,739
Mercer, ND,712
Morton, ND,2799
Mountrail, ND,819
Nelson, ND,302
Oliver, ND,115
Pembina, ND,725
Pierce, ND,454
Ramsey, ND,1784
Ransom, ND,629
Renville, ND,235
Richland, ND,1885
Rolette, ND,1517
Sargent, ND,375
Sheridan, ND,126
Sioux, ND,672
Slope, ND,48
Stark, ND,3225
Steele, ND,160
Stutsman, ND,2974
Towner, ND,244
Traill, ND,951
Walsh, ND,1158
Ward, ND,9109
Wells, ND,411
Williams, ND,2851
OHIO,,1492381
Adams, OH,3201
Allen, OH,12520
Ashland, OH,5020
Ashtabula, OH,11094
Athens, OH,10164
Auglaize, OH,4223
Belmont, OH,7674
Brown, OH,4155
Butler, OH,41203
Carroll, OH,2475
Champaign, OH,3895
Clark, OH,17275
Clermont, OH,19027
Clinton, OH,5320
Columbiana, OH,11470
Coshocton, OH,3923
Crawford, OH,5558
Cuyahoga, OH,213180
Darke, OH,5286
Defiance, OH,3459
Delaware, OH,11406
Erie, OH,9581
Fairfield, OH,14072
Fayette, OH,4205
Franklin, OH,212652
Fulton, OH,3407
Gallia, OH,3317
Geauga, OH,4893
Greene, OH,20250
Guernsey, OH,4586
Hamilton, OH,135195
Hancock, OH,8947
Hardin, OH,3443
Harrison, OH,1596
Henry, OH,2186
Highland, OH,4683
Hocking, OH,3024
Holmes, OH,2976
Huron, OH,6639
Jackson, OH,3817
Jefferson, OH,8130
Knox, OH,6217
Lake, OH,22821
Lawrence, OH,6883
Licking, OH,17081
Logan, OH,4812
Lorain, OH,31528
Lucas, OH,66716
Madison, OH,4093
Mahoning, OH,29020
Marion, OH,7731
Medina, OH,12607
Meigs, OH,2195
Mercer, OH,3183
Miami, OH,11686
Monroe, OH,1303
Montgomery, OH,82921
Morgan, OH,1394
Morrow, OH,2624
Muskingum, OH,10559
Noble, OH,1070
Ottawa, OH,3559
Paulding, OH,1626
Perry, OH,3349
Pickaway, OH,5067
Pike, OH,3471
Portage, OH,18743
Preble, OH,3780
Putnam, OH,2176
Richland, OH,15079
Ross, OH,8515
Sandusky, OH,6316
Scioto, OH,9744
Seneca, OH,5720
Shelby, OH,5110
Stark, OH,44724
Summit, OH,71647
Trumbull, OH,23615
Tuscarawas, OH,10277
Union, OH,4078
Van Wert, OH,2453
Vinton, OH,1288
Warren, OH,16281
Washington, OH,6691
Wayne, OH,11518
Williams, OH,3783
Wood, OH,15793
Wyandot, OH,2407
OKLAHOMA,,478690
Adair, OK,2364
Alfalfa, OK,457
Atoka, OK,1335
Beaver, OK,576
Beckham, OK,2457
Blaine, OK,966
Bryan, OK,5785
Caddo, OK,2952
Canadian, OK,9907
Carter, OK,5754
Cherokee, OK,6056
Choctaw, OK,1834
Cimarron, OK,286
Cleveland, OK,32963
Coal, OK,606
Comanche, OK,19582
Cotton, OK,603
Craig, OK,1510
Creek, OK,6326
Custer, OK,4140
Delaware, OK,3798
Dewey, OK,376
Ellis, OK,395
Garfield, OK,7873
Garvin, OK,3130
Grady, OK,4759
Grant, OK,418
Greer, OK,609
Harmon, OK,266
Harper, OK,339
Haskell, OK,1223
Hughes, OK,1287
Jackson, OK,3967
Jefferson, OK,745
Johnston, OK,1128
Kay, OK,5748
Kingfisher, OK,1227
Kiowa, OK,1126
Latimer, OK,1085
Le Flore, OK,4830
Lincoln, OK,2837
Logan, OK,3240
Love, OK,854
McClain, OK,2677
McCurtain, OK,3792
McIntosh, OK,1880
Major, OK,629
Marshall, OK,1561
Mayes, OK,3966
Murray, OK,1473
Muskogee, OK,8965
Noble, OK,1214
Nowata, OK,931
Okfuskee, OK,1116
Oklahoma, OK,115258
Okmulgee, OK,4478
Osage, OK,3890
Ottawa, OK,3352
Pawnee, OK,1444
Payne, OK,14208
Pittsburg, OK,4690
Pontotoc, OK,4896
Pottawatomie, OK,7496
Pushmataha, OK,1156
Roger Mills, OK,319
Rogers, OK,6598
Seminole, OK,2844
Sequoyah, OK,4368
Stephens, OK,4999
Texas, OK,2615
Tillman, OK,853
Tulsa, OK,94227
Wagoner, OK,4947
Washington, OK,5558
Washita, OK,1246
Woods, OK,1119
Woodward, OK,2206
OREGON,,574453
Baker, OR,2230
Benton, OR,15139
Clackamas, OR,44808
Clatsop, OR,6062
Columbia, OR,4901
Coos, OR,9333
Crook, OR,2465
Curry, OR,3200
Deschutes, OR,21930
Douglas, OR,14071
Gilliam, OR,302
Grant, OR,948
Harney, OR,1003
Hood River, OR,3033
Jackson, OR,31031
Jefferson, OR,2451
Josephine, OR,11534
Klamath, OR,9243
Lake, OR,1076
Lane, OR,58738
Lincoln, OR,7273
Linn, OR,15777
Malheur, OR,3910
Marion, OR,44050
Morrow, OR,1117
Multnomah, OR,138330
Polk, OR,9552
Sherman, OR,253
Tillamook, OR,3311
Umatilla, OR,9988
Union, OR,3628
Wallowa, OR,895
Wasco, OR,3597
Washington, OR,77863
Wheeler, OR,218
Yamhill, OR,11193
PENNSYLVANIA,,1527182
Adams, PA,8645
Allegheny, PA,188567
Armstrong, PA,7045
Beaver, PA,19048
Bedford, PA,4351
Berks, PA,43703
Blair, PA,15506
Bradford, PA,6520
Bucks, PA,53836
Butler, PA,17594
Cambria, PA,15558
Cameron, PA,596
Carbon, PA,6041
Centre, PA,23857
Chester, PA,43572
Clarion, PA,5106
Clearfield, PA,7463
Clinton, PA,4406
Columbia, PA,8092
Crawford, PA,9212
Cumberland, PA,26337
Dauphin, PA,38944
Delaware, PA,61488
Elk, PA,2943
Erie, PA,36566
Fayette, PA,15750
Forest, PA,450
Franklin, PA,15506
Fulton, PA,1397
Greene, PA,4043
Huntingdon, PA,4144
Indiana, PA,10923
Jefferson, PA,4655
Juniata, PA,2263
Lackawanna, PA,29873
Lancaster, PA,60899
Lawrence, PA,9159
Lebanon, PA,14636
Lehigh, PA,43137
Luzerne, PA,42190
Lycoming, PA,14879
McKean, PA,4543
Mercer, PA,12504
Mifflin, PA,5130
Monroe, PA,13074
Montgomery, PA,82749
Montour, PA,2080
Northampton, PA,30846
Northumberland, PA,10829
Perry, PA,3693
Philadelphia, PA,275200
Pike, PA,3114
Potter, PA,1703
Schuylkill, PA,14696
Snyder, PA,3803
Somerset, PA,7205
Sullivan, PA,557
Susquehanna, PA,3887
Tioga, PA,4249
Union, PA,4273
Venango, PA,5745
Warren, PA,4137
Washington, PA,20548
Wayne, PA,3969
Westmoreland, PA,35924
Wyoming, PA,2625
York, PA,41199
RHODE ISLAND,,162648
Bristol, RI,5639
Kent, RI,19599
Newport, RI,12887
Providence, RI,111349
Washington, RI,13174
SOUTH CAROLINA,,552376
Abbeville, SC,2342
Aiken, SC,17297
Allendale, SC,1311
Anderson, SC,20814
Bamberg, SC,1756
Barnwell, SC,2657
Beaufort, SC,19077
Berkeley, SC,18038
Calhoun, SC,1297
Charleston, SC,57241
Cherokee, SC,6686
Chester, SC,3313
Chesterfield, SC,4933
Clarendon, SC,3330
Colleton, SC,3782
Darlington, SC,7531
Dillon, SC,4015
Dorchester, SC,14186
Edgefield, SC,2236
Fairfield, SC,2430
Florence, SC,17127
Georgetown, SC,5447
Greenville, SC,57492
Greenwood, SC,9522
Hampton, SC,1998
Horry, SC,35228
Jasper, SC,2646
Kershaw, SC,5179
Lancaster, SC,7257
Laurens, SC,7150
Lee, SC,1910
Lexington, SC,26942
McCormick, SC,810
Marion, SC,4078
Marlboro, SC,3586
Newberry, SC,4042
Oconee, SC,7634
Orangeburg, SC,11222
Pickens, SC,14067
Richland, SC,56171
Saluda, SC,1882
Spartanburg, SC,32986
Sumter, SC,13384
Union, SC,3373
Williamsburg, SC,3226
York, SC,23745
SOUTH DAKOTA,,102724
Aurora, SD,260
Beadle, SD,2463
Bennett, SD,460
Bon Homme, SD,553
Brookings, SD,5109
Brown, SD,5192
Brule, SD,627
Buffalo, SD,281
Butte, SD,1144
Campbell, SD,114
Charles Mix, SD,1015
Clark, SD,290
Clay, SD,2401
Codington, SD,3654
Corson, SD,556
Custer, SD,799
Davison, SD,3166
Day, SD,586
Deuel, SD,337
Dewey, SD,703
Douglas, SD,243
Edmunds, SD,319
Fall River, SD,999
Faulk, SD,180
Grant, SD,674
Gregory, SD,505
Haakon, SD,198
Hamlin, SD,370
Hand, SD,402
Hanson, SD,134
Harding, SD,143
Hughes, SD,2355
Hutchinson, SD,610
Hyde, SD,152
Jackson, SD,338
Jerauld, SD,246
Jones, SD,128
Kingsbury, SD,524
Lake, SD,1292
Lawrence, SD,3764
Lincoln, SD,3607
Lyman, SD,437
McCook, SD,453
McPherson, SD,192
Marshall, SD,479
Meade, SD,2564
Mellette, SD,227
Miner, SD,228
Minnehaha, SD,23461
Moody, SD,654
Pennington, SD,14459
Perkins, SD,325
Potter, SD,186
Roberts, SD,1191
Sanborn, SD,204
Shannon, SD,1437
Spink, SD,651
Stanley, SD,271
Sully, SD,133
Todd, SD,1517
Tripp, SD,691
Turner, SD,760
Union, SD,1471
Walworth, SD,719
Yankton, SD,2720
Ziebach, SD,401
TENNESSEE,,792960
Anderson, TN,9377
Bedford, TN,4996
Benton, TN,1558
Bledsoe, TN,972
Blount, TN,12734
Bradley, TN,12694
Campbell, TN,4733
Cannon, TN,1281
Carroll, TN,2821
Carter, TN,7050
Cheatham, TN,2613
Chester, TN,1674
Claiborne, TN,3127
Clay, TN,741
Cocke, TN,4127
Coffee, TN,6323
Crockett, TN,1576
Cumberland, TN,5075
Davidson, TN,114384
Decatur, TN,1093
DeKalb, TN,2109
Dickson, TN,5123
Dyer, TN,5527
Fayette, TN,2592
Fentress, TN,1639
Franklin, TN,3725
Gibson, TN,5798
Giles, TN,3237
Grainger, TN,1727
Greene, TN,7182
Grundy, TN,1102
Hamblen, TN,7556
Hamilton, TN,48754
Hancock, TN,668
Hardeman, TN,2567
Hardin, TN,2646
Hawkins, TN,5669
Haywood, TN,2864
Henderson, TN,2804
Henry, TN,3486
Hickman, TN,2052
Houston, TN,805
Humphreys, TN,1831
Jackson, TN,1070
Jefferson, TN,4891
Johnson, TN,1720
Knox, TN,59837
Lake, TN,970
Lauderdale, TN,3589
Lawrence, TN,4085
Lewis, TN,1121
Lincoln, TN,3333
Loudon, TN,4291
McMinn, TN,5640
McNairy, TN,2522
Macon, TN,2230
Madison, TN,13296
Marion, TN,2650
Marshall, TN,3289
Maury, TN,8850
Meigs, TN,969
Monroe, TN,4405
Montgomery, TN,24167
Moore, TN,411
Morgan, TN,1661
Obion, TN,4165
Overton, TN,1927
Perry, TN,617
Pickett, TN,389
Polk, TN,1381
Putnam, TN,10995
Rhea, TN,3562
Roane, TN,5547
Robertson, TN,5901
Rutherford, TN,30783
Scott, TN,2254
Sequatchie, TN,1415
Sevier, TN,11060
Shelby, TN,138955
Smith, TN,1743
Stewart, TN,1228
Sullivan, TN,17875
Sumner, TN,15907
Tipton, TN,5521
Trousdale, TN,722
Unicoi, TN,2089
Union, TN,1646
Van Buren, TN,390
Warren, TN,4715
Washington, TN,17352
Wayne, TN,1239
Weakley, TN,4790
White, TN,2381
Williamson, TN,12169
Wilson, TN,8833
TEXAS,,3237580
Anderson, TX,4786
Andrews, TX,1239
Angelina, TX,9748
Aransas, TX,2469
Archer, TX,638
Armstrong, TX,132
Atascosa, TX,3687
Austin, TX,2645
Bailey, TX,822
Bandera, TX,1406
Bastrop, TX,5924
Baylor, TX,478
Bee, TX,3197
Bell, TX,50611
Bexar, TX,240293
Blanco, TX,882
Borden, TX,91
Bosque, TX,1712
Bowie, TX,11938
Brazoria, TX,27112
Brazos, TX,39326
Brewster, TX,1654
Briscoe, TX,157
Brooks, TX,813
Brown, TX,4326
Burleson, TX,1432
Burnet, TX,4163
Caldwell, TX,3740
Calhoun, TX,2241
Callahan, TX,1160
Cameron, TX,39219
Camp, TX,1418
Carson, TX,388
Cass, TX,2959
Castro, TX,885
Chambers, TX,1762
Cherokee, TX,4933
Childress, TX,666
Clay, TX,717
Cochran, TX,260
Coke, TX,298
Coleman, TX,1056
Collin, TX,90716
Collingsworth, TX,262
Colorado, TX,1955
Comal, TX,9649
Comanche, TX,1319
Concho, TX,255
Cooke, TX,4218
Coryell, TX,10055
Cottle, TX,201
Crane, TX,284
Crockett, TX,434
Crosby, TX,687
Culberson, TX,274
Dallam, TX,972
Dallas, TX,400219
Dawson, TX,1221
Deaf Smith, TX,2244
Delta, TX,448
Denton, TX,83415
DeWitt, TX,1859
Dickens, TX,229
Dimmit, TX,943
Donley, TX,414
Duval, TX,918
Eastland, TX,1943
Ector, TX,15738
Edwards, TX,160
Ellis, TX,12921
El Paso, TX,94862
Erath, TX,5701
Falls, TX,1835
Fannin, TX,3159
Fayette, TX,2261
Fisher, TX,419
Floyd, TX,637
Foard, TX,131
Fort Bend, TX,37635
Franklin, TX,1022
Freestone, TX,1611
Frio, TX,1567
Gaines, TX,1282
Galveston, TX,34025
Garza, TX,511
Gillespie, TX,2603
Glasscock, TX,138
Goliad, TX,573
Gonzales, TX,2277
Gray, TX,2168
Grayson, TX,14360
Gregg, TX,17857
Grimes, TX,2070
Guadalupe, TX,10647
Hale, TX,4198
Hall, TX,375
Hamilton, TX,832
Hansford, TX,467
Hardeman, TX,487
Hardin, TX,4033
Harris, TX,620345
Harrison, TX,6519
Hartley, TX,530
Haskell, TX,518
Hays, TX,19073
Hemphill, TX,355
Henderson, TX,7472
Hidalgo, TX,64938
Hill, TX,3239
Hockley, TX,2467
Hood, TX,4590
Hopkins, TX,3874
Houston, TX,2342
Howard, TX,3663
Hudspeth, TX,269
Hunt, TX,9813
Hutchinson, TX,2038
Irion, TX,148
Jack, TX,738
Jackson, TX,1380
Jasper, TX,2951
Jeff Davis, TX,242
Jefferson, TX,34375
Jim Hogg, TX,515
Jim Wells, TX,3790
Johnson, TX,12495
Jones, TX,1263
Karnes, TX,1272
Kaufman, TX,7538
Kendall, TX,3088
Kenedy, TX,95
Kent, TX,96
Kerr, TX,5592
Kimble, TX,512
King, TX,68
Kinney, TX,297
Kleberg, TX,4805
Knox, TX,395
Lamar, TX,6635
Lamb, TX,1405
Lampasas, TX,1914
La Salle, TX,528
Lavaca, TX,1721
Lee, TX,1341
Leon, TX,1293
Liberty, TX,5732
Limestone, TX,2268
Lipscomb, TX,347
Live Oak, TX,874
Llano, TX,1941
Loving, TX,14
Lubbock, TX,44183
Lynn, TX,601
McCulloch, TX,893
McLennan, TX,34648
McMullen, TX,56
Madison, TX,1047
Marion, TX,958
Martin, TX,448
Mason, TX,374
Matagorda, TX,4646
Maverick, TX,4733
Medina, TX,3286
Menard, TX,254
Midland, TX,15853
Milam, TX,2660
Mills, TX,419
Mitchell, TX,765
Montague, TX,1743
Montgomery, TX,42523
Moore, TX,2465
Morris, TX,1272
Motley, TX,118
Nacogdoches, TX,9895
Navarro, TX,5167
Newton, TX,890
Nolan, TX,1895
Nueces, TX,48941
Ochiltree, TX,950
Oldham, TX,217
Orange, TX,7223
Palo Pinto, TX,3207
Panola, TX,2159
Parker, TX,8718
Parmer, TX,1085
Pecos, TX,1325
Polk, TX,3402
Potter, TX,18030
Presidio, TX,958
Rains, TX,897
Randall, TX,14075
Reagan, TX,296
Real, TX,329
Red River, TX,1450
Reeves, TX,957
Refugio, TX,761
Roberts, TX,78
Robertson, TX,1785
Rockwall, TX,4562
Runnels, TX,1026
Rusk, TX,4216
Sabine, TX,724
San Augustine, TX,760
San Jacinto, TX,1606
San Patricio, TX,7077
San Saba, TX,543
Schleicher, TX,347
Scurry, TX,1527
Shackelford, TX,324
Shelby, TX,2428
Sherman, TX,288
Smith, TX,26486
Somervell, TX,722
Starr, TX,3743
Stephens, TX,966
Sterling, TX,97
Stonewall, TX,144
Sutton, TX,432
Swisher, TX,828
Tarrant, TX,248310
Taylor, TX,19741
Terrell, TX,124
Terry, TX,1294
Throckmorton, TX,183
Titus, TX,3330
Tom Green, TX,14770
Travis, TX,194452
Trinity, TX,1298
Tyler, TX,1385
Upshur, TX,3142
Upton, TX,273
Uvalde, TX,2692
Val Verde, TX,5402
Van Zandt, TX,4370
Victoria, TX,11043
Walker, TX,9249
Waller, TX,4327
Ward, TX,938
Washington, TX,3679
Webb, TX,23820
Wharton, TX,4829
Wheeler, TX,511
Wichita, TX,18797
Wilbarger, TX,1944
Willacy, TX,1365
Williamson, TX,46822
Wilson, TX,2443
Winkler, TX,484
Wise, TX,4374
Wood, TX,3370
Yoakum, TX,627
Young, TX,1961
Zapata, TX,920
Zavala, TX,1038
UTAH,,259555
Beaver, UT,555
Box Elder, UT,3454
Cache, UT,12042
Carbon, UT,2234
Daggett, UT,116
Davis, UT,20474
Duchesne, UT,1355
Emery, UT,726
Garfield, UT,491
Grand, UT,1276
Iron, UT,5455
Juab, UT,650
Kane, UT,737
Millard, UT,943
Morgan, UT,308
Piute, UT,102
Rich, UT,146
Salt Lake, UT,112203
San Juan, UT,892
Sanpete, UT,1997
Sevier, UT,1596
Summit, UT,3093
Tooele, UT,4098
Uintah, UT,2678
Utah, UT,44549
Wasatch, UT,1816
Washington, UT,13691
Wayne, UT,259
Weber, UT,21619
VERMONT,,75035
Addison, VT,3422
Bennington, VT,4453
Caledonia, VT,3320
Chittenden, VT,21517
Essex, VT,558
Franklin, VT,4684
Grand Isle, VT,544
Lamoille, VT,2886
Orange, VT,2538
Orleans, VT,2767
Rutland, VT,7837
Washington, VT,7487
Windham, VT,6166
Windsor, VT,6856
VIRGINIA,,1000872
Accomack, VA,3835
Albemarle, VA,13096
Alleghany, VA,1542
Amelia, VA,900
Amherst, VA,2960
Appomattox, VA,1255
Arlington, VA,55593
Augusta, VA,5489
Bath, VA,566
Bedford, VA,4234
Bland, VA,403
Botetourt, VA,1894
Brunswick, VA,1724
Buchanan, VA,1977
Buckingham, VA,1440
Campbell, VA,5673
Caroline, VA,1953
Carroll, VA,2876
Charles City, VA,507
Charlotte, VA,1312
Chesterfield, VA,26077
Clarke, VA,1353
Craig, VA,438
Culpeper, VA,4623
Cumberland, VA,988
Dickenson, VA,1269
Dinwiddie, VA,2400
Essex, VA,1279
Fairfax, VA,119394
Fauquier, VA,5434
Floyd, VA,1300
Fluvanna, VA,1437
Franklin, VA,4906
Frederick, VA,6191
Giles, VA,1742
Gloucester, VA,2830
Goochland, VA,975
Grayson, VA,1493
Greene, VA,1330
Greensville, VA,1029
Halifax, VA,4057
Hanover, VA,6418
Henrico, VA,44162
Henry, VA,6014
Highland, VA,175
Isle of Wight, VA,2742
James City, VA,6431
King and Queen, VA,557
King George, VA,1808
King William, VA,1033
Lancaster, VA,1165
Lee, VA,2764
Loudoun, VA,23199
Louisa, VA,2380
Lunenburg, VA,1295
Madison, VA,1125
Mathews, VA,618
Mecklenburg, VA,3835
Middlesex, VA,920
Montgomery, VA,16710
Nelson, VA,1345
New Kent, VA,792
Northampton, VA,1770
Northumberland, VA,927
Nottoway, VA,1925
Orange, VA,3005
Page, VA,2661
Patrick, VA,1811
Pittsylvania, VA,5963
Powhatan, VA,1091
Prince Edward, VA,3086
Prince George, VA,2823
Prince William, VA,35032
Pulaski, VA,4110
Rappahannock, VA,758
Richmond, VA,783
Roanoke, VA,8652
Rockbridge, VA,2388
Rockingham, VA,7270
Russell, VA,2512
Scott, VA,2267
Shenandoah, VA,4869
Smyth, VA,3802
Southampton, VA,1686
Spotsylvania, VA,8684
Stafford, VA,9430
Surry, VA,633
Sussex, VA,1251
Tazewell, VA,4718
Warren, VA,3506
Washington, VA,5811
Westmoreland, VA,1719
Wise, VA,4546
Wythe, VA,3267
York, VA,5962
Alexandria, VA,38624
Bedford, VA,1164
Bristol, VA,3085
Buena Vista, VA,883
Charlottesville, VA,10463
Chesapeake, VA,21461
Clifton Forge, VA,0
Colonial Heights, VA,2525
Covington, VA,814
Danville, VA,8759
Emporia, VA,1328
Fairfax, VA,2424
Falls Church, VA,2134
Franklin, VA,1776
Fredericksburg, VA,5882
Galax, VA,1117
Hampton, VA,23057
Harrisonburg, VA,10139
Hopewell, VA,4223
Lexington, VA,1071
Lynchburg, VA,13374
Manassas, VA,4484
Manassas Park, VA,1558
Martinsville, VA,2652
Newport News, VA,34588
Norfolk, VA,47233
Norton, VA,838
Petersburg, VA,7479
Poquoson, VA,774
Portsmouth, VA,15362
Radford, VA,3496
Richmond, VA,49555
Roanoke, VA,19311
Salem, VA,3421
South Boston, VA,0
Staunton, VA,4284
Suffolk, VA,8396
Virginia Beach, VA,57311
Waynesboro, VA,3528
Williamsburg, VA,2573
Winchester, VA,5746
WASHINGTON,,946156
Adams, WA,1984
Asotin, WA,3046
Benton, WA,20722
Chelan, WA,10143
Clallam, WA,8909
Clark, WA,54096
Columbia, WA,484
Cowlitz, WA,13767
Douglas, WA,4173
Ferry, WA,895
Franklin, WA,7846
Garfield, WA,258
Grant, WA,11210
Grays Harbor, WA,9203
Island, WA,9515
Jefferson, WA,3616
King, WA,322514
Kitsap, WA,30795
Kittitas, WA,6958
Klickitat, WA,2462
Lewis, WA,8950
Lincoln, WA,971
Mason, WA,5358
Okanogan, WA,5219
Pacific, WA,2572
Pend Oreille, WA,1254
Pierce, WA,110838
San Juan, WA,2253
Skagit, WA,14601
Skamania, WA,1170
Snohomish, WA,88566
Spokane, WA,66404
Stevens, WA,3835
Thurston, WA,33581
Wahkiakum, WA,352
Walla Walla, WA,7957
Whatcom, WA,30465
Whitman, WA,9566
Yakima, WA,29648
WEST VIRGINIA,,202818
Barbour, WV,1538
Berkeley, WV,10091
Boone, WV,2206
Braxton, WV,1504
Brooke, WV,2437
Cabell, WV,15508
Calhoun, WV,738
Clay, WV,787
Doddridge, WV,592
Fayette, WV,4532
Gilmer, WV,748
Grant, WV,1059
Greenbrier, WV,4110
Hampshire, WV,1873
Hancock, WV,3559
Hardy, WV,1362
Harrison, WV,7432
Jackson, WV,2673
Jefferson, WV,4630
Kanawha, WV,26417
Lewis, WV,1891
Lincoln, WV,1834
Logan, WV,3745
McDowell, WV,1885
Marion, WV,6316
Marshall, WV,3281
Mason, WV,2283
Mercer, WV,7176
Mineral, WV,2660
Mingo, WV,2666
Monongalia, WV,17638
Monroe, WV,964
Morgan, WV,1253
Nicholas, WV,2164
Ohio, WV,6217
Pendleton, WV,656
Pleasants, WV,562
Pocahontas, WV,736
Preston, WV,2355
Putnam, WV,3806
Raleigh, WV,8153
Randolph, WV,3112
Ritchie, WV,904
Roane, WV,1346
Summers, WV,1290
Taylor, WV,1484
Tucker, WV,599
Tyler, WV,691
Upshur, WV,2396
Wayne, WV,4034
Webster, WV,830
Wetzel, WV,1560
Wirt, WV,441
Wood, WV,10334
Wyoming, WV,1760
WISCONSIN,,728210
Adams, WI,1463
Ashland, WI,2039
Barron, WI,5047
Bayfield, WI,1221
Brown, WI,33798
Buffalo, WI,1295
Burnett, WI,1231
Calumet, WI,3509
Chippewa, WI,6207
Clark, WI,2557
Columbia, WI,5780
Crawford, WI,1661
Dane, WI,82241
Dodge, WI,9223
Door, WI,2829
Douglas, WI,5712
Dunn, WI,5289
Eau Claire, WI,14406
Florence, WI,280
Fond du Lac, WI,11290
Forest, WI,848
Grant, WI,5669
Green, WI,3674
Green Lake, WI,1900
Iowa, WI,2272
Iron, WI,551
Jackson, WI,1926
Jefferson, WI,9348
Juneau, WI,2619
Kenosha, WI,20069
Kewaunee, WI,1608
La Crosse, WI,16575
Lafayette, WI,1490
Langlade, WI,2026
Lincoln, WI,2776
Manitowoc, WI,8371
Marathon, WI,14086
Marinette, WI,4085
Marquette, WI,1251
Menominee, WI,381
Milwaukee, WI,186757
Monroe, WI,4972
Oconto, WI,2627
Oneida, WI,3463
Outagamie, WI,19910
Ozaukee, WI,7983
Pepin, WI,623
Pierce, WI,3887
Polk, WI,3819
Portage, WI,8563
Price, WI,1225
Racine, WI,22799
Richland, WI,1867
Rock, WI,18525
Rusk, WI,1462
St. Croix, WI,7045
Sauk, WI,7502
Sawyer, WI,1694
Shawano, WI,4020
Sheboygan, WI,13110
Taylor, WI,1695
Trempealeau, WI,2965
Vernon, WI,2451
Vilas, WI,1936
Walworth, WI,12389
Washburn, WI,1445
Washington, WI,11141
Waukesha, WI,35393
Waupaca, WI,5227
Waushara, WI,1804
Winnebago, WI,22839
Wood, WI,8469
WYOMING,,69802
Albany, WY,7857
Big Horn, WY,1147
Campbell, WY,4577
Carbon, WY,1836
Converse, WY,1590
Crook, WY,604
Fremont, WY,4449
Goshen, WY,1571
Hot Springs, WY,658
Johnson, WY,1096
Laramie, WY,12043
Lincoln, WY,1451
Natrona, WY,9108
Niobrara, WY,299
Park, WY,3463
Platte, WY,940
Sheridan, WY,3859
Sublette, WY,1248
Sweetwater, WY,4603
Teton, WY,3890
Uinta, WY,1909
Washakie, WY,932
Weston, WY,672
