Areaname,,"Unmployment (%,(2010))"
UNITED STATES,,9.6
ALABAMA,,9.5
Autauga, AL,8
Baldwin, AL,8.9
Barbour, AL,12.1
Bibb, AL,10.7
Blount, AL,8.9
Bullock, AL,14.7
Butler, AL,12.1
Calhoun, AL,9.5
Chambers, AL,13.7
Cherokee, AL,9.1
Chilton, AL,9.4
Choctaw, AL,11.4
Clarke, AL,15.8
Clay, AL,13.9
Cleburne, AL,8.4
Coffee, AL,7.3
Colbert, AL,9.7
Conecuh, AL,16.3
Coosa, AL,13.1
Covington, AL,9.1
Crenshaw, AL,8.7
Cullman, AL,8.8
Dale, AL,8.5
Dallas, AL,17.3
DeKalb, AL,11.6
Elmore, AL,8.4
Escambia, AL,11.1
Etowah, AL,9.4
Fayette, AL,11.8
Franklin, AL,10.1
Geneva, AL,9
Greene, AL,16.9
Hale, AL,12.1
Henry, AL,9.4
Houston, AL,8.4
Jackson, AL,9.7
Jefferson, AL,9.4
Lamar, AL,12.8
Lauderdale, AL,8.8
Lawrence, AL,11
Lee, AL,8.2
Limestone, AL,8.3
Lowndes, AL,15.4
Macon, AL,13.2
Madison, AL,7.3
Marengo, AL,12.4
Marion, AL,13.5
Marshall, AL,8.5
Mobile, AL,10.2
Monroe, AL,17.1
Montgomery, AL,9.3
Morgan, AL,9.6
Perry, AL,16.3
Pickens, AL,11.3
Pike, AL,7.8
Randolph, AL,12.5
Russell, AL,10.5
St. Clair, AL,9.3
Shelby, AL,7
Sumter, AL,14.2
Talladega, AL,11.5
Tallapoosa, AL,12.7
Tuscaloosa, AL,8.3
Walker, AL,10.6
Washington, AL,13.3
Wilcox, AL,21.7
Winston, AL,15
ALASKA,,8
Aleutians East, AK,8.5
Aleutians West, AK,6.5
Anchorage, AK,6.9
Bethel, AK,15
Bristol Bay, AK,3.9
Denali, AK,9.3
Dillingham, AK,10.1
Fairbanks North Star, AK,7.1
Haines, AK,8.7
Hoonah-Angoon, AK,15.4
Juneau, AK,5.8
Kenai Peninsula, AK,10
Ketchikan Gateway, AK,7.6
Kodiak Island, AK,7.1
Lake and Peninsula, AK,8.1
Matanuska-Susitna, AK,9.1
Nome, AK,13
North Slope, AK,5.1
Northwest Arctic, AK,13.4
Petersburg, AK,10.2
Prince of Wales-Hyder, AK,14.8
Sitka, AK,6.3
Skagway, AK,13.4
Southeast Fairbanks, AK,10.6
Valdez-Cordova, AK,8.7
Wade Hampton, AK,20.4
Wrangell, AK,0
Yakutat, AK,10.7
Yukon-Koyukuk, AK,15.4
ARIZONA,,10
Apache, AZ,16.4
Cochise, AZ,8.4
Coconino, AZ,8.9
Gila, AZ,11.1
Graham, AZ,13.5
Greenlee, AZ,11.1
La Paz, AZ,9.9
Maricopa, AZ,9.1
Mohave, AZ,11.2
Navajo, AZ,15.7
Pima, AZ,9
Pinal, AZ,12
Santa Cruz, AZ,16.3
Yavapai, AZ,10.5
Yuma, AZ,25.3
ARKANSAS,,7.9
Arkansas, AR,16.6
Ashley, AR,10.1
Baxter, AR,8.9
Benton, AR,6.4
Boone, AR,7.3
Bradley, AR,9.6
Calhoun, AR,8.9
Carroll, AR,6.6
Chicot, AR,11.2
Clark, AR,8.1
Clay, AR,12
Cleburne, AR,7.3
Cleveland, AR,8.3
Columbia, AR,9.4
Conway, AR,8.1
Craighead, AR,7.2
Crawford, AR,7.8
Crittenden, AR,11.1
Cross, AR,8.5
Dallas, AR,10.9
Desha, AR,11.6
Drew, AR,10.8
Faulkner, AR,7.4
Franklin, AR,7
Fulton, AR,7.4
Garland, AR,8.1
Grant, AR,6.9
Greene, AR,9.8
Hempstead, AR,9.2
Hot Spring, AR,7.7
Howard, AR,8.3
Independence, AR,8.2
Izard, AR,9.4
Jackson, AR,10.6
Jefferson, AR,9.9
Johnson, AR,7.5
Lafayette, AR,9.8
Lawrence, AR,9.3
Lee, AR,9.5
Lincoln, AR,9.6
Little River, AR,7.5
Logan, AR,8.2
Lonoke, AR,6.7
Madison, AR,6.7
Marion, AR,10.2
Miller, AR,5.8
Mississippi, AR,11.4
Monroe, AR,8.4
Montgomery, AR,7.8
Nevada, AR,9.2
Newton, AR,7.4
Ouachita, AR,8.5
Perry, AR,8.2
Phillips, AR,9.5
Pike, AR,8.5
Poinsett, AR,9
Polk, AR,7.5
Pope, AR,7.7
Prairie, AR,8.5
Pulaski, AR,7
Randolph, AR,9.5
St. Francis, AR,10.2
Saline, AR,6.8
Scott, AR,6.8
Searcy, AR,8.4
Sebastian, AR,7.3
Sevier, AR,6.1
Sharp, AR,9.6
Stone, AR,8.8
Union, AR,10.6
Van Buren, AR,9.8
Washington, AR,6.3
White, AR,8.4
Woodruff, AR,10.8
Yell, AR,6.7
CALIFORNIA,,12.4
Alameda, CA,11.3
Alpine, CA,15.7
Amador, CA,13.4
Butte, CA,13.9
Calaveras, CA,15.6
Colusa, CA,20.4
Contra Costa, CA,11.2
Del Norte, CA,13.3
El Dorado, CA,12.6
Fresno, CA,16.8
Glenn, CA,16.3
Humboldt, CA,11.5
Imperial, CA,29.7
Inyo, CA,10
Kern, CA,15.9
Kings, CA,16.5
Lake, CA,18.1
Lassen, CA,14.2
Los Angeles, CA,12.6
Madera, CA,15.6
Marin, CA,8.3
Mariposa, CA,12.1
Mendocino, CA,11.4
Merced, CA,18.9
Modoc, CA,14.1
Mono, CA,10.3
Monterey, CA,12.8
Napa, CA,9.8
Nevada, CA,11.5
Orange, CA,9.6
Placer, CA,11.5
Plumas, CA,16.8
Riverside, CA,14.7
Sacramento, CA,12.8
San Benito, CA,17.6
San Bernardino, CA,14.2
San Diego, CA,10.5
San Francisco, CA,9.5
San Joaquin, CA,17.3
San Luis Obispo, CA,10.2
San Mateo, CA,8.9
Santa Barbara, CA,9.4
Santa Clara, CA,11.1
Santa Cruz, CA,12.7
Shasta, CA,16
Sierra, CA,15.8
Siskiyou, CA,17.6
Solano, CA,12
Sonoma, CA,10.5
Stanislaus, CA,17.4
Sutter, CA,19.8
Tehama, CA,15.8
Trinity, CA,18.7
Tulare, CA,16.8
Tuolumne, CA,14
Ventura, CA,10.8
Yolo, CA,13
Yuba, CA,19.1
COLORADO,,8.9
Adams, CO,10.2
Alamosa, CO,7.6
Arapahoe, CO,8.8
Archuleta, CO,10.2
Baca, CO,4.3
Bent, CO,8.1
Boulder, CO,7.1
Broomfield, CO,7.9
Chaffee, CO,7.9
Cheyenne, CO,3.4
Clear Creek, CO,8.5
Conejos, CO,9.3
Costilla, CO,10.9
Crowley, CO,10.5
Custer, CO,6.9
Delta, CO,9.7
Denver, CO,9.7
Dolores, CO,17.5
Douglas, CO,7.1
Eagle, CO,9.5
Elbert, CO,8.3
El Paso, CO,9.6
Fremont, CO,10.5
Garfield, CO,10
Gilpin, CO,7.7
Grand, CO,9
Gunnison, CO,7.1
Hinsdale, CO,4.6
Huerfano, CO,12.3
Jackson, CO,6.7
Jefferson, CO,8.6
Kiowa, CO,5.1
Kit Carson, CO,4.8
Lake, CO,12.6
La Plata, CO,7.2
Larimer, CO,7.4
Las Animas, CO,9.7
Lincoln, CO,4.9
Logan, CO,6.5
Mesa, CO,10.6
Mineral, CO,7.2
Moffat, CO,9.5
Montezuma, CO,9.2
Montrose, CO,11.1
Morgan, CO,6.9
Otero, CO,8.7
Ouray, CO,7.8
Park, CO,8.9
Phillips, CO,4.8
Pitkin, CO,8.1
Prowers, CO,6.6
Pueblo, CO,10.4
Rio Blanco, CO,6.6
Rio Grande, CO,8
Routt, CO,9.4
Saguache, CO,9.7
San Juan, CO,10.8
San Miguel, CO,7.7
Sedgwick, CO,5.1
Summit, CO,7.8
Teller, CO,9.7
Washington, CO,5.4
Weld, CO,10.2
Yuma, CO,4.2
CONNECTICUT,,9.1
Fairfield, CT,8.3
Hartford, CT,9.7
Litchfield, CT,8.8
Middlesex, CT,7.7
New Haven, CT,10.1
New London, CT,8.7
Tolland, CT,7.8
Windham, CT,10.3
DELAWARE,,8.5
Kent, DE,8.4
New Castle, DE,8.6
Sussex, DE,8.3
DISTRICT OF COLUMBIA,,9.9
District of Columbia,,9.9
FLORIDA,,11.5
Alachua, FL,8.2
Baker, FL,10.9
Bay, FL,10.3
Bradford, FL,9.6
Brevard, FL,11.5
Broward, FL,10.1
Calhoun, FL,9
Charlotte, FL,12.4
Citrus, FL,12.9
Clay, FL,10.5
Collier, FL,12
Columbia, FL,10.7
DeSoto, FL,11.1
Dixie, FL,12.6
Duval, FL,11.7
Escambia, FL,10.9
Flagler, FL,15.5
Franklin, FL,8.4
Gadsden, FL,10.6
Gilchrist, FL,9.9
Glades, FL,9.6
Gulf, FL,10.8
Hamilton, FL,12.2
Hardee, FL,11.5
Hendry, FL,15.6
Hernando, FL,14.5
Highlands, FL,11.7
Hillsborough, FL,11.8
Holmes, FL,8.6
Indian River, FL,14
Jackson, FL,8.2
Jefferson, FL,9.3
Lafayette, FL,8.3
Lake, FL,12
Lee, FL,12.8
Leon, FL,8.2
Levy, FL,12.2
Liberty, FL,6.9
Madison, FL,11.7
Manatee, FL,12.3
Marion, FL,13.8
Martin, FL,11.8
Miami-Dade, FL,12.4
Monroe, FL,7.4
Nassau, FL,10.9
Okaloosa, FL,8.1
Okeechobee, FL,12.7
Orange, FL,11.4
Osceola, FL,12.4
Palm Beach, FL,11.7
Pasco, FL,13.1
Pinellas, FL,11.7
Polk, FL,12.5
Putnam, FL,12.6
St. Johns, FL,9.5
St. Lucie, FL,14.1
Santa Rosa, FL,9.8
Sarasota, FL,12.2
Seminole, FL,10.7
Sumter, FL,9.2
Suwannee, FL,10.5
Taylor, FL,11.5
Union, FL,8.7
Volusia, FL,12
Wakulla, FL,8.2
Walton, FL,8.2
Washington, FL,11.3
GEORGIA,,10.2
Appling, GA,10.7
Atkinson, GA,16.2
Bacon, GA,10.3
Baker, GA,10
Baldwin, GA,15.7
Banks, GA,7.3
Barrow, GA,10.3
Bartow, GA,11.7
Ben Hill, GA,14.4
Berrien, GA,12
Bibb, GA,10.6
Bleckley, GA,12.2
Brantley, GA,11.6
Brooks, GA,8.8
Bryan, GA,8.3
Bulloch, GA,10.1
Burke, GA,11
Butts, GA,11.8
Calhoun, GA,10.6
Camden, GA,9.9
Candler, GA,9.8
Carroll, GA,11.1
Catoosa, GA,8
Charlton, GA,11.5
Chatham, GA,9.1
Chattahoochee, GA,16
Chattooga, GA,12
Cherokee, GA,8.9
Clarke, GA,7.9
Clay, GA,8.7
Clayton, GA,12.4
Clinch, GA,11.6
Cobb, GA,9.7
Coffee, GA,17.1
Colquitt, GA,9.8
Columbia, GA,7
Cook, GA,13
Coweta, GA,9.8
Crawford, GA,10.7
Crisp, GA,13.4
Dade, GA,8.8
Dawson, GA,10.1
Decatur, GA,13.8
DeKalb, GA,10.4
Dodge, GA,11.9
Dooly, GA,11.4
Dougherty, GA,12
Douglas, GA,11.1
Early, GA,9.7
Echols, GA,7.1
Effingham, GA,8.7
Elbert, GA,13.6
Emanuel, GA,11.6
Evans, GA,9.3
Fannin, GA,10.7
Fayette, GA,8.7
Floyd, GA,10.7
Forsyth, GA,8.2
Franklin, GA,11.7
Fulton, GA,10.6
Gilmer, GA,10.6
Glascock, GA,12.2
Glynn, GA,9.4
Gordon, GA,12.4
Grady, GA,9.2
Greene, GA,11.5
Gwinnett, GA,9.2
Habersham, GA,10
Hall, GA,9.1
Hancock, GA,22.4
Haralson, GA,11.7
Harris, GA,7.4
Hart, GA,11.9
Heard, GA,12.5
Henry, GA,10.4
Houston, GA,7.6
Irwin, GA,13.8
Jackson, GA,10.8
Jasper, GA,11.7
Jeff Davis, GA,14.4
Jefferson, GA,14.4
Jenkins, GA,19.5
Johnson, GA,12.4
Jones, GA,9.5
Lamar, GA,12.6
Lanier, GA,9.3
Laurens, GA,12.3
Lee, GA,8.3
Liberty, GA,9.2
Lincoln, GA,11
Long, GA,7.2
Lowndes, GA,8.8
Lumpkin, GA,10.9
McDuffie, GA,10.3
McIntosh, GA,11.4
Macon, GA,13.7
Madison, GA,8.4
Marion, GA,9.9
Meriwether, GA,13.1
Miller, GA,8.3
Mitchell, GA,10.7
Monroe, GA,9.3
Montgomery, GA,10.7
Morgan, GA,9.9
Murray, GA,12
Muscogee, GA,9.4
Newton, GA,12.2
Oconee, GA,6.6
Oglethorpe, GA,8.5
Paulding, GA,10.6
Peach, GA,12
Pickens, GA,9.8
Pierce, GA,9.7
Pike, GA,10.4
Polk, GA,10.6
Pulaski, GA,8.8
Putnam, GA,11.5
Quitman, GA,13.4
Rabun, GA,12.2
Randolph, GA,13
Richmond, GA,10.3
Rockdale, GA,11.6
Schley, GA,14.4
Screven, GA,14.1
Seminole, GA,10.7
Spalding, GA,13.3
Stephens, GA,10.5
Stewart, GA,10.6
Sumter, GA,13.4
Talbot, GA,8.7
Taliaferro, GA,13.3
Tattnall, GA,9.8
Taylor, GA,13.3
Telfair, GA,17.3
Terrell, GA,11.1
Thomas, GA,9.4
Tift, GA,12
Toombs, GA,10.6
Towns, GA,9.6
Treutlen, GA,12.7
Troup, GA,11.4
Turner, GA,13.4
Twiggs, GA,11.5
Union, GA,9.3
Upson, GA,12.4
Walker, GA,9.7
Walton, GA,10.3
Ware, GA,11.3
Warren, GA,17.4
Washington, GA,15.4
Wayne, GA,12.4
Webster, GA,10.3
Wheeler, GA,10.9
White, GA,10.1
Whitfield, GA,12
Wilcox, GA,12.5
Wilkes, GA,11.7
Wilkinson, GA,12
Worth, GA,11.4
HAWAII,,6.6
Hawaii, HI,9.8
Honolulu, HI,5.6
Kalawao, HI,0
Kauai, HI,8.7
Maui, HI,8.3
IDAHO,,9.3
Ada, ID,8.9
Adams, ID,17.2
Bannock, ID,8.5
Bear Lake, ID,6.6
Benewah, ID,14
Bingham, ID,7.3
Blaine, ID,9.6
Boise, ID,10
Bonner, ID,12.8
Bonneville, ID,7
Boundary, ID,15.6
Butte, ID,6.5
Camas, ID,12.6
Canyon, ID,11.3
Caribou, ID,8
Cassia, ID,7.1
Clark, ID,9
Clearwater, ID,15.5
Custer, ID,7.4
Elmore, ID,9.3
Franklin, ID,5.8
Fremont, ID,10.1
Gem, ID,11.7
Gooding, ID,7.1
Idaho, ID,11.6
Jefferson, ID,7.7
Jerome, ID,8.5
Kootenai, ID,11
Latah, ID,7.9
Lemhi, ID,10.5
Lewis, ID,6.3
Lincoln, ID,13.4
Madison, ID,6.6
Minidoka, ID,7.7
Nez Perce, ID,7.3
Oneida, ID,5.3
Owyhee, ID,5.2
Payette, ID,9.7
Power, ID,10
Shoshone, ID,15
Teton, ID,7.9
Twin Falls, ID,8.4
Valley, ID,16.3
Washington, ID,10.7
ILLINOIS,,10.3
Adams, IL,7.4
Alexander, IL,11.8
Bond, IL,10.1
Boone, IL,15.9
Brown, IL,5.1
Bureau, IL,11.4
Calhoun, IL,10.9
Carroll, IL,11.3
Cass, IL,7.8
Champaign, IL,9
Christian, IL,10
Clark, IL,12.6
Clay, IL,12.1
Clinton, IL,8.3
Coles, IL,9.6
Cook, IL,10.5
Crawford, IL,9.5
Cumberland, IL,10.4
DeKalb, IL,9.7
De Witt, IL,8.8
Douglas, IL,9.3
DuPage, IL,8.3
Edgar, IL,10.8
Edwards, IL,9.2
Effingham, IL,8.4
Fayette, IL,11.5
Ford, IL,10.1
Franklin, IL,12.8
Fulton, IL,11.7
Gallatin, IL,10.1
Greene, IL,9.6
Grundy, IL,12.4
Hamilton, IL,9.7
Hancock, IL,11.5
Hardin, IL,11.6
Henderson, IL,10.2
Henry, IL,9.2
Iroquois, IL,10
Jackson, IL,7.9
Jasper, IL,9.6
Jefferson, IL,9.6
Jersey, IL,9.4
Jo Daviess, IL,8.8
Johnson, IL,11
Kane, IL,10.3
Kankakee, IL,13.1
Kendall, IL,9.8
Knox, IL,9.5
Lake, IL,10.5
LaSalle, IL,13.1
Lawrence, IL,9.5
Lee, IL,11
Livingston, IL,10.4
Logan, IL,9.6
McDonough, IL,8.7
McHenry, IL,9.6
McLean, IL,7.7
Macon, IL,11.8
Macoupin, IL,10.6
Madison, IL,9.8
Marion, IL,12.1
Marshall, IL,9.6
Mason, IL,12.5
Massac, IL,9.7
Menard, IL,7.9
Mercer, IL,10.8
Monroe, IL,7.8
Montgomery, IL,13.1
Morgan, IL,9.4
Moultrie, IL,8.6
Ogle, IL,13.5
Peoria, IL,10.8
Perry, IL,11.9
Piatt, IL,8.4
Pike, IL,8.8
Pope, IL,10.9
Pulaski, IL,11.2
Putnam, IL,12
Randolph, IL,9.1
Richland, IL,10
Rock Island, IL,9.5
St. Clair, IL,10.9
Saline, IL,10.1
Sangamon, IL,8
Schuyler, IL,7.4
Scott, IL,9.7
Shelby, IL,10.2
Stark, IL,10.8
Stephenson, IL,11.7
Tazewell, IL,10.1
Union, IL,12.1
Vermilion, IL,12.1
Wabash, IL,10
Warren, IL,8.4
Washington, IL,7.9
Wayne, IL,9.7
White, IL,8.7
Whiteside, IL,10.8
Will, IL,10.4
Williamson, IL,9.4
Winnebago, IL,15.2
Woodford, IL,8.1
INDIANA,,10.2
Adams, IN,11.1
Allen, IN,10.5
Bartholomew, IN,9.3
Benton, IN,10.3
Blackford, IN,13
Boone, IN,7.9
Brown, IN,10
Carroll, IN,9.5
Cass, IN,10.7
Clark, IN,9.4
Clay, IN,10.6
Clinton, IN,10.3
Crawford, IN,12.1
Daviess, IN,6.3
Dearborn, IN,10.8
Decatur, IN,11.6
DeKalb, IN,12
Delaware, IN,11.2
Dubois, IN,7.5
Elkhart, IN,13.6
Fayette, IN,14.4
Floyd, IN,8.8
Fountain, IN,11.8
Franklin, IN,11
Fulton, IN,11.5
Gibson, IN,7.8
Grant, IN,11.5
Greene, IN,9.1
Hamilton, IN,7
Hancock, IN,9.1
Harrison, IN,9.2
Hendricks, IN,8.1
Henry, IN,13.1
Howard, IN,12.4
Huntington, IN,11.7
Jackson, IN,10
Jasper, IN,10.3
Jay, IN,9.8
Jefferson, IN,11.1
Jennings, IN,12.4
Johnson, IN,8.5
Knox, IN,7.3
Kosciusko, IN,10.3
LaGrange, IN,12.9
Lake, IN,11
LaPorte, IN,12
Lawrence, IN,12
Madison, IN,11.4
Marion, IN,10
Marshall, IN,11.7
Martin, IN,7.3
Miami, IN,12.5
Monroe, IN,7.3
Montgomery, IN,10
Morgan, IN,9.8
Newton, IN,11
Noble, IN,13.9
Ohio, IN,11
Orange, IN,11.2
Owen, IN,10.3
Parke, IN,10
Perry, IN,10.1
Pike, IN,8.9
Porter, IN,8.9
Posey, IN,7.8
Pulaski, IN,9.3
Putnam, IN,11.1
Randolph, IN,11.7
Ripley, IN,11.2
Rush, IN,10.3
St. Joseph, IN,11.5
Scott, IN,12.5
Shelby, IN,10
Spencer, IN,9
Starke, IN,12.9
Steuben, IN,12.4
Sullivan, IN,10.5
Switzerland, IN,7.9
Tippecanoe, IN,9.1
Tipton, IN,11.3
Union, IN,10.3
Vanderburgh, IN,8.7
Vermillion, IN,12.7
Vigo, IN,11.2
Wabash, IN,11.1
Warren, IN,9.4
Warrick, IN,7.8
Washington, IN,10.5
Wayne, IN,12.5
Wells, IN,9.6
White, IN,10.7
Whitley, IN,10.5
IOWA,,6.1
Adair, IA,5.3
Adams, IA,5.2
Allamakee, IA,8.3
Appanoose, IA,7.5
Audubon, IA,6
Benton, IA,6.4
Black Hawk, IA,6
Boone, IA,5.6
Bremer, IA,5
Buchanan, IA,6.4
Buena Vista, IA,5
Butler, IA,5.9
Calhoun, IA,5.3
Carroll, IA,4.2
Cass, IA,6.3
Cedar, IA,5.3
Cerro Gordo, IA,6.9
Cherokee, IA,4.7
Chickasaw, IA,7.3
Clarke, IA,7.8
Clay, IA,5.8
Clayton, IA,7.6
Clinton, IA,6.8
Crawford, IA,4.4
Dallas, IA,5.1
Davis, IA,7.9
Decatur, IA,6.7
Delaware, IA,5.9
Des Moines, IA,7.6
Dickinson, IA,6.8
Dubuque, IA,6
Emmet, IA,7.2
Fayette, IA,7.4
Floyd, IA,7.3
Franklin, IA,6.4
Fremont, IA,6.3
Greene, IA,6.2
Grundy, IA,5.9
Guthrie, IA,6.8
Hamilton, IA,7.8
Hancock, IA,7.2
Hardin, IA,6.7
Harrison, IA,5.1
Henry, IA,8.9
Howard, IA,6.9
Humboldt, IA,5.3
Ida, IA,5.1
Iowa, IA,6.4
Jackson, IA,7.3
Jasper, IA,8.2
Jefferson, IA,8.1
Johnson, IA,4.4
Jones, IA,6.5
Keokuk, IA,6.7
Kossuth, IA,4.8
Lee, IA,9.7
Linn, IA,6
Louisa, IA,7
Lucas, IA,5.6
Lyon, IA,3.6
Madison, IA,7
Mahaska, IA,7
Marion, IA,6.3
Marshall, IA,6.9
Mills, IA,4.4
Mitchell, IA,5.5
Monona, IA,7.9
Monroe, IA,6.8
Montgomery, IA,8.5
Muscatine, IA,7.6
O'Brien, IA,4.9
Osceola, IA,5.7
Page, IA,6.6
Palo Alto, IA,5.7
Plymouth, IA,4.6
Pocahontas, IA,5.3
Polk, IA,6.1
Pottawattamie, IA,5.2
Poweshiek, IA,5.9
Ringgold, IA,5.1
Sac, IA,4.7
Scott, IA,6.9
Shelby, IA,4.1
Sioux, IA,3.9
Story, IA,4.6
Tama, IA,6.9
Taylor, IA,5.5
Union, IA,5.7
Van Buren, IA,7.9
Wapello, IA,8
Warren, IA,6
Washington, IA,5.3
Wayne, IA,5.5
Webster, IA,7.6
Winnebago, IA,7.1
Winneshiek, IA,5.6
Woodbury, IA,6.6
Worth, IA,6.9
Wright, IA,7.1
KANSAS,,7
Allen, KS,7.6
Anderson, KS,7.8
Atchison, KS,8.9
Barber, KS,4.3
Barton, KS,5.6
Bourbon, KS,7.5
Brown, KS,6
Butler, KS,8.3
Chase, KS,5.4
Chautauqua, KS,8.5
Cherokee, KS,8.6
Cheyenne, KS,3.6
Clark, KS,4.1
Clay, KS,4.7
Cloud, KS,4.4
Coffey, KS,6.6
Comanche, KS,4.2
Cowley, KS,7.2
Crawford, KS,8.2
Decatur, KS,4.3
Dickinson, KS,6.1
Doniphan, KS,9.3
Douglas, KS,6.2
Edwards, KS,5
Elk, KS,7.7
Ellis, KS,3.7
Ellsworth, KS,4.4
Finney, KS,4.9
Ford, KS,3.8
Franklin, KS,9
Geary, KS,8.1
Gove, KS,3
Graham, KS,4.4
Grant, KS,4.1
Gray, KS,3.1
Greeley, KS,3.8
Greenwood, KS,7.6
Hamilton, KS,4.2
Harper, KS,5.3
Harvey, KS,7.4
Haskell, KS,3.6
Hodgeman, KS,4
Jackson, KS,6.5
Jefferson, KS,8.2
Jewell, KS,4.5
Johnson, KS,6.5
Kearny, KS,4.4
Kingman, KS,5.8
Kiowa, KS,4.3
Labette, KS,9.6
Lane, KS,3.4
Leavenworth, KS,8.4
Lincoln, KS,5.7
Linn, KS,10.6
Logan, KS,3.5
Lyon, KS,6.4
McPherson, KS,5.2
Marion, KS,5.8
Marshall, KS,5
Meade, KS,4
Miami, KS,7.9
Mitchell, KS,5.2
Montgomery, KS,10.4
Morris, KS,7.3
Morton, KS,4.2
Nemaha, KS,4.1
Neosho, KS,8.6
Ness, KS,3.3
Norton, KS,4.5
Osage, KS,8.3
Osborne, KS,4.7
Ottawa, KS,5.7
Pawnee, KS,4.3
Phillips, KS,4.8
Pottawatomie, KS,5.3
Pratt, KS,4.9
Rawlins, KS,4
Reno, KS,6.1
Republic, KS,4.1
Rice, KS,4.9
Riley, KS,5
Rooks, KS,6.3
Rush, KS,5.5
Russell, KS,5.2
Saline, KS,6.1
Scott, KS,3.5
Sedgwick, KS,8.7
Seward, KS,4.7
Shawnee, KS,6.9
Sheridan, KS,3
Sherman, KS,3.9
Smith, KS,4.3
Stafford, KS,5.1
Stanton, KS,3.5
Stevens, KS,4.6
Sumner, KS,8.9
Thomas, KS,4.1
Trego, KS,3.7
Wabaunsee, KS,6.5
Wallace, KS,5.4
Washington, KS,4.7
Wichita, KS,3.6
Wilson, KS,10.5
Woodson, KS,8
Wyandotte, KS,10.4
KENTUCKY,,10.5
Adair, KY,10.5
Allen, KY,12.5
Anderson, KY,10.5
Ballard, KY,10.2
Barren, KY,12
Bath, KY,14.2
Bell, KY,13.7
Boone, KY,9.5
Bourbon, KY,9.9
Boyd, KY,8.9
Boyle, KY,12.3
Bracken, KY,11.3
Breathitt, KY,11.7
Breckinridge, KY,11.3
Bullitt, KY,10.8
Butler, KY,12.3
Caldwell, KY,9.3
Calloway, KY,8.7
Campbell, KY,10.7
Carlisle, KY,8.8
Carroll, KY,13.7
Carter, KY,12.4
Casey, KY,11.1
Christian, KY,11.5
Clark, KY,10.8
Clay, KY,13.9
Clinton, KY,9.6
Crittenden, KY,10.3
Cumberland, KY,12.3
Daviess, KY,9.2
Edmonson, KY,13.2
Elliott, KY,13.1
Estill, KY,12.3
Fayette, KY,8.1
Fleming, KY,12.1
Floyd, KY,12.6
Franklin, KY,8.9
Fulton, KY,13.2
Gallatin, KY,11.6
Garrard, KY,11.8
Grant, KY,11.6
Graves, KY,10.2
Grayson, KY,14.5
Green, KY,12
Greenup, KY,9.9
Hancock, KY,9.7
Hardin, KY,9.5
Harlan, KY,11.6
Harrison, KY,10.9
Hart, KY,10.4
Henderson, KY,10.2
Henry, KY,10.1
Hickman, KY,9.1
Hopkins, KY,9.4
Jackson, KY,17.1
Jefferson, KY,10.6
Jessamine, KY,9.3
Johnson, KY,11.6
Kenton, KY,10.5
Knott, KY,13.4
Knox, KY,11.8
Larue, KY,9.6
Laurel, KY,11.1
Lawrence, KY,12.8
Lee, KY,12.6
Leslie, KY,13
Letcher, KY,11.4
Lewis, KY,15
Lincoln, KY,13.4
Livingston, KY,10.8
Logan, KY,10.1
Lyon, KY,11.3
McCracken, KY,9.1
McCreary, KY,14.4
McLean, KY,10.3
Madison, KY,8.8
Magoffin, KY,19.7
Marion, KY,11.7
Marshall, KY,11.1
Martin, KY,11.8
Mason, KY,10.5
Meade, KY,13.2
Menifee, KY,17.5
Mercer, KY,11.6
Metcalfe, KY,14.1
Monroe, KY,11.5
Montgomery, KY,11.9
Morgan, KY,14
Muhlenberg, KY,11
Nelson, KY,11.7
Nicholas, KY,11.6
Ohio, KY,9.2
Oldham, KY,8.5
Owen, KY,9.6
Owsley, KY,11.4
Pendleton, KY,12.8
Perry, KY,11.3
Pike, KY,10.1
Powell, KY,15
Pulaski, KY,10.7
Robertson, KY,9.5
Rockcastle, KY,11.3
Rowan, KY,9.2
Russell, KY,11.1
Scott, KY,9.5
Shelby, KY,9.1
Simpson, KY,12.6
Spencer, KY,10.4
Taylor, KY,10.8
Todd, KY,10.7
Trigg, KY,12.2
Trimble, KY,12.9
Union, KY,9.3
Warren, KY,9
Washington, KY,11.4
Wayne, KY,13.1
Webster, KY,9.3
Whitley, KY,11.7
Wolfe, KY,14.4
Woodford, KY,8.1
LOUISIANA,,7.5
Acadia, LA,6.7
Allen, LA,10.6
Ascension, LA,7.1
Assumption, LA,10.4
Avoyelles, LA,8.2
Beauregard, LA,7.5
Bienville, LA,8.9
Bossier, LA,5.8
Caddo, LA,7.4
Calcasieu, LA,7
Caldwell, LA,9.8
Cameron, LA,6.2
Catahoula, LA,10.1
Claiborne, LA,9
Concordia, LA,10.9
De Soto, LA,8.1
East Baton Rouge, LA,7.2
East Carroll, LA,15.2
East Feliciana, LA,8.5
Evangeline, LA,8.6
Franklin, LA,11.2
Grant, LA,7.8
Iberia, LA,7.8
Iberville, LA,10.4
Jackson, LA,7.3
Jefferson, LA,6.9
Jefferson Davis, LA,6.3
Lafayette, LA,5.7
Lafourche, LA,5.2
La Salle, LA,6
Lincoln, LA,8.3
Livingston, LA,7.2
Madison, LA,10.6
Morehouse, LA,14.2
Natchitoches, LA,8.1
Orleans, LA,8.8
Ouachita, LA,7.7
Plaquemines, LA,6.6
Pointe Coupee, LA,8.5
Rapides, LA,7
Red River, LA,8.8
Richland, LA,10.1
Sabine, LA,6.9
St. Bernard, LA,7
St. Charles, LA,7.2
St. Helena, LA,13
St. James, LA,11.4
St. John the Baptist, LA,10.1
St. Landry, LA,8.3
St. Martin, LA,7.3
St. Mary, LA,9.3
St. Tammany, LA,5.8
Tangipahoa, LA,8.9
Tensas, LA,15.1
Terrebonne, LA,5.5
Union, LA,8.6
Vermilion, LA,7.1
Vernon, LA,6.9
Washington, LA,9.8
Webster, LA,8
West Baton Rouge, LA,8.2
West Carroll, LA,16.1
West Feliciana, LA,8.3
Winn, LA,8.2
MAINE,,7.9
Androscoggin, ME,8.1
Aroostook, ME,9.7
Cumberland, ME,6.3
Franklin, ME,9.8
Hancock, ME,8.8
Kennebec, ME,7.4
Knox, ME,7.4
Lincoln, ME,7.2
Oxford, ME,10.2
Penobscot, ME,8.3
Piscataquis, ME,11.2
Sagadahoc, ME,6.8
Somerset, ME,10.8
Waldo, ME,8.9
Washington, ME,11.1
York, ME,7.6
MARYLAND,,7.5
Allegany, MD,9.2
Anne Arundel, MD,6.8
Baltimore, MD,8
Calvert, MD,6.2
Caroline, MD,9.4
Carroll, MD,6.7
Cecil, MD,9.9
Charles, MD,6.2
Dorchester, MD,10.7
Frederick, MD,6.6
Garrett, MD,8.1
Harford, MD,7.5
Howard, MD,5.5
Kent, MD,8.3
Montgomery, MD,5.6
Prince George's, MD,7.4
Queen Anne's, MD,7
St. Mary's, MD,6.3
Somerset, MD,10.4
Talbot, MD,7.8
Washington, MD,10.3
Wicomico, MD,8.8
Worcester, MD,12.1
Baltimore city, MD,10.9
MASSACHUSETTS,,8.5
Barnstable, MA,9.2
Berkshire, MA,8.2
Bristol, MA,11.2
Dukes, MA,7.7
Essex, MA,8.9
Franklin, MA,8
Hampden, MA,10.2
Hampshire, MA,6.9
Middlesex, MA,7
Nantucket, MA,7.8
Norfolk, MA,7.6
Plymouth, MA,9.1
Suffolk, MA,8.1
Worcester, MA,9.3
MICHIGAN,,12.5
Alcona, MI,17.9
Alger, MI,13.2
Allegan, MI,11.9
Alpena, MI,13
Antrim, MI,15.4
Arenac, MI,16.1
Baraga, MI,23.3
Barry, MI,9.8
Bay, MI,11.7
Benzie, MI,14.8
Berrien, MI,12.3
Branch, MI,12.2
Calhoun, MI,10.9
Cass, MI,10.9
Charlevoix, MI,14.4
Cheboygan, MI,12.6
Chippewa, MI,13
Clare, MI,15.6
Clinton, MI,8.6
Crawford, MI,13.1
Delta, MI,11.9
Dickinson, MI,10.9
Eaton, MI,9
Emmet, MI,14.6
Genesee, MI,13.7
Gladwin, MI,15.8
Gogebic, MI,12.9
Grand Traverse, MI,11.7
Gratiot, MI,12.4
Hillsdale, MI,14.2
Houghton, MI,10.9
Huron, MI,13
Ingham, MI,10.4
Ionia, MI,12.6
Iosco, MI,16.4
Iron, MI,11.7
Isabella, MI,8.8
Jackson, MI,12.6
Kalamazoo, MI,10.2
Kalkaska, MI,13.6
Kent, MI,10.2
Keweenaw, MI,13.6
Lake, MI,15.5
Lapeer, MI,15.3
Leelanau, MI,10.1
Lenawee, MI,14
Livingston, MI,11.1
Luce, MI,13.7
Mackinac, MI,13.5
Macomb, MI,13.7
Manistee, MI,12.7
Marquette, MI,9.8
Mason, MI,12.3
Mecosta, MI,12.1
Menominee, MI,10.1
Midland, MI,9.4
Missaukee, MI,14.7
Monroe, MI,12.4
Montcalm, MI,15.2
Montmorency, MI,19.8
Muskegon, MI,13.4
Newaygo, MI,12.7
Oakland, MI,12.1
Oceana, MI,15
Ogemaw, MI,13
Ontonagon, MI,17.1
Osceola, MI,14.3
Oscoda, MI,19.3
Otsego, MI,14.8
Ottawa, MI,11
Presque Isle, MI,17.6
Roscommon, MI,14.9
Saginaw, MI,11.8
St. Clair, MI,14.9
St. Joseph, MI,12.3
Sanilac, MI,15
Schoolcraft, MI,13.8
Shiawassee, MI,13
Tuscola, MI,14.2
Van Buren, MI,12.6
Washtenaw, MI,8.1
Wayne, MI,14.5
Wexford, MI,15.7
MINNESOTA,,7.3
Aitkin, MN,10
Anoka, MN,7.8
Becker, MN,7.8
Beltrami, MN,8.3
Benton, MN,8
Big Stone, MN,6
Blue Earth, MN,6.2
Brown, MN,6.9
Carlton, MN,8.6
Carver, MN,6.9
Cass, MN,10.9
Chippewa, MN,7.1
Chisago, MN,9.4
Clay, MN,4.8
Clearwater, MN,13.7
Cook, MN,6.8
Cottonwood, MN,5.7
Crow Wing, MN,9
Dakota, MN,7
Dodge, MN,6.9
Douglas, MN,6.6
Faribault, MN,7.9
Fillmore, MN,7.4
Freeborn, MN,7.8
Goodhue, MN,7.2
Grant, MN,8.2
Hennepin, MN,6.9
Houston, MN,7.8
Hubbard, MN,9.9
Isanti, MN,9.2
Itasca, MN,9.7
Jackson, MN,5.1
Kanabec, MN,12.1
Kandiyohi, MN,6.3
Kittson, MN,7.2
Koochiching, MN,8.8
Lac qui Parle, MN,5.9
Lake, MN,7.6
Lake of the Woods, MN,6.4
Le Sueur, MN,9.7
Lincoln, MN,5.2
Lyon, MN,5.5
McLeod, MN,9
Mahnomen, MN,8.1
Marshall, MN,9.1
Martin, MN,7.1
Meeker, MN,8.9
Mille Lacs, MN,12
Morrison, MN,9.5
Mower, MN,5.9
Murray, MN,5.5
Nicollet, MN,6
Nobles, MN,5.2
Norman, MN,6.3
Olmsted, MN,5.9
Otter Tail, MN,7.2
Pennington, MN,8.2
Pine, MN,10.3
Pipestone, MN,6
Polk, MN,5.7
Pope, MN,6.6
Ramsey, MN,7.3
Red Lake, MN,9.5
Redwood, MN,6.5
Renville, MN,7.6
Rice, MN,8.1
Rock, MN,5.2
Roseau, MN,6.1
St. Louis, MN,7.9
Scott, MN,7
Sherburne, MN,8.5
Sibley, MN,7.2
Stearns, MN,7.2
Steele, MN,7.7
Stevens, MN,5.3
Swift, MN,8
Todd, MN,7.9
Traverse, MN,6.2
Wabasha, MN,6.7
Wadena, MN,9.9
Waseca, MN,7.5
Washington, MN,6.9
Watonwan, MN,7.8
Wilkin, MN,4.9
Winona, MN,6.9
Wright, MN,8.2
Yellow Medicine, MN,6.1
MISSISSIPPI,,10.4
Adams, MS,10.6
Alcorn, MS,11.7
Amite, MS,12.2
Attala, MS,14
Benton, MS,13.6
Bolivar, MS,11.5
Calhoun, MS,10.3
Carroll, MS,10.9
Chickasaw, MS,13.1
Choctaw, MS,13.1
Claiborne, MS,16.3
Clarke, MS,12.5
Clay, MS,19.4
Coahoma, MS,13.9
Copiah, MS,11.1
Covington, MS,9.7
DeSoto, MS,7.8
Forrest, MS,9.3
Franklin, MS,12.1
George, MS,10.1
Greene, MS,12.4
Grenada, MS,12
Hancock, MS,9.1
Harrison, MS,8.9
Hinds, MS,9.5
Holmes, MS,19.5
Humphreys, MS,14.5
Issaquena, MS,12.4
Itawamba, MS,11.7
Jackson, MS,9.4
Jasper, MS,11.8
Jefferson, MS,16.8
Jefferson Davis, MS,12.4
Jones, MS,8.5
Kemper, MS,13.3
Lafayette, MS,8.6
Lamar, MS,7.7
Lauderdale, MS,10.9
Lawrence, MS,12.3
Leake, MS,10.8
Lee, MS,10.4
Leflore, MS,13.8
Lincoln, MS,11
Lowndes, MS,12.2
Madison, MS,7.6
Marion, MS,12
Marshall, MS,12.9
Monroe, MS,13.4
Montgomery, MS,13.9
Neshoba, MS,9.4
Newton, MS,10.3
Noxubee, MS,18.6
Oktibbeha, MS,10.6
Panola, MS,12.8
Pearl River, MS,10.6
Perry, MS,12
Pike, MS,11.6
Pontotoc, MS,10.8
Prentiss, MS,12.6
Quitman, MS,13.6
Rankin, MS,6.7
Scott, MS,7.9
Sharkey, MS,12.9
Simpson, MS,9.3
Smith, MS,10.2
Stone, MS,8.8
Sunflower, MS,15.6
Tallahatchie, MS,11.6
Tate, MS,11.5
Tippah, MS,14.4
Tishomingo, MS,12.8
Tunica, MS,17.4
Union, MS,11.5
Walthall, MS,12.9
Warren, MS,11.1
Washington, MS,15.2
Wayne, MS,12.3
Webster, MS,14.3
Wilkinson, MS,12.4
Winston, MS,18.1
Yalobusha, MS,13
Yazoo, MS,12.5
MISSOURI,,9.6
Adair, MO,7.3
Andrew, MO,7.9
Atchison, MO,8.3
Audrain, MO,9
Barry, MO,8.7
Barton, MO,11.3
Bates, MO,11.7
Benton, MO,10.6
Bollinger, MO,9.9
Boone, MO,6.4
Buchanan, MO,8.7
Butler, MO,8.3
Caldwell, MO,10
Callaway, MO,8.1
Camden, MO,10.9
Cape Girardeau, MO,7.6
Carroll, MO,11.1
Carter, MO,9.3
Cass, MO,10.1
Cedar, MO,8.6
Chariton, MO,8.9
Christian, MO,8.4
Clark, MO,10.8
Clay, MO,8.8
Clinton, MO,10.8
Cole, MO,6.9
Cooper, MO,9.2
Crawford, MO,11.2
Dade, MO,8.9
Dallas, MO,11.7
Daviess, MO,9.8
DeKalb, MO,9.7
Dent, MO,9.5
Douglas, MO,10.3
Dunklin, MO,10.9
Franklin, MO,11
Gasconade, MO,10.5
Gentry, MO,7.1
Greene, MO,8.4
Grundy, MO,7.8
Harrison, MO,8.7
Henry, MO,10.1
Hickory, MO,12.5
Holt, MO,7.6
Howard, MO,8
Howell, MO,9.2
Iron, MO,11.6
Jackson, MO,11
Jasper, MO,8.4
Jefferson, MO,10.3
Johnson, MO,9.1
Knox, MO,6.7
Laclede, MO,11.8
Lafayette, MO,10.9
Lawrence, MO,8.4
Lewis, MO,8.5
Lincoln, MO,11.5
Linn, MO,11.1
Livingston, MO,8.1
McDonald, MO,9.2
Macon, MO,8.4
Madison, MO,10.4
Maries, MO,7.9
Marion, MO,8.9
Mercer, MO,7.8
Miller, MO,12.4
Mississippi, MO,9.9
Moniteau, MO,8.2
Monroe, MO,13
Montgomery, MO,10.8
Morgan, MO,12.7
New Madrid, MO,8.9
Newton, MO,9
Nodaway, MO,6.6
Oregon, MO,9.4
Osage, MO,6.9
Ozark, MO,9.2
Pemiscot, MO,10.5
Perry, MO,6.6
Pettis, MO,8.9
Phelps, MO,7.7
Pike, MO,9.4
Platte, MO,8.1
Polk, MO,9.9
Pulaski, MO,7.9
Putnam, MO,7.6
Ralls, MO,8.3
Randolph, MO,10
Ray, MO,11.3
Reynolds, MO,13.5
Ripley, MO,9.9
St. Charles, MO,8.7
St. Clair, MO,10.9
Ste. Genevieve, MO,9.6
St. Francois, MO,11.3
St. Louis, MO,9.4
Saline, MO,8.3
Schuyler, MO,8.8
Scotland, MO,7.7
Scott, MO,9.3
Shannon, MO,14
Shelby, MO,8.7
Stoddard, MO,9.1
Stone, MO,12.4
Sullivan, MO,7.1
Taney, MO,12.6
Texas, MO,9.5
Vernon, MO,7.9
Warren, MO,11
Washington, MO,14.1
Wayne, MO,9.4
Webster, MO,10
Worth, MO,7
Wright, MO,10.6
St. Louis city, MO,12.3
MONTANA,,7.2
Beaverhead, MT,5.7
Big Horn, MT,11.5
Blaine, MT,6
Broadwater, MT,7.5
Carbon, MT,6.2
Carter, MT,4.1
Cascade, MT,6.1
Chouteau, MT,4.4
Custer, MT,4.8
Daniels, MT,4.5
Dawson, MT,4.4
Deer Lodge, MT,7.8
Fallon, MT,2.9
Fergus, MT,6.3
Flathead, MT,11.8
Gallatin, MT,7.1
Garfield, MT,4.2
Glacier, MT,10.1
Golden Valley, MT,5.9
Granite, MT,10.4
Hill, MT,5.6
Jefferson, MT,5.8
Judith Basin, MT,5.7
Lake, MT,10.1
Lewis and Clark, MT,5.5
Liberty, MT,5
Lincoln, MT,15.6
McCone, MT,3
Madison, MT,7.5
Meagher, MT,9
Mineral, MT,11.5
Missoula, MT,7.3
Musselshell, MT,6.7
Park, MT,8.1
Petroleum, MT,6.4
Phillips, MT,6.2
Pondera, MT,6.6
Powder River, MT,4.2
Powell, MT,8.9
Prairie, MT,4.8
Ravalli, MT,9.7
Richland, MT,3.7
Roosevelt, MT,7.5
Rosebud, MT,7.5
Sanders, MT,14.6
Sheridan, MT,4
Silver Bow, MT,6.2
Stillwater, MT,6.3
Sweet Grass, MT,4
Teton, MT,5.9
Toole, MT,4.7
Treasure, MT,4.8
Valley, MT,5.1
Wheatland, MT,6.2
Wibaux, MT,3.8
Yellowstone, MT,5.5
Yellowstone National Park, MT,0
NEBRASKA,,4.7
Adams, NE,4.7
Antelope, NE,3.3
Arthur, NE,7.5
Banner, NE,4.6
Blaine, NE,4.9
Boone, NE,3
Box Butte, NE,5.4
Boyd, NE,3.7
Brown, NE,3.5
Buffalo, NE,3.5
Burt, NE,5.4
Butler, NE,3.7
Cass, NE,5.7
Cedar, NE,3.3
Chase, NE,3
Cherry, NE,2.7
Cheyenne, NE,4
Clay, NE,4.6
Colfax, NE,3.7
Cuming, NE,3.5
Custer, NE,3.5
Dakota, NE,8
Dawes, NE,4.5
Dawson, NE,5.1
Deuel, NE,3.8
Dixon, NE,4.9
Dodge, NE,5
Douglas, NE,5.3
Dundy, NE,3.5
Fillmore, NE,3.9
Franklin, NE,3.9
Frontier, NE,3.3
Furnas, NE,3.2
Gage, NE,5.4
Garden, NE,4.5
Garfield, NE,3
Gosper, NE,3.8
Grant, NE,4
Greeley, NE,3.4
Hall, NE,4.4
Hamilton, NE,3.2
Harlan, NE,3.2
Hayes, NE,4.5
Hitchcock, NE,4.6
Holt, NE,3.2
Hooker, NE,5.3
Howard, NE,4
Jefferson, NE,4.6
Johnson, NE,4.1
Kearney, NE,3.6
Keith, NE,4
Keya Paha, NE,5
Kimball, NE,5.1
Knox, NE,4
Lancaster, NE,4.2
Lincoln, NE,3.9
Logan, NE,4.4
Loup, NE,5.8
McPherson, NE,3.5
Madison, NE,4.1
Merrick, NE,4.4
Morrill, NE,3.8
Nance, NE,3.4
Nemaha, NE,5.9
Nuckolls, NE,4.2
Otoe, NE,4.7
Pawnee, NE,3.9
Perkins, NE,3.3
Phelps, NE,3.4
Pierce, NE,4
Platte, NE,4
Polk, NE,3.8
Red Willow, NE,3.7
Richardson, NE,6.4
Rock, NE,2.9
Saline, NE,3.9
Sarpy, NE,4.8
Saunders, NE,5
Scotts Bluff, NE,5.4
Seward, NE,4
Sheridan, NE,3.2
Sherman, NE,3.3
Sioux, NE,4.2
Stanton, NE,4.2
Thayer, NE,3.7
Thomas, NE,5.2
Thurston, NE,9.2
Valley, NE,3.7
Washington, NE,4.8
Wayne, NE,3.9
Webster, NE,4.3
Wheeler, NE,4.2
York, NE,4.8
NEVADA,,14.9
Churchill, NV,11.6
Clark, NV,15.2
Douglas, NV,15.9
Elko, NV,8.3
Esmeralda, NV,8.1
Eureka, NV,9.1
Humboldt, NV,9.6
Lander, NV,7.5
Lincoln, NV,13.4
Lyon, NV,19.7
Mineral, NV,16.1
Nye, NV,18
Pershing, NV,12.2
Storey, NV,14.5
Washoe, NV,14.1
White Pine, NV,9.5
Carson City city, NV,14.1
NEW HAMPSHIRE,,6.1
Belknap, NH,6.7
Carroll, NH,5.9
Cheshire, NH,5.8
Coos, NH,7.9
Grafton, NH,4.9
Hillsborough, NH,6.3
Merrimack, NH,5.5
Rockingham, NH,6.3
Strafford, NH,5.8
Sullivan, NH,5.7
NEW JERSEY,,9.5
Atlantic, NJ,12.4
Bergen, NJ,8.1
Burlington, NJ,9
Camden, NJ,10.6
Cape May, NJ,11.9
Cumberland, NJ,13.3
Essex, NJ,11
Gloucester, NJ,10
Hudson, NJ,10.8
Hunterdon, NJ,7
Mercer, NJ,7.8
Middlesex, NJ,8.7
Monmouth, NJ,8.6
Morris, NJ,7.3
Ocean, NJ,10.1
Passaic, NJ,11.3
Salem, NJ,11.3
Somerset, NJ,7.4
Sussex, NJ,9.3
Union, NJ,9.6
Warren, NJ,9.1
NEW MEXICO,,8.4
Bernalillo, NM,8.5
Catron, NM,9.5
Chaves, NM,8.1
Cibola, NM,7.8
Colfax, NM,8.6
Curry, NM,5.4
De Baca, NM,5.7
Dona Ana, NM,8.2
Eddy, NM,6
Grant, NM,10.9
Guadalupe, NM,10.4
Harding, NM,5.2
Hidalgo, NM,7.9
Lea, NM,7.7
Lincoln, NM,6.8
Los Alamos, NM,3.7
Luna, NM,18.7
McKinley, NM,9.6
Mora, NM,15.7
Otero, NM,7.4
Quay, NM,8.7
Rio Arriba, NM,8.7
Roosevelt, NM,5.9
Sandoval, NM,9.3
San Juan, NM,9.6
San Miguel, NM,8.5
Santa Fe, NM,7.1
Sierra, NM,6.8
Socorro, NM,6.1
Taos, NM,10
Torrance, NM,10.3
Union, NM,6.4
Valencia, NM,10.1
NEW YORK,,8.6
Albany, NY,7.2
Allegany, NY,9.4
Bronx, NY,12.8
Broome, NY,8.8
Cattaraugus, NY,9.1
Cayuga, NY,8.3
Chautauqua, NY,8.8
Chemung, NY,8.5
Chenango, NY,9.1
Clinton, NY,10.2
Columbia, NY,7.6
Cortland, NY,9.1
Delaware, NY,8.7
Dutchess, NY,7.9
Erie, NY,8.2
Essex, NY,9.3
Franklin, NY,9
Fulton, NY,10.1
Genesee, NY,7.6
Greene, NY,8.6
Hamilton, NY,8.4
Herkimer, NY,8.4
Jefferson, NY,9.6
Kings, NY,10.2
Lewis, NY,9.2
Livingston, NY,8.7
Madison, NY,8.4
Monroe, NY,8
Montgomery, NY,9.8
Nassau, NY,7.1
New York, NY,8
Niagara, NY,9.1
Oneida, NY,7.8
Onondaga, NY,8
Ontario, NY,7.5
Orange, NY,8.3
Orleans, NY,9.9
Oswego, NY,10.5
Otsego, NY,7.7
Putnam, NY,6.9
Queens, NY,8.5
Rensselaer, NY,7.8
Richmond, NY,8.7
Rockland, NY,7.1
St. Lawrence, NY,10.6
Saratoga, NY,6.8
Schenectady, NY,7.7
Schoharie, NY,9.4
Schuyler, NY,8.4
Seneca, NY,7.9
Steuben, NY,9.9
Suffolk, NY,7.6
Sullivan, NY,9.2
Tioga, NY,8.1
Tompkins, NY,6.1
Ulster, NY,8.2
Warren, NY,8.5
Washington, NY,7.8
Wayne, NY,8.8
Westchester, NY,7.2
Wyoming, NY,9.2
Yates, NY,6.7
NORTH CAROLINA,,10.6
Alamance, NC,11.4
Alexander, NC,13
Alleghany, NC,11.5
Anson, NC,14.3
Ashe, NC,12.3
Avery, NC,10.8
Beaufort, NC,11.4
Bertie, NC,11.6
Bladen, NC,12.2
Brunswick, NC,11.2
Buncombe, NC,8.4
Burke, NC,13.4
Cabarrus, NC,11.3
Caldwell, NC,14.4
Camden, NC,8.2
Carteret, NC,8.8
Caswell, NC,11.9
Catawba, NC,13.1
Chatham, NC,7.4
Cherokee, NC,14.2
Chowan, NC,11
Clay, NC,11.1
Cleveland, NC,13.6
Columbus, NC,12.7
Craven, NC,10.5
Cumberland, NC,9.4
Currituck, NC,6.8
Dare, NC,10.7
Davidson, NC,12.5
Davie, NC,10.8
Duplin, NC,9
Durham, NC,8
Edgecombe, NC,15.6
Forsyth, NC,9.9
Franklin, NC,10.3
Gaston, NC,12.2
Gates, NC,7.6
Graham, NC,15.3
Granville, NC,10.6
Greene, NC,10.2
Guilford, NC,10.9
Halifax, NC,13.2
Harnett, NC,11.2
Haywood, NC,9.7
Henderson, NC,8.4
Hertford, NC,9.9
Hoke, NC,8.9
Hyde, NC,8.3
Iredell, NC,12.4
Jackson, NC,9
Johnston, NC,9.8
Jones, NC,10.9
Lee, NC,13
Lenoir, NC,11.3
Lincoln, NC,12.7
McDowell, NC,13.2
Macon, NC,11
Madison, NC,9.5
Martin, NC,11.1
Mecklenburg, NC,10.9
Mitchell, NC,11.7
Montgomery, NC,12.6
Moore, NC,9.7
Nash, NC,12.3
New Hanover, NC,9.7
Northampton, NC,11.8
Onslow, NC,8.5
Orange, NC,6.5
Pamlico, NC,10.1
Pasquotank, NC,10
Pender, NC,10.8
Perquimans, NC,9.7
Person, NC,11
Pitt, NC,10.1
Polk, NC,8.8
Randolph, NC,10.8
Richmond, NC,13.6
Robeson, NC,12.6
Rockingham, NC,12.9
Rowan, NC,12.8
Rutherford, NC,16.1
Sampson, NC,8.7
Scotland, NC,16.8
Stanly, NC,12.3
Stokes, NC,10.8
Surry, NC,11.9
Swain, NC,13
Transylvania, NC,9.8
Tyrrell, NC,10.6
Union, NC,9.9
Vance, NC,13.1
Wake, NC,8.4
Warren, NC,12.8
Washington, NC,11
Watauga, NC,8
Wayne, NC,8.9
Wilkes, NC,13.5
Wilson, NC,12.7
Yadkin, NC,10.3
Yancey, NC,11.9
NORTH DAKOTA,,3.9
Adams, ND,2.9
Barnes, ND,4.4
Benson, ND,5.4
Billings, ND,2.5
Bottineau, ND,3.7
Bowman, ND,2.7
Burke, ND,2.8
Burleigh, ND,3.6
Cass, ND,3.9
Cavalier, ND,3.3
Dickey, ND,3.5
Divide, ND,3.3
Dunn, ND,3.4
Eddy, ND,5.1
Emmons, ND,7.7
Foster, ND,3.6
Golden Valley, ND,3.1
Grand Forks, ND,3.9
Grant, ND,4.4
Griggs, ND,3
Hettinger, ND,3.9
Kidder, ND,6.3
LaMoure, ND,3.7
Logan, ND,3.7
McHenry, ND,5
McIntosh, ND,4.5
McKenzie, ND,2.2
McLean, ND,5
Mercer, ND,5.1
Morton, ND,4.7
Mountrail, ND,2.9
Nelson, ND,4.1
Oliver, ND,3.6
Pembina, ND,6.8
Pierce, ND,5.7
Ramsey, ND,4
Ransom, ND,4.8
Renville, ND,3
Richland, ND,4.4
Rolette, ND,11.5
Sargent, ND,4.5
Sheridan, ND,4.8
Sioux, ND,5.3
Slope, ND,1.6
Stark, ND,2.6
Steele, ND,2.5
Stutsman, ND,4
Towner, ND,3.4
Traill, ND,4.2
Walsh, ND,5.7
Ward, ND,3.6
Wells, ND,4.6
Williams, ND,1.7
OHIO,,10.1
Adams, OH,14.1
Allen, OH,10.6
Ashland, OH,11.5
Ashtabula, OH,12.6
Athens, OH,9.3
Auglaize, OH,9.3
Belmont, OH,9.7
Brown, OH,11.9
Butler, OH,9.6
Carroll, OH,12.7
Champaign, OH,11.2
Clark, OH,10.4
Clermont, OH,9.9
Clinton, OH,16.4
Columbiana, OH,12.3
Coshocton, OH,12.3
Crawford, OH,12.4
Cuyahoga, OH,9.5
Darke, OH,10.6
Defiance, OH,11.7
Delaware, OH,7.1
Erie, OH,10.4
Fairfield, OH,8.8
Fayette, OH,11.5
Franklin, OH,8.5
Fulton, OH,11.9
Gallia, OH,10.6
Geauga, OH,7.6
Greene, OH,10
Guernsey, OH,12
Hamilton, OH,9.4
Hancock, OH,8.9
Hardin, OH,11.2
Harrison, OH,12
Henry, OH,12
Highland, OH,16.1
Hocking, OH,11.1
Holmes, OH,7.4
Huron, OH,13.5
Jackson, OH,11.4
Jefferson, OH,13.4
Knox, OH,9.6
Lake, OH,8.4
Lawrence, OH,8.5
Licking, OH,9.5
Logan, OH,11.3
Lorain, OH,9.7
Lucas, OH,11.3
Madison, OH,9.4
Mahoning, OH,11.3
Marion, OH,10.8
Medina, OH,8.2
Meigs, OH,14.7
Mercer, OH,7.4
Miami, OH,10.5
Monroe, OH,13.7
Montgomery, OH,11.1
Morgan, OH,14.5
Morrow, OH,10.3
Muskingum, OH,13.3
Noble, OH,14.7
Ottawa, OH,14
Paulding, OH,11.5
Perry, OH,12.8
Pickaway, OH,11
Pike, OH,14.9
Portage, OH,9.8
Preble, OH,10.9
Putnam, OH,9.7
Richland, OH,11.8
Ross, OH,11.5
Sandusky, OH,10.3
Scioto, OH,12.8
Seneca, OH,11.6
Shelby, OH,11.8
Stark, OH,11.3
Summit, OH,9.9
Trumbull, OH,11.8
Tuscarawas, OH,10.5
Union, OH,8.4
Van Wert, OH,12.1
Vinton, OH,13
Warren, OH,8.9
Washington, OH,9.1
Wayne, OH,9.4
Williams, OH,12.9
Wood, OH,10.1
Wyandot, OH,11.8
OKLAHOMA,,7.1
Adair, OK,8.5
Alfalfa, OK,5.6
Atoka, OK,8.8
Beaver, OK,3.6
Beckham, OK,5.3
Blaine, OK,7.8
Bryan, OK,5.5
Caddo, OK,6.8
Canadian, OK,5.9
Carter, OK,5.6
Cherokee, OK,6.1
Choctaw, OK,7.8
Cimarron, OK,4.1
Cleveland, OK,6
Coal, OK,8.2
Comanche, OK,6.4
Cotton, OK,5.6
Craig, OK,6.3
Creek, OK,8.8
Custer, OK,5
Delaware, OK,7.2
Dewey, OK,4.3
Ellis, OK,4.5
Garfield, OK,4.9
Garvin, OK,6.4
Grady, OK,7
Grant, OK,4.3
Greer, OK,8.7
Harmon, OK,5.7
Harper, OK,4.2
Haskell, OK,7.9
Hughes, OK,10.9
Jackson, OK,5.6
Jefferson, OK,8.2
Johnston, OK,7.7
Kay, OK,8.7
Kingfisher, OK,4.9
Kiowa, OK,6.5
Latimer, OK,10.7
Le Flore, OK,10
Lincoln, OK,7.2
Logan, OK,6.4
Love, OK,5.2
McClain, OK,6.3
McCurtain, OK,11.1
McIntosh, OK,9.3
Major, OK,4.7
Marshall, OK,7.3
Mayes, OK,9
Murray, OK,4.5
Muskogee, OK,8.3
Noble, OK,6.3
Nowata, OK,9.2
Okfuskee, OK,9.2
Oklahoma, OK,6.9
Okmulgee, OK,10.5
Osage, OK,8.5
Ottawa, OK,6.5
Pawnee, OK,9.8
Payne, OK,6.3
Pittsburg, OK,6.8
Pontotoc, OK,5.5
Pottawatomie, OK,6.7
Pushmataha, OK,8.7
Roger Mills, OK,4.2
Rogers, OK,7.6
Seminole, OK,8.7
Sequoyah, OK,10.5
Stephens, OK,7.1
Texas, OK,5.8
Tillman, OK,6.3
Tulsa, OK,7.6
Wagoner, OK,7.5
Washington, OK,6
Washita, OK,5.5
Woods, OK,4.4
Woodward, OK,6
OREGON,,10.8
Baker, OR,10.2
Benton, OR,7.3
Clackamas, OR,10.1
Clatsop, OR,9.4
Columbia, OR,12.3
Coos, OR,12.6
Crook, OR,17.5
Curry, OR,12.7
Deschutes, OR,14.4
Douglas, OR,14.6
Gilliam, OR,6.7
Grant, OR,13.4
Harney, OR,15.5
Hood River, OR,8.3
Jackson, OR,12.6
Jefferson, OR,14.1
Josephine, OR,14.2
Klamath, OR,13.4
Lake, OR,13.2
Lane, OR,11.1
Lincoln, OR,10.8
Linn, OR,13.3
Malheur, OR,10.9
Marion, OR,11.2
Morrow, OR,8.9
Multnomah, OR,10.1
Polk, OR,9.3
Sherman, OR,10
Tillamook, OR,9.7
Umatilla, OR,9.9
Union, OR,10.4
Wallowa, OR,12
Wasco, OR,9.3
Washington, OR,9.1
Wheeler, OR,10.8
Yamhill, OR,10.8
PENNSYLVANIA,,8.7
Adams, PA,7.9
Allegheny, PA,7.7
Armstrong, PA,9.4
Beaver, PA,8.1
Bedford, PA,10.7
Berks, PA,9.2
Blair, PA,7.7
Bradford, PA,6.9
Bucks, PA,7.9
Butler, PA,7.4
Cambria, PA,9.4
Cameron, PA,14.4
Carbon, PA,10.9
Centre, PA,6.2
Chester, PA,6.7
Clarion, PA,10.1
Clearfield, PA,10.1
Clinton, PA,9
Columbia, PA,9
Crawford, PA,9.5
Cumberland, PA,7.1
Dauphin, PA,8.3
Delaware, PA,8.5
Elk, PA,9.7
Erie, PA,9.4
Fayette, PA,10.1
Forest, PA,10.4
Franklin, PA,8.1
Fulton, PA,11.9
Greene, PA,7.8
Huntingdon, PA,10.4
Indiana, PA,8.2
Jefferson, PA,9.7
Juniata, PA,7.7
Lackawanna, PA,9.3
Lancaster, PA,7.5
Lawrence, PA,9.5
Lebanon, PA,7.2
Lehigh, PA,9.4
Luzerne, PA,10
Lycoming, PA,9
McKean, PA,10.1
Mercer, PA,10.9
Mifflin, PA,9.8
Monroe, PA,9.9
Montgomery, PA,7.4
Montour, PA,6.7
Northampton, PA,9.1
Northumberland, PA,9.8
Perry, PA,8.5
Philadelphia, PA,10.9
Pike, PA,10
Potter, PA,10.6
Schuylkill, PA,10.5
Snyder, PA,8.9
Somerset, PA,9.5
Sullivan, PA,7.8
Susquehanna, PA,8.5
Tioga, PA,8.3
Union, PA,9.1
Venango, PA,8.7
Warren, PA,8.1
Washington, PA,8.2
Wayne, PA,7.7
Westmoreland, PA,8.3
Wyoming, PA,9.2
York, PA,8.8
RHODE ISLAND,,11.6
Bristol, RI,10.1
Kent, RI,11.3
Newport, RI,10.7
Providence, RI,12.4
Washington, RI,9.8
SOUTH CAROLINA,,11.2
Abbeville, SC,13.3
Aiken, SC,8.5
Allendale, SC,19.2
Anderson, SC,11.4
Bamberg, SC,15.6
Barnwell, SC,17.6
Beaufort, SC,8.8
Berkeley, SC,10
Calhoun, SC,11.8
Charleston, SC,9.1
Cherokee, SC,14.7
Chester, SC,18.6
Chesterfield, SC,15.6
Clarendon, SC,15
Colleton, SC,13.2
Darlington, SC,12.6
Dillon, SC,15.9
Dorchester, SC,9.3
Edgefield, SC,9.7
Fairfield, SC,13.4
Florence, SC,11.3
Georgetown, SC,12.3
Greenville, SC,9.4
Greenwood, SC,12.1
Hampton, SC,14.2
Horry, SC,11.9
Jasper, SC,9.9
Kershaw, SC,10.4
Lancaster, SC,16.3
Laurens, SC,11.5
Lee, SC,13.9
Lexington, SC,8.1
McCormick, SC,15.7
Marion, SC,20.7
Marlboro, SC,19.7
Newberry, SC,10.9
Oconee, SC,11.8
Orangeburg, SC,15.3
Pickens, SC,10
Richland, SC,9.6
Saluda, SC,9.3
Spartanburg, SC,11.4
Sumter, SC,11.9
Union, SC,18.6
Williamsburg, SC,14.5
York, SC,15.4
SOUTH DAKOTA,,4.8
Aurora, SD,3.9
Beadle, SD,3.8
Bennett, SD,5.8
Bon Homme, SD,4.8
Brookings, SD,4.1
Brown, SD,3.6
Brule, SD,3.3
Buffalo, SD,13.6
Butte, SD,4.6
Campbell, SD,4.2
Charles Mix, SD,4.6
Clark, SD,5.1
Clay, SD,4
Codington, SD,4.7
Corson, SD,7
Custer, SD,4.5
Davison, SD,4.1
Day, SD,6.8
Deuel, SD,6
Dewey, SD,11.4
Douglas, SD,4.1
Edmunds, SD,3.5
Fall River, SD,5.2
Faulk, SD,3.6
Grant, SD,4.9
Gregory, SD,3.8
Haakon, SD,3
Hamlin, SD,5
Hand, SD,3.1
Hanson, SD,5.1
Harding, SD,3
Hughes, SD,3.3
Hutchinson, SD,3.8
Hyde, SD,3.8
Jackson, SD,6.4
Jerauld, SD,2.9
Jones, SD,2.6
Kingsbury, SD,5.2
Lake, SD,5.4
Lawrence, SD,4.4
Lincoln, SD,4.4
Lyman, SD,5.9
McCook, SD,5.5
McPherson, SD,5
Marshall, SD,5.8
Meade, SD,5.6
Mellette, SD,5.8
Miner, SD,5.5
Minnehaha, SD,5.1
Moody, SD,7
Pennington, SD,4.9
Perkins, SD,3.9
Potter, SD,4.3
Roberts, SD,5.7
Sanborn, SD,4
Shannon, SD,11.9
Spink, SD,3.8
Stanley, SD,3.4
Sully, SD,2.9
Todd, SD,6.9
Tripp, SD,3.8
Turner, SD,4.9
Union, SD,5.3
Walworth, SD,5.7
Yankton, SD,4.8
Ziebach, SD,6.4
TENNESSEE,,9.7
Anderson, TN,9
Bedford, TN,11.6
Benton, TN,12.5
Bledsoe, TN,12.8
Blount, TN,8.4
Bradley, TN,9
Campbell, TN,12.1
Cannon, TN,9.5
Carroll, TN,14.7
Carter, TN,9.9
Cheatham, TN,9
Chester, TN,10.2
Claiborne, TN,11.1
Clay, TN,12.2
Cocke, TN,13.2
Coffee, TN,10.1
Crockett, TN,12.8
Cumberland, TN,10.7
Davidson, TN,8.8
Decatur, TN,12.3
DeKalb, TN,9.7
Dickson, TN,9.9
Dyer, TN,12.6
Fayette, TN,10.7
Fentress, TN,11.7
Franklin, TN,10.2
Gibson, TN,13.3
Giles, TN,12.8
Grainger, TN,12.8
Greene, TN,13.2
Grundy, TN,12.1
Hamblen, TN,10.8
Hamilton, TN,8.4
Hancock, TN,15.4
Hardeman, TN,13.3
Hardin, TN,11.5
Hawkins, TN,9.3
Haywood, TN,15.2
Henderson, TN,15.7
Henry, TN,12
Hickman, TN,11.7
Houston, TN,10.4
Humphreys, TN,10.8
Jackson, TN,11.4
Jefferson, TN,12
Johnson, TN,13.3
Knox, TN,7.6
Lake, TN,10.7
Lauderdale, TN,15.7
Lawrence, TN,14.4
Lewis, TN,14.7
Lincoln, TN,6.5
Loudon, TN,8.3
McMinn, TN,12.4
McNairy, TN,12.2
Macon, TN,10
Madison, TN,10
Marion, TN,10.5
Marshall, TN,16.4
Maury, TN,14.4
Meigs, TN,12.7
Monroe, TN,13.8
Montgomery, TN,9.1
Moore, TN,9.6
Morgan, TN,10.7
Obion, TN,9.7
Overton, TN,10.6
Perry, TN,15.9
Pickett, TN,14.3
Polk, TN,11.6
Putnam, TN,9
Rhea, TN,12.6
Roane, TN,8
Robertson, TN,8.7
Rutherford, TN,8.7
Scott, TN,18.9
Sequatchie, TN,10.5
Sevier, TN,10.3
Shelby, TN,10
Smith, TN,10.4
Stewart, TN,11.8
Sullivan, TN,8.4
Sumner, TN,8.7
Tipton, TN,10.9
Trousdale, TN,10.5
Unicoi, TN,10.4
Union, TN,9.3
Van Buren, TN,13.3
Warren, TN,11.5
Washington, TN,8.3
Wayne, TN,12.6
Weakley, TN,11.6
White, TN,11.9
Williamson, TN,7.1
Wilson, TN,8.3
TEXAS,,8.2
Anderson, TX,9.5
Andrews, TX,6
Angelina, TX,8
Aransas, TX,8.1
Archer, TX,6
Armstrong, TX,4.7
Atascosa, TX,7.9
Austin, TX,8
Bailey, TX,7.1
Bandera, TX,7.1
Bastrop, TX,8.4
Baylor, TX,6.6
Bee, TX,9.1
Bell, TX,7.5
Bexar, TX,7.4
Blanco, TX,5.9
Borden, TX,5
Bosque, TX,8.7
Bowie, TX,8.3
Brazoria, TX,9
Brazos, TX,6.1
Brewster, TX,5.5
Briscoe, TX,5.9
Brooks, TX,9.9
Brown, TX,7.3
Burleson, TX,6.9
Burnet, TX,6.5
Caldwell, TX,8.6
Calhoun, TX,9
Callahan, TX,6
Cameron, TX,11.2
Camp, TX,8.8
Carson, TX,5.2
Cass, TX,11
Castro, TX,5.6
Chambers, TX,9.9
Cherokee, TX,9.1
Childress, TX,7.1
Clay, TX,6.6
Cochran, TX,8.2
Coke, TX,7.9
Coleman, TX,6.9
Collin, TX,7.5
Collingsworth, TX,5.4
Colorado, TX,7.5
Comal, TX,6.6
Comanche, TX,6.7
Concho, TX,8.3
Cooke, TX,6.6
Coryell, TX,8.8
Cottle, TX,6.3
Crane, TX,8.1
Crockett, TX,6.8
Crosby, TX,7.9
Culberson, TX,4.4
Dallam, TX,5.2
Dallas, TX,8.8
Dawson, TX,8.2
Deaf Smith, TX,5.7
Delta, TX,9.1
Denton, TX,7.5
DeWitt, TX,7.9
Dickens, TX,10.3
Dimmit, TX,9.6
Donley, TX,6.4
Duval, TX,11.2
Eastland, TX,7.9
Ector, TX,7.8
Edwards, TX,7.2
Ellis, TX,8.5
El Paso, TX,9.5
Erath, TX,6.5
Falls, TX,9.6
Fannin, TX,9.3
Fayette, TX,5.9
Fisher, TX,6.5
Floyd, TX,8.5
Foard, TX,6.3
Fort Bend, TX,8
Franklin, TX,7.7
Freestone, TX,6.6
Frio, TX,7.6
Gaines, TX,6.2
Galveston, TX,9.2
Garza, TX,5.4
Gillespie, TX,4.8
Glasscock, TX,5.6
Goliad, TX,7.3
Gonzales, TX,6.2
Gray, TX,7.5
Grayson, TX,8.4
Gregg, TX,7.2
Grimes, TX,8.8
Guadalupe, TX,6.9
Hale, TX,7
Hall, TX,9.2
Hamilton, TX,6.1
Hansford, TX,4.8
Hardeman, TX,6.9
Hardin, TX,9.3
Harris, TX,8.5
Harrison, TX,8.8
Hartley, TX,4.8
Haskell, TX,5
Hays, TX,7.1
Hemphill, TX,3.2
Henderson, TX,8.6
Hidalgo, TX,11.8
Hill, TX,8.3
Hockley, TX,6.3
Hood, TX,7.5
Hopkins, TX,6.8
Houston, TX,9.8
Howard, TX,7.2
Hudspeth, TX,5.8
Hunt, TX,8.8
Hutchinson, TX,7.3
Irion, TX,4.8
Jack, TX,6.1
Jackson, TX,7.3
Jasper, TX,11.5
Jeff Davis, TX,5.3
Jefferson, TX,10.9
Jim Hogg, TX,7.9
Jim Wells, TX,8.6
Johnson, TX,8.3
Jones, TX,8
Karnes, TX,9.4
Kaufman, TX,9
Kendall, TX,6
Kenedy, TX,5.5
Kent, TX,5.9
Kerr, TX,6.2
Kimble, TX,6.5
King, TX,6.7
Kinney, TX,9
Kleberg, TX,7
Knox, TX,5.8
Lamar, TX,9
Lamb, TX,7.1
Lampasas, TX,6.2
La Salle, TX,7.9
Lavaca, TX,6.6
Lee, TX,6.7
Leon, TX,7.8
Liberty, TX,11
Limestone, TX,6.8
Lipscomb, TX,5.6
Live Oak, TX,6.7
Llano, TX,7.5
Loving, TX,8
Lubbock, TX,6.2
Lynn, TX,7.1
McCulloch, TX,7.1
McLennan, TX,7.4
McMullen, TX,6.7
Madison, TX,7.9
Marion, TX,10.3
Martin, TX,5.7
Mason, TX,5.1
Matagorda, TX,11.3
Maverick, TX,15.2
Medina, TX,7.4
Menard, TX,7
Midland, TX,5.3
Milam, TX,10.4
Mills, TX,6
Mitchell, TX,8.6
Montague, TX,7.2
Montgomery, TX,7.6
Moore, TX,4.9
Morris, TX,13
Motley, TX,5.6
Nacogdoches, TX,6.9
Navarro, TX,9.1
Newton, TX,13
Nolan, TX,6.9
Nueces, TX,7.6
Ochiltree, TX,5.1
Oldham, TX,6
Orange, TX,10.8
Palo Pinto, TX,7.9
Panola, TX,7.3
Parker, TX,7.7
Parmer, TX,4.7
Pecos, TX,6.7
Polk, TX,9.9
Potter, TX,6.5
Presidio, TX,17.3
Rains, TX,9.2
Randall, TX,5
Reagan, TX,4.1
Real, TX,5.8
Red River, TX,11
Reeves, TX,10.9
Refugio, TX,6.9
Roberts, TX,4.7
Robertson, TX,8.6
Rockwall, TX,7.6
Runnels, TX,9
Rusk, TX,7.6
Sabine, TX,16.3
San Augustine, TX,11.1
San Jacinto, TX,10.4
San Patricio, TX,10.3
San Saba, TX,8.3
Schleicher, TX,8
Scurry, TX,6.4
Shackelford, TX,4.6
Shelby, TX,7.9
Sherman, TX,4.8
Smith, TX,7.9
Somervell, TX,7.9
Starr, TX,17.9
Stephens, TX,7.1
Sterling, TX,4.6
Stonewall, TX,4.9
Sutton, TX,6.5
Swisher, TX,6.2
Tarrant, TX,8.3
Taylor, TX,6.4
Terrell, TX,8.5
Terry, TX,7.4
Throckmorton, TX,4.8
Titus, TX,7.8
Tom Green, TX,6.4
Travis, TX,6.9
Trinity, TX,8.8
Tyler, TX,10.6
Upshur, TX,7.8
Upton, TX,5
Uvalde, TX,9.1
Val Verde, TX,9.1
Van Zandt, TX,7.6
Victoria, TX,7.3
Walker, TX,7.6
Waller, TX,8.9
Ward, TX,8
Washington, TX,6.4
Webb, TX,8.6
Wharton, TX,8.6
Wheeler, TX,4.7
Wichita, TX,8
Wilbarger, TX,6.1
Willacy, TX,12.4
Williamson, TX,7.4
Wilson, TX,7.4
Winkler, TX,7.8
Wise, TX,8.2
Wood, TX,8.6
Yoakum, TX,6.3
Young, TX,6.7
Zapata, TX,11
Zavala, TX,15.6
UTAH,,7.7
Beaver, UT,9.5
Box Elder, UT,9
Cache, UT,5.7
Carbon, UT,8.2
Daggett, UT,7
Davis, UT,7.1
Duchesne, UT,8
Emery, UT,7.8
Garfield, UT,10.3
Grand, UT,10.8
Iron, UT,9.6
Juab, UT,10.5
Kane, UT,8.2
Millard, UT,6.5
Morgan, UT,7.4
Piute, UT,7.6
Rich, UT,5.7
Salt Lake, UT,7.4
San Juan, UT,13.3
Sanpete, UT,9.4
Sevier, UT,8.3
Summit, UT,7.5
Tooele, UT,8.1
Uintah, UT,7.2
Utah, UT,7.7
Wasatch, UT,9.2
Washington, UT,10.1
Wayne, UT,9.3
Weber, UT,8.6
VERMONT,,6.2
Addison, VT,5.9
Bennington, VT,7
Caledonia, VT,7.1
Chittenden, VT,5
Essex, VT,9.1
Franklin, VT,6.1
Grand Isle, VT,7.1
Lamoille, VT,7.3
Orange, VT,6.1
Orleans, VT,9
Rutland, VT,7.3
Washington, VT,6
Windham, VT,6.1
Windsor, VT,5.9
VIRGINIA,,6.9
Accomack, VA,7.2
Albemarle, VA,5.4
Alleghany, VA,9
Amelia, VA,7.7
Amherst, VA,8.5
Appomattox, VA,8.9
Arlington, VA,4.2
Augusta, VA,6.7
Bath, VA,6.3
Bedford, VA,6.8
Bland, VA,6.7
Botetourt, VA,6.3
Brunswick, VA,11.7
Buchanan, VA,8.2
Buckingham, VA,9.4
Campbell, VA,7.3
Caroline, VA,9.1
Carroll, VA,11
Charles City, VA,9.5
Charlotte, VA,9.2
Chesterfield, VA,6.9
Clarke, VA,5.7
Craig, VA,7.8
Culpeper, VA,7.9
Cumberland, VA,7.8
Dickenson, VA,8.4
Dinwiddie, VA,7.7
Essex, VA,8.8
Fairfax, VA,4.9
Fauquier, VA,5.6
Floyd, VA,7.5
Fluvanna, VA,5.8
Franklin, VA,8
Frederick, VA,7
Giles, VA,9.2
Gloucester, VA,6.4
Goochland, VA,6.4
Grayson, VA,11.4
Greene, VA,5.9
Greensville, VA,9.2
Halifax, VA,11.7
Hanover, VA,6.5
Henrico, VA,6.9
Henry, VA,13.4
Highland, VA,7.8
Isle of Wight, VA,7.1
James City, VA,5.6
King and Queen, VA,8.6
King George, VA,8.1
King William, VA,7.1
Lancaster, VA,9.4
Lee, VA,7.9
Loudoun, VA,4.8
Louisa, VA,8
Lunenburg, VA,10
Madison, VA,6.2
Mathews, VA,6
Mecklenburg, VA,11.5
Middlesex, VA,7.3
Montgomery, VA,7.4
Nelson, VA,6.2
New Kent, VA,7.4
Northampton, VA,8.1
Northumberland, VA,8.7
Nottoway, VA,8.3
Orange, VA,7.7
Page, VA,11.6
Patrick, VA,11.2
Pittsylvania, VA,10.4
Powhatan, VA,6.6
Prince Edward, VA,9.8
Prince George, VA,7.3
Prince William, VA,5.8
Pulaski, VA,9.3
Rappahannock, VA,5.6
Richmond, VA,8
Roanoke, VA,6.2
Rockbridge, VA,7
Rockingham, VA,6.1
Russell, VA,10.1
Scott, VA,9.5
Shenandoah, VA,8.1
Smyth, VA,10.5
Southampton, VA,9.6
Spotsylvania, VA,5.8
Stafford, VA,5.8
Surry, VA,8
Sussex, VA,10.5
Tazewell, VA,6.8
Warren, VA,7.1
Washington, VA,8.8
Westmoreland, VA,7.9
Wise, VA,7.1
Wythe, VA,9.6
York, VA,5.7
Alexandria, VA,4.8
Bedford, VA,9.5
Bristol, VA,9.5
Buena Vista, VA,9.3
Charlottesville, VA,6.9
Chesapeake, VA,6.9
Clifton Forge, VA,0
Colonial Heights, VA,8.1
Covington, VA,10.7
Danville, VA,13.4
Emporia, VA,13.4
Fairfax, VA,5.7
Falls Church, VA,6.3
Franklin, VA,11.9
Fredericksburg, VA,9.5
Galax, VA,10.2
Hampton, VA,8.4
Harrisonburg, VA,7.6
Hopewell, VA,10.7
Lexington, VA,11.6
Lynchburg, VA,8.5
Manassas, VA,7.5
Manassas Park, VA,6.1
Martinsville, VA,19
Newport News, VA,7.8
Norfolk, VA,9.2
Norton, VA,7.1
Petersburg, VA,12.8
Poquoson, VA,6
Portsmouth, VA,9.1
Radford, VA,9.4
Richmond, VA,10.1
Roanoke, VA,8.8
Salem, VA,6.9
South Boston, VA,0
Staunton, VA,7.6
Suffolk, VA,7.7
Virginia Beach, VA,6.4
Waynesboro, VA,8.7
Williamsburg, VA,15.2
Winchester, VA,7.2
WASHINGTON,,9.6
Adams, WA,9.4
Asotin, WA,8.9
Benton, WA,7.2
Chelan, WA,8.6
Clallam, WA,10.4
Clark, WA,13.7
Columbia, WA,11.2
Cowlitz, WA,12.8
Douglas, WA,8.2
Ferry, WA,14.4
Franklin, WA,8.3
Garfield, WA,7.8
Grant, WA,10.5
Grays Harbor, WA,13.3
Island, WA,9.4
Jefferson, WA,9.7
King, WA,8.8
Kitsap, WA,7.9
Kittitas, WA,9.2
Klickitat, WA,10.8
Lewis, WA,13.5
Lincoln, WA,8.6
Mason, WA,11.1
Okanogan, WA,10.3
Pacific, WA,12.8
Pend Oreille, WA,13.7
Pierce, WA,9.9
San Juan, WA,7
Skagit, WA,10.4
Skamania, WA,13.2
Snohomish, WA,10.3
Spokane, WA,9.6
Stevens, WA,12.6
Thurston, WA,8.2
Wahkiakum, WA,13.8
Walla Walla, WA,7.4
Whatcom, WA,8.8
Whitman, WA,6.1
Yakima, WA,9.7
WEST VIRGINIA,,9.1
Barbour, WV,10.2
Berkeley, WV,9.5
Boone, WV,8
Braxton, WV,10.5
Brooke, WV,13.1
Cabell, WV,8.1
Calhoun, WV,14.6
Clay, WV,15
Doddridge, WV,9
Fayette, WV,10.1
Gilmer, WV,7.8
Grant, WV,12.4
Greenbrier, WV,9.3
Hampshire, WV,10
Hancock, WV,13.5
Hardy, WV,10.3
Harrison, WV,7.8
Jackson, WV,12.5
Jefferson, WV,7.1
Kanawha, WV,7.8
Lewis, WV,8.2
Lincoln, WV,11.3
Logan, WV,9.9
McDowell, WV,11.9
Marion, WV,7.7
Marshall, WV,10.7
Mason, WV,13.5
Mercer, WV,8.4
Mineral, WV,8.7
Mingo, WV,10.5
Monongalia, WV,5.5
Monroe, WV,7.6
Morgan, WV,10.1
Nicholas, WV,10.4
Ohio, WV,9.3
Pendleton, WV,8.5
Pleasants, WV,11
Pocahontas, WV,12.7
Preston, WV,8.1
Putnam, WV,7.6
Raleigh, WV,8.5
Randolph, WV,10.9
Ritchie, WV,9.7
Roane, WV,13.9
Summers, WV,9.7
Taylor, WV,8.2
Tucker, WV,13.2
Tyler, WV,11.3
Upshur, WV,9.1
Wayne, WV,9.6
Webster, WV,12.2
Wetzel, WV,13.5
Wirt, WV,12.9
Wood, WV,9.8
Wyoming, WV,11
WISCONSIN,,8.3
Adams, WI,11.1
Ashland, WI,10
Barron, WI,8.6
Bayfield, WI,10.4
Brown, WI,7.4
Buffalo, WI,6.8
Burnett, WI,10.1
Calumet, WI,6.7
Chippewa, WI,7.9
Clark, WI,9.8
Columbia, WI,8.1
Crawford, WI,9.4
Dane, WI,5.6
Dodge, WI,8.9
Door, WI,10.1
Douglas, WI,8
Dunn, WI,6.8
Eau Claire, WI,6.7
Florence, WI,10
Fond du Lac, WI,8.2
Forest, WI,10.1
Grant, WI,7
Green, WI,8.2
Green Lake, WI,9.3
Iowa, WI,7.6
Iron, WI,11.4
Jackson, WI,9
Jefferson, WI,9.2
Juneau, WI,9.9
Kenosha, WI,10.8
Kewaunee, WI,8
La Crosse, WI,6.3
Lafayette, WI,6.8
Langlade, WI,10
Lincoln, WI,11.5
Manitowoc, WI,9.4
Marathon, WI,8.8
Marinette, WI,10.6
Marquette, WI,10.3
Menominee, WI,15.5
Milwaukee, WI,9.6
Monroe, WI,7.2
Oconto, WI,9.8
Oneida, WI,10
Outagamie, WI,7.9
Ozaukee, WI,6.8
Pepin, WI,7.1
Pierce, WI,6.8
Polk, WI,9.7
Portage, WI,7.2
Price, WI,10
Racine, WI,10
Richland, WI,8.4
Rock, WI,11.1
Rusk, WI,11.8
St. Croix, WI,7.3
Sauk, WI,8.1
Sawyer, WI,10.1
Shawano, WI,9.5
Sheboygan, WI,8.7
Taylor, WI,10.5
Trempealeau, WI,7
Vernon, WI,7.6
Vilas, WI,10.5
Walworth, WI,8.8
Washburn, WI,9.6
Washington, WI,8
Waukesha, WI,7.4
Waupaca, WI,8.9
Waushara, WI,10
Winnebago, WI,7.2
Wood, WI,8.6
WYOMING,,7
Albany, WY,5.1
Big Horn, WY,7.9
Campbell, WY,6
Carbon, WY,7.6
Converse, WY,5.8
Crook, WY,5.8
Fremont, WY,8
Goshen, WY,6.1
Hot Springs, WY,5.5
Johnson, WY,8.3
Laramie, WY,7.5
Lincoln, WY,9.2
Natrona, WY,7.2
Niobrara, WY,5.5
Park, WY,6.9
Platte, WY,6.9
Sheridan, WY,7.8
Sublette, WY,4.6
Sweetwater, WY,6.7
Teton, WY,8.2
Uinta, WY,7
Washakie, WY,6.5
Weston, WY,6.3
