Area_name,,Per capita income in the past 12 months (in 2009 inflation-adjusted dollars) in 2005-2009
UNITED STATES,,27041
ALABAMA,,22732
Autauga, AL,23774
Baldwin, AL,26197
Barbour, AL,15842
Bibb, AL,18953
Blount, AL,20360
Bullock, AL,17746
Butler, AL,17221
Calhoun, AL,21372
Chambers, AL,17072
Cherokee, AL,20434
Chilton, AL,20326
Choctaw, AL,16193
Clarke, AL,16790
Clay, AL,18267
Cleburne, AL,18365
Coffee, AL,22706
Colbert, AL,21689
Conecuh, AL,16960
Coosa, AL,18563
Covington, AL,18958
Crenshaw, AL,19900
Cullman, AL,20339
Dale, AL,21299
Dallas, AL,16304
DeKalb, AL,17552
Elmore, AL,21866
Escambia, AL,16711
Etowah, AL,20354
Fayette, AL,18228
Franklin, AL,17610
Geneva, AL,17697
Greene, AL,14564
Hale, AL,15221
Henry, AL,18438
Houston, AL,22797
Jackson, AL,18742
Jefferson, AL,26256
Lamar, AL,19926
Lauderdale, AL,21737
Lawrence, AL,19795
Lee, AL,22384
Limestone, AL,21943
Lowndes, AL,16466
Macon, AL,15494
Madison, AL,29588
Marengo, AL,17403
Marion, AL,18654
Marshall, AL,19654
Mobile, AL,21274
Monroe, AL,17951
Montgomery, AL,25102
Morgan, AL,22758
Perry, AL,14266
Pickens, AL,16475
Pike, AL,19085
Randolph, AL,18813
Russell, AL,18386
St. Clair, AL,21067
Shelby, AL,33607
Sumter, AL,13667
Talladega, AL,18710
Tallapoosa, AL,22595
Tuscaloosa, AL,22489
Walker, AL,20321
Washington, AL,17748
Wilcox, AL,12258
Winston, AL,16855
ALASKA,,29382
Aleutians East, AK,21788
Aleutians West, AK,34966
Anchorage, AK,33436
Bethel, AK,18169
Bristol Bay, AK,28662
Denali, AK,44689
Dillingham, AK,23324
Fairbanks North Star, AK,28373
Haines, AK,28843
Hoonah-Angoon, AK,23169
Juneau, AK,34880
Kenai Peninsula, AK,26940
Ketchikan Gateway, AK,29867
Kodiak Island, AK,26862
Lake and Peninsula, AK,16450
Matanuska-Susitna, AK,24906
Nome, AK,20452
North Slope, AK,24125
Northwest Arctic, AK,20001
Petersburg, AK,29679
Prince of Wales-Hyder, AK,23915
Sitka, AK,30013
Skagway, AK,32801
Southeast Fairbanks, AK,24209
Valdez-Cordova, AK,27708
Wade Hampton, AK,11382
Wrangell, AK,28485
Yakutat, AK,28608
Yukon-Koyukuk, AK,18516
ARIZONA,,25203
Apache, AZ,11614
Cochise, AZ,22419
Coconino, AZ,22238
Gila, AZ,19054
Graham, AZ,15842
Greenlee, AZ,20754
La Paz, AZ,20050
Maricopa, AZ,27185
Mohave, AZ,21321
Navajo, AZ,15794
Pima, AZ,24556
Pinal, AZ,21526
Santa Cruz, AZ,15706
Yavapai, AZ,25458
Yuma, AZ,18244
ARKANSAS,,20977
Arkansas, AR,20898
Ashley, AR,18949
Baxter, AR,20632
Benton, AR,24647
Boone, AR,20182
Bradley, AR,15654
Calhoun, AR,16869
Carroll, AR,19134
Chicot, AR,13954
Clark, AR,16212
Clay, AR,18911
Cleburne, AR,20280
Cleveland, AR,18875
Columbia, AR,20460
Conway, AR,19562
Craighead, AR,21521
Crawford, AR,18637
Crittenden, AR,18104
Cross, AR,18060
Dallas, AR,16971
Desha, AR,16562
Drew, AR,18789
Faulkner, AR,22080
Franklin, AR,17266
Fulton, AR,17096
Garland, AR,22318
Grant, AR,22449
Greene, AR,17923
Hempstead, AR,17207
Hot Spring, AR,17922
Howard, AR,19218
Independence, AR,19776
Izard, AR,17609
Jackson, AR,15124
Jefferson, AR,18735
Johnson, AR,15985
Lafayette, AR,17593
Lawrence, AR,15520
Lee, AR,14685
Lincoln, AR,16222
Little River, AR,19036
Logan, AR,18924
Lonoke, AR,22154
Madison, AR,17776
Marion, AR,19032
Miller, AR,19445
Mississippi, AR,18053
Monroe, AR,16445
Montgomery, AR,20054
Nevada, AR,21992
Newton, AR,15528
Ouachita, AR,18072
Perry, AR,20418
Phillips, AR,14187
Pike, AR,18536
Poinsett, AR,16436
Polk, AR,17047
Pope, AR,19281
Prairie, AR,17024
Pulaski, AR,26975
Randolph, AR,17577
St. Francis, AR,13273
Saline, AR,24099
Scott, AR,16668
Searcy, AR,15617
Sebastian, AR,21568
Sevier, AR,16123
Sharp, AR,15655
Stone, AR,15473
Union, AR,20247
Van Buren, AR,17300
Washington, AR,22508
White, AR,20238
Woodruff, AR,19790
Yell, AR,15993
CALIFORNIA,,29020
Alameda, CA,33831
Alpine, CA,30436
Amador, CA,26532
Butte, CA,22904
Calaveras, CA,27728
Colusa, CA,20381
Contra Costa, CA,37742
Del Norte, CA,19016
El Dorado, CA,34203
Fresno, CA,20375
Glenn, CA,19257
Humboldt, CA,23496
Imperial, CA,16017
Inyo, CA,27358
Kern, CA,19939
Kings, CA,17416
Lake, CA,21425
Lassen, CA,19239
Los Angeles, CA,26983
Madera, CA,18988
Marin, CA,53284
Mariposa, CA,26642
Mendocino, CA,24101
Merced, CA,17994
Modoc, CA,20193
Mono, CA,28938
Monterey, CA,25345
Napa, CA,34955
Nevada, CA,31100
Orange, CA,33901
Placer, CA,35617
Plumas, CA,27639
Riverside, CA,24642
Sacramento, CA,27033
San Benito, CA,25840
San Bernardino, CA,21792
San Diego, CA,30705
San Francisco, CA,44373
San Joaquin, CA,22767
San Luis Obispo, CA,29098
San Mateo, CA,43286
Santa Barbara, CA,29487
Santa Clara, CA,39201
Santa Cruz, CA,33532
Shasta, CA,23964
Sierra, CA,27948
Siskiyou, CA,22528
Solano, CA,28288
Sonoma, CA,32939
Stanislaus, CA,21931
Sutter, CA,22830
Tehama, CA,20299
Trinity, CA,21963
Tulare, CA,17865
Tuolumne, CA,26775
Ventura, CA,32063
Yolo, CA,26761
Yuba, CA,20278
COLORADO,,29679
Adams, CO,24000
Alamosa, CO,17798
Arapahoe, CO,31808
Archuleta, CO,22208
Baca, CO,19960
Bent, CO,16189
Boulder, CO,36047
Broomfield, CO,34268
Chaffee, CO,26572
Cheyenne, CO,22012
Clear Creek, CO,35337
Conejos, CO,16668
Costilla, CO,16148
Crowley, CO,18299
Custer, CO,26539
Delta, CO,20592
Denver, CO,29844
Dolores, CO,19180
Douglas, CO,42253
Eagle, CO,35104
Elbert, CO,34189
El Paso, CO,27750
Fremont, CO,19816
Garfield, CO,28038
Gilpin, CO,30798
Grand, CO,28469
Gunnison, CO,25134
Hinsdale, CO,35719
Huerfano, CO,21383
Jackson, CO,22594
Jefferson, CO,34147
Kiowa, CO,23502
Kit Carson, CO,20517
Lake, CO,18374
La Plata, CO,29980
Larimer, CO,29188
Las Animas, CO,21012
Lincoln, CO,22676
Logan, CO,22190
Mesa, CO,26053
Mineral, CO,46720
Moffat, CO,24337
Montezuma, CO,23147
Montrose, CO,23048
Morgan, CO,19936
Otero, CO,17996
Ouray, CO,28751
Park, CO,29893
Phillips, CO,21550
Pitkin, CO,62544
Prowers, CO,17934
Pueblo, CO,21419
Rio Blanco, CO,27325
Rio Grande, CO,18181
Routt, CO,34450
Saguache, CO,19462
San Juan, CO,31462
San Miguel, CO,40301
Sedgwick, CO,20590
Summit, CO,35048
Teller, CO,29259
Washington, CO,22195
Weld, CO,24458
Yuma, CO,20998
CONNECTICUT,,36468
Fairfield, CT,48394
Hartford, CT,32779
Litchfield, CT,35387
Middlesex, CT,37251
New Haven, CT,31318
New London, CT,32382
Tolland, CT,32092
Windham, CT,25603
DELAWARE,,28935
Kent, DE,24226
New Castle, DE,31071
Sussex, DE,26689
DISTRICT OF COLUMBIA,,40846
District of Columbia,,40846
FLORIDA,,26503
Alachua, FL,24305
Baker, FL,18067
Bay, FL,24858
Bradford, FL,17152
Brevard, FL,27342
Broward, FL,28465
Calhoun, FL,14506
Charlotte, FL,27561
Citrus, FL,22714
Clay, FL,26689
Collier, FL,36942
Columbia, FL,18596
DeSoto, FL,17187
Dixie, FL,15504
Duval, FL,25948
Escambia, FL,23154
Flagler, FL,25498
Franklin, FL,22924
Gadsden, FL,17245
Gilchrist, FL,18364
Glades, FL,19810
Gulf, FL,18754
Hamilton, FL,14716
Hardee, FL,15209
Hendry, FL,14591
Hernando, FL,22872
Highlands, FL,19343
Hillsborough, FL,27252
Holmes, FL,15545
Indian River, FL,33014
Jackson, FL,16604
Jefferson, FL,20323
Lafayette, FL,16575
Lake, FL,24768
Lee, FL,30363
Leon, FL,25467
Levy, FL,18381
Liberty, FL,16157
Madison, FL,16486
Manatee, FL,28418
Marion, FL,22407
Martin, FL,35546
Miami-Dade, FL,22619
Monroe, FL,36086
Nassau, FL,27908
Okaloosa, FL,28361
Okeechobee, FL,18375
Orange, FL,25778
Osceola, FL,20770
Palm Beach, FL,33586
Pasco, FL,23811
Pinellas, FL,28872
Polk, FL,22283
Putnam, FL,18235
St. Johns, FL,36198
St. Lucie, FL,23779
Santa Rosa, FL,24700
Sarasota, FL,32768
Seminole, FL,29741
Sumter, FL,22314
Suwannee, FL,17798
Taylor, FL,17248
Union, FL,13126
Volusia, FL,24474
Wakulla, FL,22114
Walton, FL,27125
Washington, FL,17850
GEORGIA,,25098
Appling, GA,17647
Atkinson, GA,16131
Bacon, GA,17025
Baker, GA,14817
Baldwin, GA,17481
Banks, GA,19337
Barrow, GA,20760
Bartow, GA,22656
Ben Hill, GA,15284
Berrien, GA,16672
Bibb, GA,21269
Bleckley, GA,17908
Brantley, GA,19290
Brooks, GA,20886
Bryan, GA,27209
Bulloch, GA,17871
Burke, GA,15901
Butts, GA,20313
Calhoun, GA,12370
Camden, GA,21602
Candler, GA,15798
Carroll, GA,20551
Catoosa, GA,22142
Charlton, GA,17337
Chatham, GA,25240
Chattahoochee, GA,21739
Chattooga, GA,15079
Cherokee, GA,30001
Clarke, GA,19797
Clay, GA,16123
Clayton, GA,18962
Clinch, GA,15916
Cobb, GA,32713
Coffee, GA,16766
Colquitt, GA,17561
Columbia, GA,29185
Cook, GA,15856
Coweta, GA,25730
Crawford, GA,19677
Crisp, GA,16855
Dade, GA,19042
Dawson, GA,24750
Decatur, GA,17751
DeKalb, GA,28064
Dodge, GA,15239
Dooly, GA,13131
Dougherty, GA,20227
Douglas, GA,24516
Early, GA,15989
Echols, GA,13663
Effingham, GA,22364
Elbert, GA,17451
Emanuel, GA,15278
Evans, GA,17166
Fannin, GA,21310
Fayette, GA,34942
Floyd, GA,20696
Forsyth, GA,36098
Franklin, GA,18855
Fulton, GA,36412
Gilmer, GA,19320
Glascock, GA,15772
Glynn, GA,27273
Gordon, GA,18219
Grady, GA,18502
Greene, GA,23919
Gwinnett, GA,27301
Habersham, GA,19629
Hall, GA,23004
Hancock, GA,11250
Haralson, GA,18755
Harris, GA,28753
Hart, GA,20231
Heard, GA,16706
Henry, GA,25990
Houston, GA,25192
Irwin, GA,15348
Jackson, GA,21368
Jasper, GA,19933
Jeff Davis, GA,15318
Jefferson, GA,15087
Jenkins, GA,16980
Johnson, GA,14716
Jones, GA,20879
Lamar, GA,18065
Lanier, GA,16961
Laurens, GA,19280
Lee, GA,23716
Liberty, GA,17640
Lincoln, GA,18938
Long, GA,14456
Lowndes, GA,20876
Lumpkin, GA,20094
McDuffie, GA,18200
McIntosh, GA,20323
Macon, GA,13538
Madison, GA,18118
Marion, GA,16645
Meriwether, GA,17586
Miller, GA,20322
Mitchell, GA,15982
Monroe, GA,25882
Montgomery, GA,16977
Morgan, GA,25181
Murray, GA,17155
Muscogee, GA,21717
Newton, GA,22158
Oconee, GA,31715
Oglethorpe, GA,18983
Paulding, GA,23022
Peach, GA,18896
Pickens, GA,26525
Pierce, GA,17781
Pike, GA,20684
Polk, GA,18832
Pulaski, GA,15729
Putnam, GA,25188
Quitman, GA,16327
Rabun, GA,23543
Randolph, GA,17385
Richmond, GA,20135
Rockdale, GA,23847
Schley, GA,16331
Screven, GA,17049
Seminole, GA,18760
Spalding, GA,19695
Stephens, GA,17576
Stewart, GA,12681
Sumter, GA,17464
Talbot, GA,16855
Taliaferro, GA,13248
Tattnall, GA,15900
Taylor, GA,14918
Telfair, GA,13680
Terrell, GA,15550
Thomas, GA,21501
Tift, GA,18124
Toombs, GA,17183
Towns, GA,23635
Treutlen, GA,14662
Troup, GA,19314
Turner, GA,15452
Twiggs, GA,16920
Union, GA,23750
Upson, GA,17449
Walker, GA,19674
Walton, GA,22624
Ware, GA,17416
Warren, GA,15816
Washington, GA,15322
Wayne, GA,18342
Webster, GA,14969
Wheeler, GA,11395
White, GA,22471
Whitfield, GA,19612
Wilcox, GA,12777
Wilkes, GA,17219
Wilkinson, GA,17486
Worth, GA,19000
HAWAII,,28662
Hawaii, HI,25960
Honolulu, HI,29221
Kalawao, HI,53144
Kauai, HI,26982
Maui, HI,29121
IDAHO,,22262
Ada, ID,27805
Adams, ID,22918
Bannock, ID,20781
Bear Lake, ID,19478
Benewah, ID,18158
Bingham, ID,18601
Blaine, ID,31626
Boise, ID,23212
Bonner, ID,23379
Bonneville, ID,23189
Boundary, ID,17853
Butte, ID,20949
Camas, ID,20389
Canyon, ID,18290
Caribou, ID,20368
Cassia, ID,17513
Clark, ID,14416
Clearwater, ID,21703
Custer, ID,22681
Elmore, ID,20705
Franklin, ID,17878
Fremont, ID,18543
Gem, ID,20066
Gooding, ID,17523
Idaho, ID,18305
Jefferson, ID,18349
Jerome, ID,17119
Kootenai, ID,23846
Latah, ID,19198
Lemhi, ID,21297
Lewis, ID,18581
Lincoln, ID,18896
Madison, ID,13050
Minidoka, ID,17467
Nez Perce, ID,23128
Oneida, ID,18316
Owyhee, ID,18049
Payette, ID,20701
Power, ID,17938
Shoshone, ID,18668
Teton, ID,23577
Twin Falls, ID,19701
Valley, ID,27384
Washington, ID,19162
ILLINOIS,,28469
Adams, IL,23941
Alexander, IL,16149
Bond, IL,22225
Boone, IL,24991
Brown, IL,16866
Bureau, IL,24081
Calhoun, IL,21849
Carroll, IL,24904
Cass, IL,19440
Champaign, IL,23495
Christian, IL,20673
Clark, IL,23083
Clay, IL,19578
Clinton, IL,24722
Coles, IL,19798
Cook, IL,29021
Crawford, IL,22165
Cumberland, IL,21097
DeKalb, IL,23500
De Witt, IL,24970
Douglas, IL,21780
DuPage, IL,37592
Edgar, IL,21394
Edwards, IL,22174
Effingham, IL,23584
Fayette, IL,20842
Ford, IL,22560
Franklin, IL,18131
Fulton, IL,20469
Gallatin, IL,22200
Greene, IL,21883
Grundy, IL,27450
Hamilton, IL,20669
Hancock, IL,23098
Hardin, IL,19202
Henderson, IL,21960
Henry, IL,25023
Iroquois, IL,22887
Jackson, IL,18409
Jasper, IL,20765
Jefferson, IL,21104
Jersey, IL,24144
Jo Daviess, IL,27494
Johnson, IL,17806
Kane, IL,28980
Kankakee, IL,22633
Kendall, IL,29640
Knox, IL,20872
Lake, IL,37970
LaSalle, IL,24605
Lawrence, IL,19966
Lee, IL,24411
Livingston, IL,22930
Logan, IL,21501
McDonough, IL,18245
McHenry, IL,31766
McLean, IL,26969
Macon, IL,25044
Macoupin, IL,22993
Madison, IL,25873
Marion, IL,20133
Marshall, IL,25028
Mason, IL,23456
Massac, IL,20186
Menard, IL,26846
Mercer, IL,25081
Monroe, IL,28745
Montgomery, IL,21226
Morgan, IL,23404
Moultrie, IL,23929
Ogle, IL,24057
Peoria, IL,27299
Perry, IL,17913
Piatt, IL,26988
Pike, IL,20590
Pope, IL,19681
Pulaski, IL,17351
Putnam, IL,25740
Randolph, IL,19938
Richland, IL,22842
Rock Island, IL,24476
St. Clair, IL,24316
Saline, IL,20782
Sangamon, IL,27907
Schuyler, IL,21730
Scott, IL,27800
Shelby, IL,22075
Stark, IL,25409
Stephenson, IL,23234
Tazewell, IL,27238
Union, IL,19230
Vermilion, IL,20432
Wabash, IL,23497
Warren, IL,19961
Washington, IL,24360
Wayne, IL,21263
White, IL,23037
Whiteside, IL,22956
Will, IL,29207
Williamson, IL,21468
Winnebago, IL,23773
Woodford, IL,29200
INDIANA,,24044
Adams, IN,19312
Allen, IN,24140
Bartholomew, IN,26897
Benton, IN,21369
Blackford, IN,21823
Boone, IN,36344
Brown, IN,25864
Carroll, IN,23179
Cass, IN,20608
Clark, IN,23521
Clay, IN,20523
Clinton, IN,21069
Crawford, IN,18157
Daviess, IN,19223
Dearborn, IN,24903
Decatur, IN,22346
DeKalb, IN,21861
Delaware, IN,19991
Dubois, IN,25061
Elkhart, IN,22485
Fayette, IN,19439
Floyd, IN,25890
Fountain, IN,21297
Franklin, IN,22403
Fulton, IN,21034
Gibson, IN,22848
Grant, IN,20104
Greene, IN,20945
Hamilton, IN,38298
Hancock, IN,28260
Harrison, IN,23344
Hendricks, IN,29303
Henry, IN,20410
Howard, IN,23729
Huntington, IN,21428
Jackson, IN,21385
Jasper, IN,23423
Jay, IN,18868
Jefferson, IN,20740
Jennings, IN,19254
Johnson, IN,27509
Knox, IN,20844
Kosciusko, IN,24025
LaGrange, IN,19159
Lake, IN,22973
LaPorte, IN,23206
Lawrence, IN,21277
Madison, IN,21864
Marion, IN,24682
Marshall, IN,22499
Martin, IN,22450
Miami, IN,19196
Monroe, IN,21649
Montgomery, IN,23111
Morgan, IN,23970
Newton, IN,23588
Noble, IN,20316
Ohio, IN,25214
Orange, IN,18472
Owen, IN,20507
Parke, IN,18917
Perry, IN,20421
Pike, IN,20518
Porter, IN,28081
Posey, IN,26983
Pulaski, IN,21328
Putnam, IN,21122
Randolph, IN,20095
Ripley, IN,22462
Rush, IN,20906
St. Joseph, IN,23136
Scott, IN,18795
Shelby, IN,26295
Spencer, IN,23862
Starke, IN,18571
Steuben, IN,23273
Sullivan, IN,19909
Switzerland, IN,22664
Tippecanoe, IN,21602
Tipton, IN,23819
Union, IN,19936
Vanderburgh, IN,24112
Vermillion, IN,21508
Vigo, IN,20205
Wabash, IN,20882
Warren, IN,22566
Warrick, IN,29237
Washington, IN,19303
Wayne, IN,22153
Wells, IN,22944
White, IN,21812
Whitley, IN,24248
IOWA,,25060
Adair, IA,22897
Adams, IA,26835
Allamakee, IA,20604
Appanoose, IA,20721
Audubon, IA,23957
Benton, IA,24814
Black Hawk, IA,22380
Boone, IA,25079
Bremer, IA,26493
Buchanan, IA,23897
Buena Vista, IA,20881
Butler, IA,23900
Calhoun, IA,22195
Carroll, IA,24468
Cass, IA,22447
Cedar, IA,24724
Cerro Gordo, IA,25332
Cherokee, IA,23995
Chickasaw, IA,21783
Clarke, IA,22168
Clay, IA,23198
Clayton, IA,22101
Clinton, IA,23040
Crawford, IA,19988
Dallas, IA,32031
Davis, IA,22464
Decatur, IA,17515
Delaware, IA,22681
Des Moines, IA,23114
Dickinson, IA,28771
Dubuque, IA,24455
Emmet, IA,22985
Fayette, IA,21812
Floyd, IA,21296
Franklin, IA,21253
Fremont, IA,23275
Greene, IA,23727
Grundy, IA,27136
Guthrie, IA,26219
Hamilton, IA,25280
Hancock, IA,22530
Hardin, IA,23737
Harrison, IA,23939
Henry, IA,23838
Howard, IA,22028
Humboldt, IA,24633
Ida, IA,23700
Iowa, IA,26491
Jackson, IA,22647
Jasper, IA,23498
Jefferson, IA,22668
Johnson, IA,26987
Jones, IA,21641
Keokuk, IA,21685
Kossuth, IA,26338
Lee, IA,21240
Linn, IA,28045
Louisa, IA,20030
Lucas, IA,19510
Lyon, IA,22815
Madison, IA,26775
Mahaska, IA,22027
Marion, IA,24374
Marshall, IA,23000
Mills, IA,24554
Mitchell, IA,22622
Monona, IA,21761
Monroe, IA,20140
Montgomery, IA,20992
Muscatine, IA,24029
O'Brien, IA,24647
Osceola, IA,22083
Page, IA,21545
Palo Alto, IA,21748
Plymouth, IA,27982
Pocahontas, IA,23320
Polk, IA,29592
Pottawattamie, IA,24150
Poweshiek, IA,25404
Ringgold, IA,22170
Sac, IA,22428
Scott, IA,26977
Shelby, IA,21754
Sioux, IA,21156
Story, IA,24202
Tama, IA,22538
Taylor, IA,21019
Union, IA,20947
Van Buren, IA,20291
Wapello, IA,22139
Warren, IA,28317
Washington, IA,22714
Wayne, IA,19365
Webster, IA,22395
Winnebago, IA,20962
Winneshiek, IA,24161
Woodbury, IA,21563
Worth, IA,27600
Wright, IA,23006
KANSAS,,25522
Allen, KS,19844
Anderson, KS,19749
Atchison, KS,21424
Barber, KS,24035
Barton, KS,21516
Bourbon, KS,18663
Brown, KS,19893
Butler, KS,26445
Chase, KS,20828
Chautauqua, KS,22366
Cherokee, KS,19353
Cheyenne, KS,19824
Clark, KS,25120
Clay, KS,23373
Cloud, KS,18908
Coffey, KS,22416
Comanche, KS,25646
Cowley, KS,20612
Crawford, KS,18693
Decatur, KS,21232
Dickinson, KS,21707
Doniphan, KS,20921
Douglas, KS,24304
Edwards, KS,23936
Elk, KS,21076
Ellis, KS,23231
Ellsworth, KS,23581
Finney, KS,19877
Ford, KS,18838
Franklin, KS,22307
Geary, KS,20547
Gove, KS,20972
Graham, KS,25096
Grant, KS,24832
Gray, KS,20741
Greeley, KS,31938
Greenwood, KS,21113
Hamilton, KS,17703
Harper, KS,21992
Harvey, KS,23023
Haskell, KS,23354
Hodgeman, KS,22705
Jackson, KS,22214
Jefferson, KS,25669
Jewell, KS,22651
Johnson, KS,37118
Kearny, KS,18904
Kingman, KS,23260
Kiowa, KS,19179
Labette, KS,21647
Lane, KS,24231
Leavenworth, KS,25342
Lincoln, KS,22136
Linn, KS,21731
Logan, KS,21554
Lyon, KS,18051
McPherson, KS,24965
Marion, KS,20954
Marshall, KS,21720
Meade, KS,22237
Miami, KS,26520
Mitchell, KS,23960
Montgomery, KS,20771
Morris, KS,22506
Morton, KS,22490
Nemaha, KS,22004
Neosho, KS,18449
Ness, KS,26231
Norton, KS,18863
Osage, KS,22124
Osborne, KS,21668
Ottawa, KS,21860
Pawnee, KS,17695
Phillips, KS,22388
Pottawatomie, KS,25576
Pratt, KS,23527
Rawlins, KS,22617
Reno, KS,22000
Republic, KS,23494
Rice, KS,19140
Riley, KS,19115
Rooks, KS,22890
Rush, KS,22283
Russell, KS,23283
Saline, KS,22790
Scott, KS,31889
Sedgwick, KS,25241
Seward, KS,18026
Shawnee, KS,25506
Sheridan, KS,23023
Sherman, KS,23052
Smith, KS,22984
Stafford, KS,20702
Stanton, KS,18465
Stevens, KS,20858
Sumner, KS,23740
Thomas, KS,21552
Trego, KS,21353
Wabaunsee, KS,22587
Wallace, KS,22485
Washington, KS,22296
Wichita, KS,18908
Wilson, KS,19346
Woodson, KS,24665
Wyandotte, KS,18849
KENTUCKY,,22284
Adair, KY,15349
Allen, KY,16331
Anderson, KY,24189
Ballard, KY,23308
Barren, KY,20361
Bath, KY,15891
Bell, KY,14111
Boone, KY,28112
Bourbon, KY,20951
Boyd, KY,22538
Boyle, KY,21841
Bracken, KY,19092
Breathitt, KY,15194
Breckinridge, KY,18380
Bullitt, KY,23156
Butler, KY,16965
Caldwell, KY,19955
Calloway, KY,20457
Campbell, KY,27138
Carlisle, KY,18573
Carroll, KY,22278
Carter, KY,18172
Casey, KY,13891
Christian, KY,17408
Clark, KY,23328
Clay, KY,12607
Clinton, KY,14163
Crittenden, KY,19496
Cumberland, KY,14947
Daviess, KY,22431
Edmonson, KY,18544
Elliott, KY,12623
Estill, KY,15528
Fayette, KY,27878
Fleming, KY,16293
Floyd, KY,16419
Franklin, KY,26590
Fulton, KY,16347
Gallatin, KY,17175
Garrard, KY,17359
Grant, KY,19963
Graves, KY,19315
Grayson, KY,17587
Green, KY,21649
Greenup, KY,21167
Hancock, KY,19626
Hardin, KY,22759
Harlan, KY,15889
Harrison, KY,20120
Hart, KY,16663
Henderson, KY,22246
Henry, KY,21697
Hickman, KY,20811
Hopkins, KY,20965
Jackson, KY,14784
Jefferson, KY,26400
Jessamine, KY,24140
Johnson, KY,18417
Kenton, KY,27305
Knott, KY,15366
Knox, KY,13698
Larue, KY,18844
Laurel, KY,18460
Lawrence, KY,15080
Lee, KY,11448
Leslie, KY,14435
Letcher, KY,16672
Lewis, KY,14341
Lincoln, KY,17609
Livingston, KY,21379
Logan, KY,19379
Lyon, KY,18970
McCracken, KY,24463
McCreary, KY,12079
McLean, KY,21871
Madison, KY,20649
Magoffin, KY,12449
Marion, KY,18100
Marshall, KY,21944
Martin, KY,12540
Mason, KY,21023
Meade, KY,19230
Menifee, KY,14445
Mercer, KY,23051
Metcalfe, KY,18111
Monroe, KY,16259
Montgomery, KY,18701
Morgan, KY,17999
Muhlenberg, KY,18366
Nelson, KY,21877
Nicholas, KY,17198
Ohio, KY,17987
Oldham, KY,34731
Owen, KY,21747
Owsley, KY,11706
Pendleton, KY,19165
Perry, KY,18549
Pike, KY,19012
Powell, KY,15830
Pulaski, KY,18185
Robertson, KY,16012
Rockcastle, KY,14468
Rowan, KY,16927
Russell, KY,17066
Scott, KY,27424
Shelby, KY,28201
Simpson, KY,20950
Spencer, KY,24859
Taylor, KY,17523
Todd, KY,18668
Trigg, KY,23087
Trimble, KY,19903
Union, KY,18078
Warren, KY,23219
Washington, KY,19889
Wayne, KY,15115
Webster, KY,19068
Whitley, KY,14938
Wolfe, KY,11148
Woodford, KY,28409
LOUISIANA,,22535
Acadia, LA,17704
Allen, LA,16497
Ascension, LA,26385
Assumption, LA,21150
Avoyelles, LA,16293
Beauregard, LA,21210
Bienville, LA,18700
Bossier, LA,24960
Caddo, LA,22323
Calcasieu, LA,23514
Caldwell, LA,18935
Cameron, LA,25681
Catahoula, LA,18465
Claiborne, LA,17236
Concordia, LA,16090
De Soto, LA,19648
East Baton Rouge, LA,25233
East Carroll, LA,15720
East Feliciana, LA,17968
Evangeline, LA,17616
Franklin, LA,17648
Grant, LA,19526
Iberia, LA,19559
Iberville, LA,19282
Jackson, LA,18971
Jefferson, LA,25196
Jefferson Davis, LA,19526
Lafayette, LA,26675
Lafourche, LA,22578
La Salle, LA,18916
Lincoln, LA,18397
Livingston, LA,22722
Madison, LA,14124
Morehouse, LA,16047
Natchitoches, LA,17000
Orleans, LA,23559
Ouachita, LA,21158
Plaquemines, LA,21960
Pointe Coupee, LA,20938
Rapides, LA,21480
Red River, LA,17722
Richland, LA,17891
Sabine, LA,20292
St. Bernard, LA,18182
St. Charles, LA,25216
St. Helena, LA,17170
St. James, LA,21818
St. John the Baptist, LA,20921
St. Landry, LA,16506
St. Martin, LA,20788
St. Mary, LA,19725
St. Tammany, LA,28587
Tangipahoa, LA,19608
Tensas, LA,15991
Terrebonne, LA,22513
Union, LA,20386
Vermilion, LA,20108
Vernon, LA,20070
Washington, LA,17619
Webster, LA,19459
West Baton Rouge, LA,22309
West Carroll, LA,16086
West Feliciana, LA,19179
Winn, LA,15589
MAINE,,24980
Androscoggin, ME,22102
Aroostook, ME,19379
Cumberland, ME,30159
Franklin, ME,20896
Hancock, ME,26982
Kennebec, ME,24575
Knox, ME,25421
Lincoln, ME,28141
Oxford, ME,21004
Penobscot, ME,22813
Piscataquis, ME,19677
Sagadahoc, ME,26769
Somerset, ME,19546
Waldo, ME,21790
Washington, ME,19114
York, ME,26863
MARYLAND,,34236
Allegany, MD,20246
Anne Arundel, MD,37823
Baltimore, MD,33158
Calvert, MD,35898
Caroline, MD,23531
Carroll, MD,32992
Cecil, MD,28576
Charles, MD,34786
Dorchester, MD,25047
Frederick, MD,34746
Garrett, MD,24068
Harford, MD,33399
Howard, MD,44120
Kent, MD,29262
Montgomery, MD,46122
Prince George's, MD,30917
Queen Anne's, MD,35870
St. Mary's, MD,33242
Somerset, MD,17378
Talbot, MD,39294
Washington, MD,26802
Wicomico, MD,25935
Worcester, MD,31626
Baltimore city, MD,22911
MASSACHUSETTS,,33460
Barnstable, MA,34568
Berkshire, MA,28425
Bristol, MA,27590
Dukes, MA,33465
Essex, MA,33432
Franklin, MA,27305
Hampden, MA,24556
Hampshire, MA,27612
Middlesex, MA,39322
Nantucket, MA,46573
Norfolk, MA,41510
Plymouth, MA,32686
Suffolk, MA,31080
Worcester, MA,29882
MICHIGAN,,25172
Alcona, MI,19807
Alger, MI,20207
Allegan, MI,23270
Alpena, MI,20482
Antrim, MI,24585
Arenac, MI,19013
Baraga, MI,18101
Barry, MI,25133
Bay, MI,23262
Benzie, MI,23225
Berrien, MI,24028
Branch, MI,19562
Calhoun, MI,22521
Cass, MI,23471
Charlevoix, MI,30044
Cheboygan, MI,22540
Chippewa, MI,19856
Clare, MI,18980
Clinton, MI,28494
Crawford, MI,21420
Delta, MI,22330
Dickinson, MI,23278
Eaton, MI,25864
Emmet, MI,28047
Genesee, MI,23093
Gladwin, MI,20465
Gogebic, MI,19427
Grand Traverse, MI,26352
Gratiot, MI,18759
Hillsdale, MI,20283
Houghton, MI,17627
Huron, MI,22301
Ingham, MI,23669
Ionia, MI,19153
Iosco, MI,21444
Iron, MI,20019
Isabella, MI,18744
Jackson, MI,22330
Kalamazoo, MI,24560
Kalkaska, MI,19728
Kent, MI,25018
Keweenaw, MI,19733
Lake, MI,15971
Lapeer, MI,25502
Leelanau, MI,31752
Lenawee, MI,23082
Livingston, MI,32297
Luce, MI,16462
Mackinac, MI,22137
Macomb, MI,27037
Manistee, MI,21915
Marquette, MI,22891
Mason, MI,21726
Mecosta, MI,18633
Menominee, MI,22155
Midland, MI,27915
Missaukee, MI,18938
Monroe, MI,26164
Montcalm, MI,18787
Montmorency, MI,18609
Muskegon, MI,20115
Newaygo, MI,20618
Oakland, MI,36318
Oceana, MI,18183
Ogemaw, MI,18620
Ontonagon, MI,21176
Osceola, MI,17610
Oscoda, MI,19844
Otsego, MI,22823
Ottawa, MI,25676
Presque Isle, MI,21383
Roscommon, MI,19647
Saginaw, MI,21665
St. Clair, MI,24043
St. Joseph, MI,20096
Sanilac, MI,19402
Schoolcraft, MI,19752
Shiawassee, MI,22135
Tuscola, MI,20012
Van Buren, MI,21938
Washtenaw, MI,30792
Wayne, MI,21691
Wexford, MI,20446
MINNESOTA,,29431
Aitkin, MN,22436
Anoka, MN,29329
Becker, MN,24297
Beltrami, MN,20694
Benton, MN,23644
Big Stone, MN,22423
Blue Earth, MN,23088
Brown, MN,24326
Carlton, MN,23526
Carver, MN,35987
Cass, MN,24674
Chippewa, MN,23616
Chisago, MN,25716
Clay, MN,22367
Clearwater, MN,20143
Cook, MN,27962
Cottonwood, MN,23888
Crow Wing, MN,24002
Dakota, MN,34108
Dodge, MN,26323
Douglas, MN,25195
Faribault, MN,22323
Fillmore, MN,23126
Freeborn, MN,23400
Goodhue, MN,26873
Grant, MN,22488
Hennepin, MN,35687
Houston, MN,24720
Hubbard, MN,23872
Isanti, MN,25555
Itasca, MN,23257
Jackson, MN,23471
Kanabec, MN,21417
Kandiyohi, MN,26670
Kittson, MN,24679
Koochiching, MN,25192
Lac qui Parle, MN,23215
Lake, MN,25277
Lake of the Woods, MN,30009
Le Sueur, MN,25730
Lincoln, MN,24460
Lyon, MN,23560
McLeod, MN,26853
Mahnomen, MN,18787
Marshall, MN,23340
Martin, MN,25401
Meeker, MN,23881
Mille Lacs, MN,21550
Morrison, MN,23031
Mower, MN,23871
Murray, MN,23274
Nicollet, MN,25236
Nobles, MN,21656
Norman, MN,22794
Olmsted, MN,32716
Otter Tail, MN,22924
Pennington, MN,21724
Pine, MN,21129
Pipestone, MN,21421
Polk, MN,22415
Pope, MN,25139
Ramsey, MN,29045
Red Lake, MN,22737
Redwood, MN,23033
Renville, MN,23095
Rice, MN,24232
Rock, MN,22732
Roseau, MN,23061
St. Louis, MN,24258
Scott, MN,33750
Sherburne, MN,27586
Sibley, MN,23642
Stearns, MN,24521
Steele, MN,24391
Stevens, MN,22698
Swift, MN,21860
Todd, MN,21390
Traverse, MN,22635
Wabasha, MN,26040
Wadena, MN,19727
Waseca, MN,22957
Washington, MN,36233
Watonwan, MN,21263
Wilkin, MN,23976
Winona, MN,21933
Wright, MN,28176
Yellow Medicine, MN,23216
MISSISSIPPI,,19534
Adams, MS,18479
Alcorn, MS,18277
Amite, MS,16595
Attala, MS,17764
Benton, MS,14157
Bolivar, MS,15051
Calhoun, MS,15458
Carroll, MS,16644
Chickasaw, MS,15932
Choctaw, MS,16921
Claiborne, MS,12179
Clarke, MS,17158
Clay, MS,16194
Coahoma, MS,15148
Copiah, MS,16720
Covington, MS,16675
DeSoto, MS,24435
Forrest, MS,18374
Franklin, MS,21866
George, MS,18505
Greene, MS,14117
Grenada, MS,18296
Hancock, MS,22168
Harrison, MS,22444
Hinds, MS,20992
Holmes, MS,11914
Humphreys, MS,13490
Issaquena, MS,11275
Itawamba, MS,19283
Jackson, MS,22256
Jasper, MS,17015
Jefferson, MS,13388
Jefferson Davis, MS,14915
Jones, MS,18115
Kemper, MS,14805
Lafayette, MS,20768
Lamar, MS,23773
Lauderdale, MS,19725
Lawrence, MS,18606
Leake, MS,14748
Lee, MS,21365
Leflore, MS,12699
Lincoln, MS,20147
Lowndes, MS,20292
Madison, MS,30930
Marion, MS,16502
Marshall, MS,15685
Monroe, MS,18276
Montgomery, MS,16707
Neshoba, MS,17371
Newton, MS,16484
Noxubee, MS,13123
Oktibbeha, MS,18600
Panola, MS,16071
Pearl River, MS,19415
Perry, MS,16863
Pike, MS,17385
Pontotoc, MS,17482
Prentiss, MS,16678
Quitman, MS,12722
Rankin, MS,25971
Scott, MS,15625
Sharkey, MS,15503
Simpson, MS,18112
Smith, MS,17611
Stone, MS,19745
Sunflower, MS,11666
Tallahatchie, MS,12664
Tate, MS,17848
Tippah, MS,15682
Tishomingo, MS,16892
Tunica, MS,14818
Union, MS,17765
Walthall, MS,15701
Warren, MS,21228
Washington, MS,16018
Wayne, MS,16449
Webster, MS,16294
Wilkinson, MS,13426
Winston, MS,16669
Yalobusha, MS,15918
Yazoo, MS,14328
MISSOURI,,24423
Adair, MO,16228
Andrew, MO,23586
Atchison, MO,22936
Audrain, MO,17890
Barry, MO,18583
Barton, MO,18916
Bates, MO,18774
Benton, MO,19452
Bollinger, MO,17625
Boone, MO,24843
Buchanan, MO,20837
Butler, MO,19039
Caldwell, MO,18918
Callaway, MO,21521
Camden, MO,24687
Cape Girardeau, MO,23229
Carroll, MO,23887
Carter, MO,14667
Cass, MO,25740
Cedar, MO,16370
Chariton, MO,20291
Christian, MO,23095
Clark, MO,22825
Clay, MO,27828
Clinton, MO,24130
Cole, MO,25775
Cooper, MO,18556
Crawford, MO,17032
Dade, MO,16763
Dallas, MO,17008
Daviess, MO,20935
DeKalb, MO,20237
Dent, MO,17438
Douglas, MO,15283
Dunklin, MO,16378
Franklin, MO,23469
Gasconade, MO,20788
Gentry, MO,19574
Greene, MO,23282
Grundy, MO,18432
Harrison, MO,18757
Henry, MO,21395
Hickory, MO,17567
Holt, MO,22566
Howard, MO,19625
Howell, MO,16591
Iron, MO,17073
Jackson, MO,24817
Jasper, MO,19513
Jefferson, MO,24609
Johnson, MO,19567
Knox, MO,18434
Laclede, MO,19768
Lafayette, MO,22733
Lawrence, MO,18164
Lewis, MO,18916
Lincoln, MO,20989
Linn, MO,21256
Livingston, MO,20786
McDonald, MO,17056
Macon, MO,18298
Madison, MO,16876
Maries, MO,18809
Marion, MO,19520
Mercer, MO,20032
Miller, MO,17708
Mississippi, MO,16350
Moniteau, MO,19144
Monroe, MO,19953
Montgomery, MO,19913
Morgan, MO,18962
New Madrid, MO,18412
Newton, MO,20947
Nodaway, MO,19411
Oregon, MO,14717
Osage, MO,21326
Ozark, MO,16438
Pemiscot, MO,15866
Perry, MO,21767
Pettis, MO,18884
Phelps, MO,20754
Pike, MO,18729
Platte, MO,33689
Polk, MO,17595
Pulaski, MO,18982
Putnam, MO,20422
Ralls, MO,21089
Randolph, MO,16699
Ray, MO,24040
Reynolds, MO,17506
Ripley, MO,15602
St. Charles, MO,30517
St. Clair, MO,17979
Ste. Genevieve, MO,21970
St. Francois, MO,18224
St. Louis, MO,33236
Saline, MO,18779
Schuyler, MO,18912
Scotland, MO,19916
Scott, MO,19026
Shannon, MO,14548
Shelby, MO,17695
Stoddard, MO,19080
Stone, MO,20691
Sullivan, MO,16332
Taney, MO,20855
Texas, MO,15785
Vernon, MO,17602
Warren, MO,23702
Washington, MO,16081
Wayne, MO,16042
Webster, MO,17332
Worth, MO,18306
Wright, MO,17209
St. Louis city, MO,20818
MONTANA,,22881
Beaverhead, MT,19572
Big Horn, MT,14723
Blaine, MT,16858
Broadwater, MT,20490
Carbon, MT,25123
Carter, MT,22737
Cascade, MT,22585
Chouteau, MT,20518
Custer, MT,21433
Daniels, MT,24202
Dawson, MT,23477
Deer Lodge, MT,20572
Fallon, MT,27391
Fergus, MT,20560
Flathead, MT,23612
Gallatin, MT,25921
Garfield, MT,21151
Glacier, MT,16904
Golden Valley, MT,18321
Granite, MT,20503
Hill, MT,21760
Jefferson, MT,24660
Judith Basin, MT,25442
Lake, MT,19357
Lewis and Clark, MT,25745
Liberty, MT,18213
Lincoln, MT,18224
McCone, MT,21632
Madison, MT,22768
Meagher, MT,18866
Mineral, MT,18787
Missoula, MT,23551
Musselshell, MT,19164
Park, MT,23289
Petroleum, MT,22168
Phillips, MT,22538
Pondera, MT,18431
Powder River, MT,20064
Powell, MT,18039
Prairie, MT,24813
Ravalli, MT,22157
Richland, MT,23912
Roosevelt, MT,16320
Rosebud, MT,19169
Sanders, MT,17759
Sheridan, MT,25050
Silver Bow, MT,20914
Stillwater, MT,26194
Sweet Grass, MT,20672
Teton, MT,20544
Toole, MT,19271
Treasure, MT,20446
Valley, MT,23246
Wheatland, MT,21912
Wibaux, MT,20506
Yellowstone, MT,25062
Yellowstone National Park, MT,0
NEBRASKA,,24568
Adams, NE,22337
Antelope, NE,19915
Arthur, NE,18458
Banner, NE,22254
Blaine, NE,19414
Boone, NE,22360
Box Butte, NE,22990
Boyd, NE,19718
Brown, NE,19367
Buffalo, NE,22470
Burt, NE,23219
Butler, NE,22360
Cass, NE,27162
Cedar, NE,21612
Chase, NE,21340
Cherry, NE,22555
Cheyenne, NE,25878
Clay, NE,20771
Colfax, NE,18384
Cuming, NE,22335
Custer, NE,21346
Dakota, NE,19032
Dawes, NE,16987
Dawson, NE,18853
Deuel, NE,22191
Dixon, NE,19884
Dodge, NE,21900
Douglas, NE,27119
Dundy, NE,25119
Fillmore, NE,21927
Franklin, NE,19740
Frontier, NE,23351
Furnas, NE,21982
Gage, NE,21467
Garden, NE,19290
Garfield, NE,19512
Gosper, NE,23197
Grant, NE,20576
Greeley, NE,19017
Hall, NE,22217
Hamilton, NE,22389
Harlan, NE,24022
Hayes, NE,21318
Hitchcock, NE,20218
Holt, NE,20914
Hooker, NE,21785
Howard, NE,21312
Jefferson, NE,21465
Johnson, NE,18319
Kearney, NE,26478
Keith, NE,24440
Keya Paha, NE,17771
Kimball, NE,21358
Knox, NE,19653
Lancaster, NE,25328
Lincoln, NE,24637
Logan, NE,21656
Loup, NE,18787
McPherson, NE,21747
Madison, NE,22465
Merrick, NE,22201
Morrill, NE,21231
Nance, NE,19678
Nemaha, NE,21914
Nuckolls, NE,21245
Otoe, NE,23112
Pawnee, NE,20801
Perkins, NE,22997
Phelps, NE,23158
Pierce, NE,21051
Platte, NE,23085
Polk, NE,24346
Red Willow, NE,20612
Richardson, NE,20622
Rock, NE,23209
Saline, NE,20953
Sarpy, NE,28322
Saunders, NE,26423
Scotts Bluff, NE,20658
Seward, NE,24700
Sheridan, NE,19955
Sherman, NE,21021
Sioux, NE,24837
Stanton, NE,21495
Thayer, NE,21692
Thomas, NE,30230
Thurston, NE,15178
Valley, NE,20575
Washington, NE,27631
Wayne, NE,18540
Webster, NE,17782
Wheeler, NE,32717
York, NE,24028
NEVADA,,27395
Churchill, NV,22347
Clark, NV,27395
Douglas, NV,34645
Elko, NV,25771
Esmeralda, NV,30763
Eureka, NV,29080
Humboldt, NV,24711
Lander, NV,23233
Lincoln, NV,16272
Lyon, NV,19467
Mineral, NV,23243
Nye, NV,21283
Pershing, NV,16052
Storey, NV,28673
Washoe, NV,29348
White Pine, NV,22960
Carson City city, NV,27113
NEW HAMPSHIRE,,30640
Belknap, NH,27715
Carroll, NH,27594
Cheshire, NH,27423
Coos, NH,22855
Grafton, NH,27456
Hillsborough, NH,32039
Merrimack, NH,29699
Rockingham, NH,35016
Strafford, NH,27257
Sullivan, NH,25592
NEW JERSEY,,34566
Atlantic, NJ,27634
Bergen, NJ,42174
Burlington, NJ,34165
Camden, NJ,29112
Cape May, NJ,33371
Cumberland, NJ,21758
Essex, NJ,30991
Gloucester, NJ,30843
Hudson, NJ,30573
Hunterdon, NJ,48291
Mercer, NJ,35870
Middlesex, NJ,33022
Monmouth, NJ,39995
Morris, NJ,46764
Ocean, NJ,29922
Passaic, NJ,25808
Salem, NJ,27391
Somerset, NJ,46835
Sussex, NJ,35047
Union, NJ,33670
Warren, NJ,32600
NEW MEXICO,,22461
Bernalillo, NM,25830
Catron, NM,20978
Chaves, NM,18366
Cibola, NM,14412
Colfax, NM,21923
Curry, NM,19523
De Baca, NM,19393
Dona Ana, NM,17639
Eddy, NM,23957
Grant, NM,19916
Guadalupe, NM,15023
Harding, NM,19390
Hidalgo, NM,17581
Lea, NM,19865
Lincoln, NM,24062
Los Alamos, NM,47848
Luna, NM,14739
McKinley, NM,13029
Mora, NM,20432
Otero, NM,18624
Quay, NM,17756
Rio Arriba, NM,19134
Roosevelt, NM,16281
Sandoval, NM,25205
San Juan, NM,20029
San Miguel, NM,17278
Santa Fe, NM,30714
Sierra, NM,17661
Socorro, NM,17256
Taos, NM,21720
Torrance, NM,17327
Union, NM,18174
Valencia, NM,19805
NEW YORK,,30634
Albany, NY,30063
Allegany, NY,19440
Bronx, NY,17301
Broome, NY,24432
Cattaraugus, NY,20508
Cayuga, NY,22705
Chautauqua, NY,21023
Chemung, NY,22691
Chenango, NY,22496
Clinton, NY,22804
Columbia, NY,31093
Cortland, NY,21633
Delaware, NY,22199
Dutchess, NY,30637
Erie, NY,26256
Essex, NY,24244
Franklin, NY,19170
Fulton, NY,22234
Genesee, NY,23241
Greene, NY,23392
Hamilton, NY,27408
Herkimer, NY,21819
Jefferson, NY,21391
Kings, NY,22959
Lewis, NY,21249
Livingston, NY,22152
Madison, NY,23738
Monroe, NY,26698
Montgomery, NY,22103
Nassau, NY,40515
New York, NY,60047
Niagara, NY,24035
Oneida, NY,23224
Onondaga, NY,27038
Ontario, NY,28022
Orange, NY,28272
Orleans, NY,20141
Oswego, NY,21362
Otsego, NY,22255
Putnam, NY,36637
Queens, NY,25268
Rensselaer, NY,27289
Richmond, NY,30603
Rockland, NY,34071
St. Lawrence, NY,19427
Saratoga, NY,31554
Schenectady, NY,27308
Schoharie, NY,23667
Schuyler, NY,21704
Seneca, NY,21230
Steuben, NY,22739
Suffolk, NY,35062
Sullivan, NY,23491
Tioga, NY,24034
Tompkins, NY,24409
Ulster, NY,28619
Warren, NY,27014
Washington, NY,21772
Wayne, NY,23845
Westchester, NY,47204
Wyoming, NY,20397
Yates, NY,22408
NORTH CAROLINA,,24547
Alamance, NC,22509
Alexander, NC,20453
Alleghany, NC,19944
Anson, NC,16974
Ashe, NC,20706
Avery, NC,24915
Beaufort, NC,22220
Bertie, NC,17058
Bladen, NC,16938
Brunswick, NC,25993
Buncombe, NC,26209
Burke, NC,18341
Cabarrus, NC,26128
Caldwell, NC,19860
Camden, NC,24639
Carteret, NC,26588
Caswell, NC,17443
Catawba, NC,22789
Chatham, NC,28448
Cherokee, NC,19953
Chowan, NC,19994
Clay, NC,22042
Cleveland, NC,18978
Columbus, NC,18189
Craven, NC,23968
Cumberland, NC,21728
Currituck, NC,25210
Dare, NC,30763
Davidson, NC,22042
Davie, NC,25929
Duplin, NC,16333
Durham, NC,27698
Edgecombe, NC,16417
Forsyth, NC,26189
Franklin, NC,20537
Gaston, NC,21955
Gates, NC,19337
Graham, NC,17652
Granville, NC,21201
Greene, NC,17275
Guilford, NC,26389
Halifax, NC,17162
Harnett, NC,19338
Haywood, NC,23514
Henderson, NC,25312
Hertford, NC,16149
Hoke, NC,16831
Hyde, NC,16314
Iredell, NC,25018
Jackson, NC,20219
Johnston, NC,22661
Jones, NC,18752
Lee, NC,20641
Lenoir, NC,18877
Lincoln, NC,22734
McDowell, NC,18773
Macon, NC,25751
Madison, NC,18717
Martin, NC,18053
Mecklenburg, NC,32432
Mitchell, NC,18522
Montgomery, NC,17308
Moore, NC,24072
Nash, NC,23327
New Hanover, NC,29148
Northampton, NC,16956
Onslow, NC,20783
Orange, NC,32198
Pamlico, NC,21669
Pasquotank, NC,21077
Pender, NC,21952
Perquimans, NC,20532
Person, NC,22016
Pitt, NC,21622
Polk, NC,22513
Randolph, NC,20978
Richmond, NC,17635
Robeson, NC,15128
Rockingham, NC,20284
Rowan, NC,21779
Rutherford, NC,19030
Sampson, NC,18295
Scotland, NC,16612
Stanly, NC,20917
Stokes, NC,20117
Surry, NC,19868
Swain, NC,18742
Transylvania, NC,23740
Tyrrell, NC,17033
Union, NC,27649
Vance, NC,17510
Wake, NC,32234
Warren, NC,18037
Washington, NC,17716
Watauga, NC,21534
Wayne, NC,20036
Wilkes, NC,19578
Wilson, NC,20698
Yadkin, NC,19597
Yancey, NC,17939
NORTH DAKOTA,,24978
Adams, ND,19846
Barnes, ND,25243
Benson, ND,13726
Billings, ND,31548
Bottineau, ND,25000
Bowman, ND,27673
Burke, ND,29507
Burleigh, ND,27706
Cass, ND,27476
Cavalier, ND,27139
Dickey, ND,20684
Divide, ND,27954
Dunn, ND,25006
Eddy, ND,20104
Emmons, ND,21002
Foster, ND,28423
Golden Valley, ND,20916
Grand Forks, ND,22905
Grant, ND,25104
Griggs, ND,25235
Hettinger, ND,24695
Kidder, ND,23896
LaMoure, ND,25696
Logan, ND,21094
McHenry, ND,23172
McIntosh, ND,21922
McKenzie, ND,26100
McLean, ND,25694
Mercer, ND,29900
Morton, ND,24122
Mountrail, ND,22928
Nelson, ND,23040
Oliver, ND,29706
Pembina, ND,25756
Pierce, ND,17346
Ramsey, ND,24224
Ransom, ND,22344
Renville, ND,24545
Richland, ND,22877
Rolette, ND,14121
Sargent, ND,25501
Sheridan, ND,24287
Sioux, ND,11288
Slope, ND,22301
Stark, ND,23810
Steele, ND,30873
Stutsman, ND,22990
Towner, ND,23380
Traill, ND,22980
Walsh, ND,23956
Ward, ND,25353
Wells, ND,23458
Williams, ND,27293
OHIO,,24830
Adams, OH,17778
Allen, OH,21781
Ashland, OH,20529
Ashtabula, OH,19765
Athens, OH,16287
Auglaize, OH,25185
Belmont, OH,19991
Brown, OH,19989
Butler, OH,25484
Carroll, OH,21447
Champaign, OH,22953
Clark, OH,22147
Clermont, OH,27497
Clinton, OH,22340
Columbiana, OH,19785
Coshocton, OH,19620
Crawford, OH,21100
Cuyahoga, OH,25788
Darke, OH,21901
Defiance, OH,21978
Delaware, OH,38878
Erie, OH,24774
Fairfield, OH,25810
Fayette, OH,21031
Franklin, OH,27002
Fulton, OH,22578
Gallia, OH,18770
Geauga, OH,32554
Greene, OH,28115
Guernsey, OH,19349
Hamilton, OH,27968
Hancock, OH,25273
Hardin, OH,19530
Harrison, OH,19816
Henry, OH,22427
Highland, OH,19332
Hocking, OH,19257
Holmes, OH,17427
Huron, OH,21485
Jackson, OH,18484
Jefferson, OH,20518
Knox, OH,20362
Lake, OH,27514
Lawrence, OH,18932
Licking, OH,25593
Logan, OH,23421
Lorain, OH,24605
Lucas, OH,23221
Madison, OH,24076
Mahoning, OH,22390
Marion, OH,19546
Medina, OH,29604
Meigs, OH,18371
Mercer, OH,22373
Miami, OH,24904
Monroe, OH,18248
Montgomery, OH,24642
Morgan, OH,17526
Morrow, OH,20537
Muskingum, OH,20469
Noble, OH,18703
Ottawa, OH,27712
Paulding, OH,21019
Perry, OH,18913
Pickaway, OH,20906
Pike, OH,17370
Portage, OH,24594
Preble, OH,22922
Putnam, OH,23393
Richland, OH,21607
Ross, OH,19897
Sandusky, OH,22143
Scioto, OH,17547
Seneca, OH,20954
Shelby, OH,22417
Stark, OH,23660
Summit, OH,26613
Trumbull, OH,22013
Tuscarawas, OH,20676
Union, OH,27104
Van Wert, OH,21174
Vinton, OH,16056
Warren, OH,31506
Washington, OH,22256
Wayne, OH,22708
Williams, OH,21369
Wood, OH,25897
Wyandot, OH,22395
OKLAHOMA,,22561
Adair, OK,13112
Alfalfa, OK,20512
Atoka, OK,15995
Beaver, OK,24923
Beckham, OK,21101
Blaine, OK,17887
Bryan, OK,18051
Caddo, OK,16917
Canadian, OK,25995
Carter, OK,20184
Cherokee, OK,15850
Choctaw, OK,16486
Cimarron, OK,18364
Cleveland, OK,25427
Coal, OK,16827
Comanche, OK,20015
Cotton, OK,20410
Craig, OK,18336
Creek, OK,20937
Custer, OK,20504
Delaware, OK,20544
Dewey, OK,21388
Ellis, OK,22510
Garfield, OK,22269
Garvin, OK,20367
Grady, OK,21359
Grant, OK,23406
Greer, OK,14246
Harmon, OK,16207
Harper, OK,24765
Haskell, OK,18000
Hughes, OK,17346
Jackson, OK,20465
Jefferson, OK,17619
Johnston, OK,17093
Kay, OK,20487
Kingfisher, OK,23320
Kiowa, OK,18713
Latimer, OK,19586
Le Flore, OK,17251
Lincoln, OK,20405
Logan, OK,23348
Love, OK,20381
McClain, OK,22986
McCurtain, OK,18267
McIntosh, OK,15903
Major, OK,23560
Marshall, OK,17679
Mayes, OK,19199
Murray, OK,19935
Muskogee, OK,18609
Noble, OK,19984
Nowata, OK,20802
Okfuskee, OK,14619
Oklahoma, OK,25270
Okmulgee, OK,18622
Osage, OK,21492
Ottawa, OK,17539
Pawnee, OK,19639
Payne, OK,18870
Pittsburg, OK,20128
Pontotoc, OK,20715
Pottawatomie, OK,19003
Pushmataha, OK,15239
Roger Mills, OK,27915
Rogers, OK,24171
Seminole, OK,16781
Sequoyah, OK,17099
Stephens, OK,22509
Texas, OK,18870
Tillman, OK,15478
Tulsa, OK,26226
Wagoner, OK,23776
Washington, OK,25545
Washita, OK,20956
Woods, OK,22664
Woodward, OK,23095
OREGON,,25893
Baker, OR,22305
Benton, OR,25618
Clackamas, OR,31753
Clatsop, OR,25021
Columbia, OR,24452
Coos, OR,21680
Crook, OR,21921
Curry, OR,23556
Deschutes, OR,28002
Douglas, OR,21175
Gilliam, OR,25349
Grant, OR,22082
Harney, OR,22802
Hood River, OR,22759
Jackson, OR,24182
Jefferson, OR,18889
Josephine, OR,21256
Klamath, OR,21770
Lake, OR,19817
Lane, OR,23256
Lincoln, OR,23469
Linn, OR,22246
Malheur, OR,16552
Marion, OR,21982
Morrow, OR,18985
Multnomah, OR,28496
Polk, OR,23777
Sherman, OR,20314
Tillamook, OR,22041
Umatilla, OR,19676
Union, OR,22009
Wallowa, OR,24887
Wasco, OR,21774
Washington, OR,30020
Wheeler, OR,22289
Yamhill, OR,23928
PENNSYLVANIA,,26678
Adams, PA,24783
Allegheny, PA,28825
Armstrong, PA,21137
Beaver, PA,23681
Bedford, PA,20340
Berks, PA,25365
Blair, PA,21982
Bradford, PA,20557
Bucks, PA,35039
Butler, PA,27646
Cambria, PA,20782
Cameron, PA,21066
Carbon, PA,22600
Centre, PA,22949
Chester, PA,40763
Clarion, PA,19945
Clearfield, PA,-888888888
Clinton, PA,19318
Columbia, PA,21519
Crawford, PA,20516
Cumberland, PA,29820
Dauphin, PA,27402
Delaware, PA,31819
Elk, PA,22762
Erie, PA,22358
Fayette, PA,19100
Forest, PA,14675
Franklin, PA,25227
Fulton, PA,21357
Greene, PA,19832
Huntingdon, PA,20430
Indiana, PA,19815
Jefferson, PA,20263
Juniata, PA,20766
Lackawanna, PA,23774
Lancaster, PA,25813
Lawrence, PA,21427
Lebanon, PA,24949
Lehigh, PA,27588
Luzerne, PA,23166
Lycoming, PA,21887
McKean, PA,21205
Mercer, PA,21661
Mifflin, PA,18733
Monroe, PA,24938
Montgomery, PA,39511
Montour, PA,26472
Northampton, PA,28171
Northumberland, PA,20765
Perry, PA,23032
Philadelphia, PA,20882
Pike, PA,27408
Potter, PA,19654
Schuylkill, PA,21309
Snyder, PA,20910
Somerset, PA,19901
Sullivan, PA,19506
Susquehanna, PA,21713
Tioga, PA,20178
Union, PA,21023
Venango, PA,20721
Warren, PA,21666
Washington, PA,25599
Wayne, PA,22315
Westmoreland, PA,25344
Wyoming, PA,21895
York, PA,26724
RHODE ISLAND,,28638
Bristol, RI,35512
Kent, RI,31466
Newport, RI,36199
Providence, RI,25136
Washington, RI,34656
SOUTH CAROLINA,,23196
Abbeville, SC,16772
Aiken, SC,23960
Allendale, SC,14298
Anderson, SC,22110
Bamberg, SC,14549
Barnwell, SC,18239
Beaufort, SC,32116
Berkeley, SC,21979
Calhoun, SC,20960
Charleston, SC,28963
Cherokee, SC,18052
Chester, SC,17798
Chesterfield, SC,17582
Clarendon, SC,16532
Colleton, SC,17784
Darlington, SC,19794
Dillon, SC,14074
Dorchester, SC,23505
Edgefield, SC,20089
Fairfield, SC,18491
Florence, SC,21538
Georgetown, SC,24147
Greenville, SC,25390
Greenwood, SC,21630
Hampton, SC,15438
Horry, SC,24790
Jasper, SC,17162
Kershaw, SC,22011
Lancaster, SC,18929
Laurens, SC,18650
Lee, SC,13185
Lexington, SC,25819
McCormick, SC,18537
Marion, SC,15892
Marlboro, SC,12981
Newberry, SC,20237
Oconee, SC,23411
Orangeburg, SC,17612
Pickens, SC,20626
Richland, SC,25865
Saluda, SC,19522
Spartanburg, SC,22230
Sumter, SC,19025
Union, SC,17990
Williamsburg, SC,14636
York, SC,25674
SOUTH DAKOTA,,23445
Aurora, SD,21196
Beadle, SD,24008
Bennett, SD,15551
Bon Homme, SD,18786
Brookings, SD,20363
Brown, SD,23801
Brule, SD,19272
Buffalo, SD,9820
Butte, SD,18717
Campbell, SD,22549
Charles Mix, SD,17155
Clark, SD,22386
Clay, SD,17887
Codington, SD,25003
Corson, SD,12229
Custer, SD,24156
Davison, SD,24088
Day, SD,19959
Deuel, SD,22243
Dewey, SD,15732
Douglas, SD,20971
Edmunds, SD,24441
Fall River, SD,21810
Faulk, SD,21613
Grant, SD,22705
Gregory, SD,21711
Haakon, SD,26627
Hamlin, SD,20972
Hand, SD,24721
Hanson, SD,21892
Harding, SD,25323
Hughes, SD,27260
Hutchinson, SD,22917
Hyde, SD,20482
Jackson, SD,14146
Jerauld, SD,23358
Jones, SD,23894
Kingsbury, SD,23948
Lake, SD,22655
Lawrence, SD,23114
Lincoln, SD,28307
Lyman, SD,15738
McCook, SD,26354
McPherson, SD,17733
Marshall, SD,20656
Meade, SD,21737
Mellette, SD,17338
Miner, SD,22889
Minnehaha, SD,25836
Moody, SD,24367
Pennington, SD,25310
Perkins, SD,26296
Potter, SD,23582
Roberts, SD,19263
Sanborn, SD,21260
Shannon, SD,7880
Spink, SD,25899
Stanley, SD,29532
Sully, SD,26241
Todd, SD,11075
Tripp, SD,20639
Turner, SD,23886
Union, SD,33662
Walworth, SD,21176
Yankton, SD,23511
Ziebach, SD,11517
TENNESSEE,,23557
Anderson, TN,23260
Bedford, TN,18061
Benton, TN,19706
Bledsoe, TN,13615
Blount, TN,24100
Bradley, TN,21832
Campbell, TN,16390
Cannon, TN,17540
Carroll, TN,19333
Carter, TN,17567
Cheatham, TN,23724
Chester, TN,17770
Claiborne, TN,17225
Clay, TN,17250
Cocke, TN,17115
Coffee, TN,20571
Crockett, TN,20097
Cumberland, TN,20019
Davidson, TN,27797
Decatur, TN,18258
DeKalb, TN,17306
Dickson, TN,21953
Dyer, TN,18952
Fayette, TN,25778
Fentress, TN,16638
Franklin, TN,20851
Gibson, TN,20005
Giles, TN,20339
Grainger, TN,17064
Greene, TN,18355
Grundy, TN,14415
Hamblen, TN,20843
Hamilton, TN,26400
Hancock, TN,12810
Hardeman, TN,16782
Hardin, TN,17763
Hawkins, TN,18020
Haywood, TN,16359
Henderson, TN,19792
Henry, TN,20420
Hickman, TN,17174
Houston, TN,16865
Humphreys, TN,21107
Jackson, TN,17815
Jefferson, TN,19682
Johnson, TN,16605
Knox, TN,26784
Lake, TN,11110
Lauderdale, TN,15890
Lawrence, TN,17715
Lewis, TN,16487
Lincoln, TN,22523
Loudon, TN,26559
McMinn, TN,19419
McNairy, TN,18542
Macon, TN,17201
Madison, TN,22482
Marion, TN,20902
Marshall, TN,20296
Maury, TN,22641
Meigs, TN,18952
Monroe, TN,17525
Montgomery, TN,22308
Moore, TN,27510
Morgan, TN,16650
Obion, TN,20164
Overton, TN,17927
Perry, TN,16367
Pickett, TN,16588
Polk, TN,18363
Putnam, TN,18892
Rhea, TN,17129
Roane, TN,22425
Robertson, TN,22284
Rutherford, TN,24789
Scott, TN,14777
Sequatchie, TN,17970
Sevier, TN,20916
Shelby, TN,25050
Smith, TN,21846
Stewart, TN,19067
Sullivan, TN,22969
Sumner, TN,25997
Tipton, TN,22006
Trousdale, TN,20120
Unicoi, TN,20497
Union, TN,16347
Van Buren, TN,15650
Warren, TN,18311
Washington, TN,23438
Wayne, TN,15401
Weakley, TN,19566
White, TN,17176
Williamson, TN,41188
Wilson, TN,27976
TEXAS,,24318
Anderson, TX,16576
Andrews, TX,26176
Angelina, TX,19907
Aransas, TX,24950
Archer, TX,24290
Armstrong, TX,24496
Atascosa, TX,17815
Austin, TX,25158
Bailey, TX,16578
Bandera, TX,23055
Bastrop, TX,21650
Baylor, TX,24460
Bee, TX,13798
Bell, TX,22002
Bexar, TX,22557
Blanco, TX,27176
Borden, TX,38606
Bosque, TX,20106
Bowie, TX,21638
Brazoria, TX,27208
Brazos, TX,19763
Brewster, TX,20289
Briscoe, TX,17389
Brooks, TX,14720
Brown, TX,20417
Burleson, TX,20599
Burnet, TX,23910
Caldwell, TX,17838
Calhoun, TX,20468
Callahan, TX,22103
Cameron, TX,13474
Camp, TX,18451
Carson, TX,23879
Cass, TX,20456
Castro, TX,16698
Chambers, TX,27166
Cherokee, TX,17428
Childress, TX,15422
Clay, TX,24725
Cochran, TX,18857
Coke, TX,17968
Coleman, TX,16458
Collin, TX,37382
Collingsworth, TX,20144
Colorado, TX,22135
Comal, TX,30327
Comanche, TX,18348
Concho, TX,17692
Cooke, TX,23428
Coryell, TX,18688
Cottle, TX,17088
Crane, TX,20063
Crockett, TX,22719
Crosby, TX,17883
Culberson, TX,18609
Dallam, TX,17527
Dallas, TX,25703
Dawson, TX,15335
Deaf Smith, TX,16537
Delta, TX,20721
Denton, TX,30960
DeWitt, TX,19265
Dickens, TX,17430
Dimmit, TX,13077
Donley, TX,18500
Duval, TX,14169
Eastland, TX,18299
Ector, TX,21828
Edwards, TX,26845
Ellis, TX,24250
El Paso, TX,16285
Erath, TX,20092
Falls, TX,15448
Fannin, TX,19397
Fayette, TX,24931
Fisher, TX,21143
Floyd, TX,17680
Foard, TX,17609
Fort Bend, TX,30541
Franklin, TX,22076
Freestone, TX,22568
Frio, TX,14262
Gaines, TX,21079
Galveston, TX,27768
Garza, TX,13464
Gillespie, TX,27069
Glasscock, TX,23093
Goliad, TX,26392
Gonzales, TX,18298
Gray, TX,19796
Grayson, TX,22778
Gregg, TX,23335
Grimes, TX,17601
Guadalupe, TX,24484
Hale, TX,16298
Hall, TX,19554
Hamilton, TX,22482
Hansford, TX,19142
Hardeman, TX,17751
Hardin, TX,23551
Harris, TX,26498
Harrison, TX,20776
Hartley, TX,20976
Haskell, TX,21016
Hays, TX,23984
Hemphill, TX,30199
Henderson, TX,21042
Hidalgo, TX,13130
Hill, TX,19466
Hockley, TX,19666
Hood, TX,28023
Hopkins, TX,20937
Houston, TX,18342
Howard, TX,18083
Hudspeth, TX,13806
Hunt, TX,21276
Hutchinson, TX,21209
Irion, TX,26328
Jack, TX,21112
Jackson, TX,23563
Jasper, TX,18900
Jeff Davis, TX,20970
Jefferson, TX,21670
Jim Hogg, TX,13412
Jim Wells, TX,15799
Johnson, TX,22846
Jones, TX,15847
Karnes, TX,16388
Kaufman, TX,22232
Kendall, TX,38147
Kenedy, TX,12892
Kent, TX,29389
Kerr, TX,24529
Kimble, TX,26598
King, TX,32407
Kinney, TX,16857
Kleberg, TX,17941
Knox, TX,22887
Lamar, TX,20590
Lamb, TX,17664
Lampasas, TX,20562
La Salle, TX,14483
Lavaca, TX,23249
Lee, TX,22247
Leon, TX,21637
Liberty, TX,18571
Limestone, TX,16782
Lipscomb, TX,24041
Live Oak, TX,20644
Llano, TX,28342
Loving, TX,40046
Lubbock, TX,21939
Lynn, TX,20184
McCulloch, TX,21657
McLennan, TX,20160
McMullen, TX,20247
Madison, TX,14159
Marion, TX,19082
Martin, TX,21806
Mason, TX,25168
Matagorda, TX,21396
Maverick, TX,12438
Medina, TX,19096
Menard, TX,23323
Midland, TX,29084
Milam, TX,20870
Mills, TX,18905
Mitchell, TX,15058
Montague, TX,21485
Montgomery, TX,30909
Moore, TX,18527
Morris, TX,20113
Motley, TX,18893
Nacogdoches, TX,17806
Navarro, TX,19292
Newton, TX,17800
Nolan, TX,19820
Nueces, TX,21979
Ochiltree, TX,21530
Oldham, TX,21180
Orange, TX,22826
Palo Pinto, TX,20946
Panola, TX,21944
Parker, TX,26143
Parmer, TX,16339
Pecos, TX,15939
Polk, TX,16435
Potter, TX,18470
Presidio, TX,16813
Rains, TX,20146
Randall, TX,27699
Reagan, TX,23369
Real, TX,17399
Red River, TX,19516
Reeves, TX,14574
Refugio, TX,17894
Roberts, TX,30884
Robertson, TX,21357
Rockwall, TX,32612
Runnels, TX,20572
Rusk, TX,22063
Sabine, TX,18150
San Augustine, TX,16301
San Jacinto, TX,19304
San Patricio, TX,20196
San Saba, TX,19117
Schleicher, TX,23083
Scurry, TX,20062
Shackelford, TX,21357
Shelby, TX,19127
Sherman, TX,19500
Smith, TX,24130
Somervell, TX,23713
Starr, TX,9717
Stephens, TX,19248
Sterling, TX,20716
Stonewall, TX,23143
Sutton, TX,24266
Swisher, TX,16263
Tarrant, TX,26957
Taylor, TX,21581
Terrell, TX,24052
Terry, TX,20576
Throckmorton, TX,20075
Titus, TX,17520
Tom Green, TX,21483
Travis, TX,31758
Trinity, TX,19125
Tyler, TX,18340
Upshur, TX,20969
Upton, TX,18972
Uvalde, TX,16873
Val Verde, TX,15118
Van Zandt, TX,21111
Victoria, TX,23219
Walker, TX,13988
Waller, TX,21577
Ward, TX,18849
Washington, TX,25164
Webb, TX,13617
Wharton, TX,21033
Wheeler, TX,26444
Wichita, TX,22529
Wilbarger, TX,18914
Willacy, TX,10242
Williamson, TX,28536
Wilson, TX,22710
Winkler, TX,18982
Wise, TX,23135
Wood, TX,20329
Yoakum, TX,19666
Young, TX,24970
Zapata, TX,12496
Zavala, TX,10706
UTAH,,22684
Beaver, UT,16263
Box Elder, UT,20299
Cache, UT,18755
Carbon, UT,20055
Daggett, UT,22806
Davis, UT,25001
Duchesne, UT,19929
Emery, UT,18752
Garfield, UT,23772
Grand, UT,19152
Iron, UT,16508
Juab, UT,17772
Kane, UT,24515
Millard, UT,18897
Morgan, UT,25595
Piute, UT,16028
Rich, UT,21100
Salt Lake, UT,24911
San Juan, UT,14024
Sanpete, UT,15067
Sevier, UT,18497
Summit, UT,38610
Tooele, UT,21883
Uintah, UT,23768
Utah, UT,19125
Wasatch, UT,26040
Washington, UT,21501
Wayne, UT,19730
Weber, UT,22326
VERMONT,,27036
Addison, VT,25849
Bennington, VT,27072
Caledonia, VT,22334
Chittenden, VT,30685
Essex, VT,19873
Franklin, VT,24393
Grand Isle, VT,30558
Lamoille, VT,25683
Orange, VT,25197
Orleans, VT,20391
Rutland, VT,24987
Washington, VT,28136
Windham, VT,26725
Windsor, VT,29269
VIRGINIA,,31606
Accomack, VA,22013
Albemarle, VA,35532
Alleghany, VA,21936
Amelia, VA,22832
Amherst, VA,21463
Appomattox, VA,22268
Arlington, VA,55514
Augusta, VA,23560
Bath, VA,21645
Bedford, VA,27630
Bland, VA,20353
Botetourt, VA,28717
Brunswick, VA,17376
Buchanan, VA,16185
Buckingham, VA,20133
Campbell, VA,22629
Caroline, VA,24705
Carroll, VA,17942
Charles City, VA,25223
Charlotte, VA,17818
Chesterfield, VA,31789
Clarke, VA,32083
Craig, VA,22642
Culpeper, VA,26707
Cumberland, VA,19605
Dickenson, VA,16333
Dinwiddie, VA,23679
Essex, VA,24244
Fairfax, VA,48140
Fauquier, VA,38317
Floyd, VA,20171
Fluvanna, VA,27628
Franklin, VA,23425
Frederick, VA,28182
Giles, VA,20570
Gloucester, VA,27021
Goochland, VA,34020
Grayson, VA,19602
Greene, VA,24692
Greensville, VA,17824
Halifax, VA,19960
Hanover, VA,33696
Henrico, VA,32822
Henry, VA,18945
Highland, VA,24632
Isle of Wight, VA,29179
James City, VA,37989
King and Queen, VA,23518
King George, VA,30995
King William, VA,26538
Lancaster, VA,27921
Lee, VA,16317
Loudoun, VA,44788
Louisa, VA,26433
Lunenburg, VA,17790
Madison, VA,25489
Mathews, VA,25159
Mecklenburg, VA,19727
Middlesex, VA,28332
Montgomery, VA,21271
Nelson, VA,25911
New Kent, VA,31488
Northampton, VA,21872
Northumberland, VA,29036
Nottoway, VA,20478
Orange, VA,27716
Page, VA,23399
Patrick, VA,18694
Pittsylvania, VA,20668
Powhatan, VA,24926
Prince Edward, VA,17526
Prince George, VA,25712
Prince William, VA,35681
Pulaski, VA,20677
Rappahannock, VA,33244
Richmond, VA,20768
Roanoke, VA,30338
Rockbridge, VA,23401
Rockingham, VA,24656
Russell, VA,17288
Scott, VA,18153
Shenandoah, VA,24245
Smyth, VA,19819
Southampton, VA,21176
Spotsylvania, VA,30735
Stafford, VA,34135
Surry, VA,24132
Sussex, VA,17299
Tazewell, VA,19388
Warren, VA,29150
Washington, VA,22789
Westmoreland, VA,26316
Wise, VA,17512
Wythe, VA,20074
York, VA,34723
Alexandria, VA,51492
Bedford, VA,19056
Bristol, VA,19764
Buena Vista, VA,19743
Charlottesville, VA,23601
Chesapeake, VA,28890
Clifton Forge, VA,0
Colonial Heights, VA,25359
Covington, VA,19228
Danville, VA,19074
Emporia, VA,19990
Fairfax, VA,42018
Falls Church, VA,52303
Franklin, VA,20228
Fredericksburg, VA,27569
Galax, VA,18726
Hampton, VA,23738
Harrisonburg, VA,15965
Hopewell, VA,19278
Lexington, VA,17248
Lynchburg, VA,21548
Manassas, VA,29642
Manassas Park, VA,27990
Martinsville, VA,17797
Newport News, VA,23454
Norfolk, VA,23294
Norton, VA,20932
Petersburg, VA,18963
Poquoson, VA,35228
Portsmouth, VA,22268
Radford, VA,15459
Richmond, VA,26022
Roanoke, VA,22883
Salem, VA,26182
South Boston, VA,0
Staunton, VA,22406
Suffolk, VA,28400
Virginia Beach, VA,30415
Waynesboro, VA,22666
Williamsburg, VA,19898
Winchester, VA,26310
WASHINGTON,,29320
Adams, WA,17013
Asotin, WA,22640
Benton, WA,26250
Chelan, WA,23339
Clallam, WA,24216
Clark, WA,27382
Columbia, WA,25334
Cowlitz, WA,22679
Douglas, WA,22522
Ferry, WA,16283
Franklin, WA,18671
Garfield, WA,21113
Grant, WA,19205
Grays Harbor, WA,21295
Island, WA,27572
Jefferson, WA,27258
King, WA,37797
Kitsap, WA,29659
Kittitas, WA,22451
Klickitat, WA,20481
Lewis, WA,21689
Lincoln, WA,24127
Mason, WA,22152
Okanogan, WA,19367
Pacific, WA,21873
Pend Oreille, WA,21502
Pierce, WA,27265
San Juan, WA,35483
Skagit, WA,25956
Skamania, WA,22893
Snohomish, WA,30483
Spokane, WA,24662
Stevens, WA,20531
Thurston, WA,29385
Wahkiakum, WA,22968
Walla Walla, WA,21783
Whatcom, WA,25021
Whitman, WA,18552
Yakima, WA,18562
WEST VIRGINIA,,20891
Barbour, WV,16690
Berkeley, WV,25140
Boone, WV,20158
Braxton, WV,18263
Brooke, WV,22425
Cabell, WV,21697
Calhoun, WV,17340
Clay, WV,16003
Doddridge, WV,15351
Fayette, WV,17711
Gilmer, WV,12367
Grant, WV,18738
Greenbrier, WV,19113
Hampshire, WV,17965
Hancock, WV,23287
Hardy, WV,18403
Harrison, WV,20736
Jackson, WV,20811
Jefferson, WV,30447
Kanawha, WV,24816
Lewis, WV,17301
Lincoln, WV,16048
Logan, WV,17813
McDowell, WV,12585
Marion, WV,19774
Marshall, WV,18989
Mason, WV,19810
Mercer, WV,17943
Mineral, WV,22059
Mingo, WV,17323
Monongalia, WV,21659
Monroe, WV,19016
Morgan, WV,20759
Nicholas, WV,19350
Ohio, WV,23342
Pendleton, WV,20570
Pleasants, WV,18696
Pocahontas, WV,18666
Preston, WV,18011
Putnam, WV,25215
Raleigh, WV,20598
Randolph, WV,17421
Ritchie, WV,19092
Roane, WV,15500
Summers, WV,15531
Taylor, WV,19266
Tucker, WV,18864
Tyler, WV,19399
Upshur, WV,18591
Wayne, WV,18893
Webster, WV,16175
Wetzel, WV,19690
Wirt, WV,17717
Wood, WV,22166
Wyoming, WV,16693
WISCONSIN,,26447
Adams, WI,21724
Ashland, WI,19159
Barron, WI,22879
Bayfield, WI,23902
Brown, WI,26885
Buffalo, WI,22904
Burnett, WI,22907
Calumet, WI,27218
Chippewa, WI,23778
Clark, WI,19670
Columbia, WI,26594
Crawford, WI,21367
Dane, WI,31846
Dodge, WI,23765
Door, WI,28081
Douglas, WI,23296
Dunn, WI,21505
Eau Claire, WI,24326
Florence, WI,20180
Fond du Lac, WI,25165
Forest, WI,20099
Grant, WI,20772
Green, WI,26606
Green Lake, WI,25226
Iowa, WI,25144
Iron, WI,21285
Jackson, WI,21042
Jefferson, WI,25366
Juneau, WI,23008
Kenosha, WI,25503
Kewaunee, WI,24616
La Crosse, WI,24804
Lafayette, WI,22691
Langlade, WI,21834
Lincoln, WI,23185
Manitowoc, WI,25077
Marathon, WI,26222
Marinette, WI,22585
Marquette, WI,22639
Menominee, WI,13575
Milwaukee, WI,23670
Monroe, WI,22947
Oconto, WI,24397
Oneida, WI,27346
Outagamie, WI,26751
Ozaukee, WI,39441
Pepin, WI,24037
Pierce, WI,25704
Polk, WI,24674
Portage, WI,24154
Price, WI,23569
Racine, WI,25924
Richland, WI,21529
Rock, WI,24135
Rusk, WI,20835
St. Croix, WI,31125
Sauk, WI,25599
Sawyer, WI,22733
Shawano, WI,22557
Sheboygan, WI,25543
Taylor, WI,22018
Trempealeau, WI,23060
Vernon, WI,21011
Vilas, WI,27130
Walworth, WI,26856
Washburn, WI,22717
Washington, WI,30594
Waukesha, WI,36553
Waupaca, WI,23014
Waushara, WI,21535
Winnebago, WI,26299
Wood, WI,24679
WYOMING,,26925
Albany, WY,24764
Big Horn, WY,22675
Campbell, WY,30319
Carbon, WY,25606
Converse, WY,26658
Crook, WY,23634
Fremont, WY,23868
Goshen, WY,21882
Hot Springs, WY,26373
Johnson, WY,24111
Laramie, WY,26573
Lincoln, WY,24699
Natrona, WY,27261
Niobrara, WY,23582
Park, WY,25178
Platte, WY,24246
Sheridan, WY,26045
Sublette, WY,31090
Sweetwater, WY,29825
Teton, WY,38588
Uinta, WY,24633
Washakie, WY,31421
Weston, WY,27505
