Areaname,,Resident population: Median age (April 1 - complete count) 2010
UNITED STATES,,37.2
ALABAMA,,37.9
Autauga, AL,37
Baldwin, AL,41.1
Barbour, AL,39
Bibb, AL,37.8
Blount, AL,39
Bullock, AL,38.5
Butler, AL,40.1
Calhoun, AL,38.2
Chambers, AL,41.5
Cherokee, AL,43.9
Chilton, AL,37.6
Choctaw, AL,43.4
Clarke, AL,40.2
Clay, AL,42
Cleburne, AL,40.6
Coffee, AL,37.6
Colbert, AL,41.8
Conecuh, AL,43
Coosa, AL,44.2
Covington, AL,42.4
Crenshaw, AL,40.7
Cullman, AL,39.9
Dale, AL,36.1
Dallas, AL,37.7
DeKalb, AL,37.5
Elmore, AL,37.8
Escambia, AL,39.2
Etowah, AL,40.2
Fayette, AL,42.5
Franklin, AL,37.8
Geneva, AL,42
Greene, AL,41.8
Hale, AL,40
Henry, AL,42.8
Houston, AL,38.5
Jackson, AL,41.4
Jefferson, AL,37.1
Lamar, AL,43.5
Lauderdale, AL,40.4
Lawrence, AL,40.6
Lee, AL,29.5
Limestone, AL,38.4
Lowndes, AL,40.6
Macon, AL,36.3
Madison, AL,37.3
Marengo, AL,40.4
Marion, AL,42.8
Marshall, AL,38.2
Mobile, AL,36.6
Monroe, AL,40.1
Montgomery, AL,34.9
Morgan, AL,39
Perry, AL,37.2
Pickens, AL,41.9
Pike, AL,31.4
Randolph, AL,41.2
Russell, AL,35.8
St. Clair, AL,38.6
Shelby, AL,36.9
Sumter, AL,37.7
Talladega, AL,39.3
Tallapoosa, AL,42.4
Tuscaloosa, AL,31.2
Walker, AL,41.2
Washington, AL,39.7
Wilcox, AL,38.8
Winston, AL,43.1
ALASKA,,33.8
Aleutians East, AK,42.1
Aleutians West, AK,40.7
Anchorage, AK,32.9
Bethel, AK,26.2
Bristol Bay, AK,42.8
Denali, AK,41.5
Dillingham, AK,29
Fairbanks North Star, AK,31
Haines, AK,46.9
Hoonah-Angoon, AK,46
Juneau, AK,38.1
Kenai Peninsula, AK,40.6
Ketchikan Gateway, AK,38.4
Kodiak Island, AK,32.5
Lake and Peninsula, AK,30.8
Matanuska-Susitna, AK,34.8
Nome, AK,27.6
North Slope, AK,35.1
Northwest Arctic, AK,25.7
Petersburg, AK,41.5
Prince of Wales-Hyder, AK,39.9
Sitka, AK,38.2
Skagway, AK,41.2
Southeast Fairbanks, AK,37.4
Valdez-Cordova, AK,39.8
Wade Hampton, AK,21.9
Wrangell, AK,46.7
Yakutat, AK,39.7
Yukon-Koyukuk, AK,35.3
ARIZONA,,35.9
Apache, AZ,32.4
Cochise, AZ,39.7
Coconino, AZ,31
Gila, AZ,47.9
Graham, AZ,31.6
Greenlee, AZ,34.8
La Paz, AZ,53.9
Maricopa, AZ,34.6
Mohave, AZ,47.6
Navajo, AZ,34.7
Pima, AZ,37.7
Pinal, AZ,35.3
Santa Cruz, AZ,35.6
Yavapai, AZ,49.2
Yuma, AZ,33.8
ARKANSAS,,37.4
Arkansas, AR,40.7
Ashley, AR,40.3
Baxter, AR,50.6
Benton, AR,34.3
Boone, AR,41.4
Bradley, AR,40.3
Calhoun, AR,43.4
Carroll, AR,44
Chicot, AR,41.8
Clark, AR,33.5
Clay, AR,43.2
Cleburne, AR,46.8
Cleveland, AR,40.2
Columbia, AR,37
Conway, AR,40.5
Craighead, AR,33.2
Crawford, AR,37.6
Crittenden, AR,34.2
Cross, AR,39.7
Dallas, AR,42.7
Desha, AR,38.7
Drew, AR,36.9
Faulkner, AR,31.5
Franklin, AR,39.8
Fulton, AR,47
Garland, AR,44.4
Grant, AR,39.5
Greene, AR,37.9
Hempstead, AR,37.7
Hot Spring, AR,40.1
Howard, AR,38.4
Independence, AR,39
Izard, AR,47.3
Jackson, AR,40.5
Jefferson, AR,37.4
Johnson, AR,37.2
Lafayette, AR,43.3
Lawrence, AR,40.9
Lee, AR,39.8
Lincoln, AR,38
Little River, AR,41.2
Logan, AR,41.4
Lonoke, AR,35.3
Madison, AR,40.9
Marion, AR,50.1
Miller, AR,37.2
Mississippi, AR,34.9
Monroe, AR,44.2
Montgomery, AR,46.8
Nevada, AR,41.6
Newton, AR,46
Ouachita, AR,42.1
Perry, AR,41.6
Phillips, AR,36.9
Pike, AR,40.2
Poinsett, AR,39.8
Polk, AR,43.1
Pope, AR,35.1
Prairie, AR,44.5
Pulaski, AR,36
Randolph, AR,41.9
St. Francis, AR,37.2
Saline, AR,38.8
Scott, AR,39.8
Searcy, AR,46.8
Sebastian, AR,36.7
Sevier, AR,33.7
Sharp, AR,47
Stone, AR,47.7
Union, AR,40.1
Van Buren, AR,46.6
Washington, AR,30.7
White, AR,36
Woodruff, AR,43.3
Yell, AR,37.8
CALIFORNIA,,35.2
Alameda, CA,36.6
Alpine, CA,46.7
Amador, CA,48.2
Butte, CA,37.2
Calaveras, CA,49.2
Colusa, CA,33.5
Contra Costa, CA,38.5
Del Norte, CA,39.1
El Dorado, CA,43.6
Fresno, CA,30.6
Glenn, CA,35.3
Humboldt, CA,37.1
Imperial, CA,31.9
Inyo, CA,45.6
Kern, CA,30.7
Kings, CA,31.1
Lake, CA,45
Lassen, CA,37.1
Los Angeles, CA,34.8
Madera, CA,33
Marin, CA,44.5
Mariposa, CA,49.2
Mendocino, CA,41.5
Merced, CA,29.6
Modoc, CA,46.1
Mono, CA,37.2
Monterey, CA,32.9
Napa, CA,39.7
Nevada, CA,47.6
Orange, CA,36.2
Placer, CA,40.3
Plumas, CA,49.6
Riverside, CA,33.7
Sacramento, CA,34.8
San Benito, CA,34.3
San Bernardino, CA,31.7
San Diego, CA,34.6
San Francisco, CA,38.5
San Joaquin, CA,32.7
San Luis Obispo, CA,39.4
San Mateo, CA,39.3
Santa Barbara, CA,33.6
Santa Clara, CA,36.2
Santa Cruz, CA,36.9
Shasta, CA,41.8
Sierra, CA,50.9
Siskiyou, CA,47
Solano, CA,36.9
Sonoma, CA,39.9
Stanislaus, CA,32.9
Sutter, CA,34.5
Tehama, CA,39.5
Trinity, CA,49.3
Tulare, CA,29.6
Tuolumne, CA,47.3
Ventura, CA,36.2
Yolo, CA,30.4
Yuba, CA,32.1
COLORADO,,36.1
Adams, CO,32.4
Alamosa, CO,32.9
Arapahoe, CO,35.7
Archuleta, CO,48.4
Baca, CO,47.4
Bent, CO,39.8
Boulder, CO,35.8
Broomfield, CO,36.4
Chaffee, CO,47.4
Cheyenne, CO,42.7
Clear Creek, CO,46.6
Conejos, CO,38.2
Costilla, CO,49
Crowley, CO,38.9
Custer, CO,53.3
Delta, CO,45.6
Denver, CO,33.7
Dolores, CO,44.7
Douglas, CO,36.6
Eagle, CO,34
Elbert, CO,43.8
El Paso, CO,34.1
Fremont, CO,43.6
Garfield, CO,34.5
Gilpin, CO,45.6
Grand, CO,41.2
Gunnison, CO,34.3
Hinsdale, CO,47.1
Huerfano, CO,51.8
Jackson, CO,47.3
Jefferson, CO,40.4
Kiowa, CO,47.4
Kit Carson, CO,39.7
Lake, CO,35
La Plata, CO,38.4
Larimer, CO,35.5
Las Animas, CO,43.9
Lincoln, CO,40.9
Logan, CO,38.4
Mesa, CO,38.1
Mineral, CO,53.1
Moffat, CO,35.8
Montezuma, CO,42.9
Montrose, CO,42
Morgan, CO,36
Otero, CO,40.9
Ouray, CO,50
Park, CO,46.9
Phillips, CO,42.8
Pitkin, CO,42
Prowers, CO,36.7
Pueblo, CO,38.7
Rio Blanco, CO,38
Rio Grande, CO,41
Routt, CO,38.9
Saguache, CO,43.3
San Juan, CO,43.8
San Miguel, CO,39.3
Sedgwick, CO,49.2
Summit, CO,36.4
Teller, CO,47
Washington, CO,44.2
Weld, CO,33.1
Yuma, CO,38.5
CONNECTICUT,,40
Fairfield, CT,39.5
Hartford, CT,39.9
Litchfield, CT,44.4
Middlesex, CT,43.1
New Haven, CT,39.3
New London, CT,40.4
Tolland, CT,38.3
Windham, CT,39.2
DELAWARE,,38.8
Kent, DE,36.6
New Castle, DE,37.2
Sussex, DE,45.4
DISTRICT OF COLUMBIA,,33.8
District of Columbia,,33.8
FLORIDA,,40.7
Alachua, FL,30.1
Baker, FL,36
Bay, FL,39.5
Bradford, FL,39.5
Brevard, FL,45.5
Broward, FL,39.7
Calhoun, FL,39.7
Charlotte, FL,55.9
Citrus, FL,54
Clay, FL,38
Collier, FL,46.9
Columbia, FL,39.9
DeSoto, FL,38.1
Dixie, FL,45.4
Duval, FL,35.8
Escambia, FL,37.6
Flagler, FL,47.5
Franklin, FL,42.4
Gadsden, FL,38.9
Gilchrist, FL,40.6
Glades, FL,43.1
Gulf, FL,42.7
Hamilton, FL,38.1
Hardee, FL,32.8
Hendry, FL,32.8
Hernando, FL,47.7
Highlands, FL,51.5
Hillsborough, FL,36.1
Holmes, FL,41.3
Indian River, FL,49.1
Jackson, FL,40.5
Jefferson, FL,44.1
Lafayette, FL,36.2
Lake, FL,45.6
Lee, FL,45.6
Leon, FL,29.6
Levy, FL,45
Liberty, FL,37
Madison, FL,40.2
Manatee, FL,45.7
Marion, FL,47.3
Martin, FL,49.7
Miami-Dade, FL,38.2
Monroe, FL,46.4
Nassau, FL,42.9
Okaloosa, FL,38.3
Okeechobee, FL,38.6
Orange, FL,33.7
Osceola, FL,35.6
Palm Beach, FL,43.5
Pasco, FL,43.6
Pinellas, FL,46.3
Polk, FL,39.8
Putnam, FL,43.4
St. Johns, FL,42.2
St. Lucie, FL,42.4
Santa Rosa, FL,39.2
Sarasota, FL,52.5
Seminole, FL,38.2
Sumter, FL,62.7
Suwannee, FL,42.2
Taylor, FL,41.1
Union, FL,39.1
Volusia, FL,45.3
Wakulla, FL,38.8
Walton, FL,42.1
Washington, FL,40.3
GEORGIA,,35.3
Appling, GA,38.1
Atkinson, GA,33.4
Bacon, GA,36.9
Baker, GA,41.6
Baldwin, GA,34.1
Banks, GA,38.4
Barrow, GA,33.6
Bartow, GA,36.2
Ben Hill, GA,37.1
Berrien, GA,38
Bibb, GA,35.6
Bleckley, GA,35.9
Brantley, GA,37.8
Brooks, GA,40.3
Bryan, GA,35.7
Bulloch, GA,25.9
Burke, GA,35.9
Butts, GA,38.1
Calhoun, GA,38.7
Camden, GA,31.3
Candler, GA,37.6
Carroll, GA,33.5
Catoosa, GA,38.3
Charlton, GA,38.2
Chatham, GA,34
Chattahoochee, GA,24
Chattooga, GA,39.3
Cherokee, GA,36.3
Clarke, GA,25.9
Clay, GA,45.8
Clayton, GA,31.6
Clinch, GA,36.8
Cobb, GA,35.4
Coffee, GA,34.8
Colquitt, GA,34.8
Columbia, GA,36.8
Cook, GA,36.4
Coweta, GA,36.6
Crawford, GA,41.5
Crisp, GA,38.1
Dade, GA,39
Dawson, GA,40.6
Decatur, GA,37.7
DeKalb, GA,34.3
Dodge, GA,38.5
Dooly, GA,40
Dougherty, GA,33.2
Douglas, GA,35
Early, GA,39.3
Echols, GA,31.4
Effingham, GA,35.1
Elbert, GA,41.1
Emanuel, GA,36.8
Evans, GA,35.9
Fannin, GA,48.3
Fayette, GA,42.4
Floyd, GA,37.6
Forsyth, GA,36.9
Franklin, GA,40.9
Fulton, GA,34.2
Gilmer, GA,43.4
Glascock, GA,39.3
Glynn, GA,39.4
Gordon, GA,36
Grady, GA,37.8
Greene, GA,46.4
Gwinnett, GA,33.7
Habersham, GA,38.6
Hall, GA,34.5
Hancock, GA,43
Haralson, GA,38.5
Harris, GA,42
Hart, GA,42.6
Heard, GA,39.1
Henry, GA,35.3
Houston, GA,34.5
Irwin, GA,38.8
Jackson, GA,37.1
Jasper, GA,39
Jeff Davis, GA,36
Jefferson, GA,38.8
Jenkins, GA,38.2
Johnson, GA,40.4
Jones, GA,38.7
Lamar, GA,37.7
Lanier, GA,33.4
Laurens, GA,38
Lee, GA,36
Liberty, GA,27.9
Lincoln, GA,45
Long, GA,30.6
Lowndes, GA,29.9
Lumpkin, GA,36.1
McDuffie, GA,38.4
McIntosh, GA,44.4
Macon, GA,38.2
Madison, GA,39.4
Marion, GA,40.8
Meriwether, GA,41
Miller, GA,41.7
Mitchell, GA,37.1
Monroe, GA,41.3
Montgomery, GA,37
Morgan, GA,41.3
Murray, GA,36.2
Muscogee, GA,33.5
Newton, GA,34.7
Oconee, GA,39.1
Oglethorpe, GA,40.1
Paulding, GA,33.8
Peach, GA,33.3
Pickens, GA,42.1
Pierce, GA,38.4
Pike, GA,38.5
Polk, GA,36.2
Pulaski, GA,41.1
Putnam, GA,43.5
Quitman, GA,46.4
Rabun, GA,45.8
Randolph, GA,42.8
Richmond, GA,33.2
Rockdale, GA,36.9
Schley, GA,37.1
Screven, GA,39.5
Seminole, GA,43.7
Spalding, GA,37.2
Stephens, GA,40.7
Stewart, GA,37.3
Sumter, GA,33.8
Talbot, GA,45.6
Taliaferro, GA,45.9
Tattnall, GA,36.6
Taylor, GA,39.7
Telfair, GA,39.2
Terrell, GA,39.6
Thomas, GA,39.6
Tift, GA,34.5
Toombs, GA,36
Towns, GA,51.1
Treutlen, GA,36.8
Troup, GA,36.3
Turner, GA,38.7
Twiggs, GA,45
Union, GA,50.7
Upson, GA,40.3
Walker, GA,39.7
Walton, GA,37.4
Ware, GA,38.4
Warren, GA,42.9
Washington, GA,38.9
Wayne, GA,37.6
Webster, GA,40.6
Wheeler, GA,37.9
White, GA,42.3
Whitfield, GA,34
Wilcox, GA,39.7
Wilkes, GA,43.4
Wilkinson, GA,41.1
Worth, GA,39.7
HAWAII,,38.6
Hawaii, HI,40.9
Honolulu, HI,37.8
Kalawao, HI,55.3
Kauai, HI,41.3
Maui, HI,39.6
IDAHO,,34.6
Ada, ID,34.8
Adams, ID,50
Bannock, ID,31.4
Bear Lake, ID,40.5
Benewah, ID,44.8
Bingham, ID,31.8
Blaine, ID,40.4
Boise, ID,48.4
Bonner, ID,45.8
Bonneville, ID,31.7
Boundary, ID,42.8
Butte, ID,41.7
Camas, ID,44.3
Canyon, ID,31.6
Caribou, ID,37.7
Cassia, ID,32
Clark, ID,32.7
Clearwater, ID,49
Custer, ID,48
Elmore, ID,30
Franklin, ID,31.5
Fremont, ID,33.5
Gem, ID,42.9
Gooding, ID,34.3
Idaho, ID,48
Jefferson, ID,30
Jerome, ID,31.7
Kootenai, ID,38.9
Latah, ID,28.3
Lemhi, ID,49.7
Lewis, ID,48
Lincoln, ID,32
Madison, ID,22.6
Minidoka, ID,35.3
Nez Perce, ID,40.8
Oneida, ID,39.1
Owyhee, ID,36
Payette, ID,37.2
Power, ID,33.2
Shoshone, ID,46.2
Teton, ID,33.2
Twin Falls, ID,34.4
Valley, ID,46.9
Washington, ID,43.6
ILLINOIS,,36.6
Adams, IL,40.7
Alexander, IL,41.1
Bond, IL,39.7
Boone, IL,36.8
Brown, IL,37.3
Bureau, IL,42.5
Calhoun, IL,44.6
Carroll, IL,46.5
Cass, IL,38.7
Champaign, IL,28.9
Christian, IL,41.6
Clark, IL,42.3
Clay, IL,42.2
Clinton, IL,39.3
Coles, IL,31.6
Cook, IL,35.3
Crawford, IL,41.7
Cumberland, IL,40.9
DeKalb, IL,29.3
De Witt, IL,41.7
Douglas, IL,38.7
DuPage, IL,38.2
Edgar, IL,43.2
Edwards, IL,42.7
Effingham, IL,39.2
Fayette, IL,39.9
Ford, IL,42.4
Franklin, IL,41.8
Fulton, IL,41.9
Gallatin, IL,44.4
Greene, IL,41.6
Grundy, IL,36.1
Hamilton, IL,43.1
Hancock, IL,44.6
Hardin, IL,46.3
Henderson, IL,47.2
Henry, IL,41.8
Iroquois, IL,43.4
Jackson, IL,29.1
Jasper, IL,42.7
Jefferson, IL,40.6
Jersey, IL,40.5
Jo Daviess, IL,47.1
Johnson, IL,42.2
Kane, IL,34.5
Kankakee, IL,36.7
Kendall, IL,32.9
Knox, IL,42
Lake, IL,36.7
LaSalle, IL,41
Lawrence, IL,39.7
Lee, IL,42
Livingston, IL,40.8
Logan, IL,39.4
McDonough, IL,28.9
McHenry, IL,38
McLean, IL,32.1
Macon, IL,40.3
Macoupin, IL,41.7
Madison, IL,38.6
Marion, IL,41.4
Marshall, IL,44.8
Mason, IL,44
Massac, IL,42.1
Menard, IL,42.6
Mercer, IL,43.7
Monroe, IL,41
Montgomery, IL,41.9
Morgan, IL,40.8
Moultrie, IL,40.3
Ogle, IL,40.7
Peoria, IL,36.8
Perry, IL,39.4
Piatt, IL,42.6
Pike, IL,42.5
Pope, IL,46.6
Pulaski, IL,43.2
Putnam, IL,45.2
Randolph, IL,41
Richland, IL,42.1
Rock Island, IL,40
St. Clair, IL,36.9
Saline, IL,41.7
Sangamon, IL,39.2
Schuyler, IL,43.6
Scott, IL,42.7
Shelby, IL,43.5
Stark, IL,43.8
Stephenson, IL,43.1
Tazewell, IL,39.8
Union, IL,42.9
Vermilion, IL,39.8
Wabash, IL,42
Warren, IL,39.6
Washington, IL,42.3
Wayne, IL,42.9
White, IL,45.2
Whiteside, IL,41.8
Will, IL,35.4
Williamson, IL,40.1
Winnebago, IL,38.3
Woodford, IL,39.6
INDIANA,,37
Adams, IN,34
Allen, IN,35.3
Bartholomew, IN,38.2
Benton, IN,40.1
Blackford, IN,42.4
Boone, IN,38.6
Brown, IN,46.7
Carroll, IN,40.9
Cass, IN,38.7
Clark, IN,37.9
Clay, IN,39.9
Clinton, IN,37.5
Crawford, IN,41.8
Daviess, IN,35.4
Dearborn, IN,40
Decatur, IN,38.7
DeKalb, IN,38.1
Delaware, IN,34.8
Dubois, IN,39.9
Elkhart, IN,34.9
Fayette, IN,40.8
Floyd, IN,39.1
Fountain, IN,41.6
Franklin, IN,40
Fulton, IN,40.3
Gibson, IN,39.9
Grant, IN,39.5
Greene, IN,41.1
Hamilton, IN,35.6
Hancock, IN,39.1
Harrison, IN,40.2
Hendricks, IN,36.7
Henry, IN,41.4
Howard, IN,40.7
Huntington, IN,39
Jackson, IN,38.7
Jasper, IN,38
Jay, IN,39
Jefferson, IN,39.7
Jennings, IN,38.4
Johnson, IN,36.8
Knox, IN,38.5
Kosciusko, IN,37.7
LaGrange, IN,30.4
Lake, IN,37.4
LaPorte, IN,39.6
Lawrence, IN,41.6
Madison, IN,39.2
Marion, IN,33.9
Marshall, IN,38.4
Martin, IN,41.8
Miami, IN,39.5
Monroe, IN,27.7
Montgomery, IN,39.4
Morgan, IN,39.9
Newton, IN,42.4
Noble, IN,37.1
Ohio, IN,43.7
Orange, IN,40.8
Owen, IN,42.4
Parke, IN,41.3
Perry, IN,40.4
Pike, IN,42.8
Porter, IN,38.4
Posey, IN,41.6
Pulaski, IN,41.7
Putnam, IN,37.9
Randolph, IN,40.8
Ripley, IN,39.2
Rush, IN,40.6
St. Joseph, IN,36.2
Scott, IN,39.3
Shelby, IN,39.9
Spencer, IN,41.9
Starke, IN,40.4
Steuben, IN,40.2
Sullivan, IN,39.8
Switzerland, IN,39.1
Tippecanoe, IN,27.7
Tipton, IN,42.6
Union, IN,40.3
Vanderburgh, IN,37.5
Vermillion, IN,41.9
Vigo, IN,36.1
Wabash, IN,41.2
Warren, IN,42.4
Warrick, IN,39.7
Washington, IN,39.2
Wayne, IN,40.2
Wells, IN,40.2
White, IN,41.9
Whitley, IN,40.1
IOWA,,38.1
Adair, IA,45.3
Adams, IA,46.7
Allamakee, IA,44
Appanoose, IA,44.2
Audubon, IA,47
Benton, IA,40.9
Black Hawk, IA,34.4
Boone, IA,40.8
Bremer, IA,39.3
Buchanan, IA,39
Buena Vista, IA,37.1
Butler, IA,43.8
Calhoun, IA,47.8
Carroll, IA,42.3
Cass, IA,45.1
Cedar, IA,42.4
Cerro Gordo, IA,43.3
Cherokee, IA,47
Chickasaw, IA,43.7
Clarke, IA,40.2
Clay, IA,42.5
Clayton, IA,45
Clinton, IA,41.4
Crawford, IA,38.4
Dallas, IA,34.3
Davis, IA,38.6
Decatur, IA,38.2
Delaware, IA,42.1
Des Moines, IA,41.5
Dickinson, IA,48.1
Dubuque, IA,38.6
Emmet, IA,41
Fayette, IA,43.2
Floyd, IA,43.3
Franklin, IA,42.8
Fremont, IA,45.1
Greene, IA,45.6
Grundy, IA,43
Guthrie, IA,44.8
Hamilton, IA,42.3
Hancock, IA,44.8
Hardin, IA,43.7
Harrison, IA,42.9
Henry, IA,40.2
Howard, IA,42.1
Humboldt, IA,44.3
Ida, IA,44.8
Iowa, IA,42.4
Jackson, IA,44
Jasper, IA,41.6
Jefferson, IA,43.5
Johnson, IA,29.3
Jones, IA,42.7
Keokuk, IA,43.8
Kossuth, IA,46.6
Lee, IA,42.6
Linn, IA,36.5
Louisa, IA,39.8
Lucas, IA,44.1
Lyon, IA,38.7
Madison, IA,39.8
Mahaska, IA,38.9
Marion, IA,38.6
Marshall, IA,39.6
Mills, IA,41.2
Mitchell, IA,44
Monona, IA,47.5
Monroe, IA,42.1
Montgomery, IA,44.6
Muscatine, IA,38.2
O'Brien, IA,43.6
Osceola, IA,43.5
Page, IA,43.7
Palo Alto, IA,43.9
Plymouth, IA,41.2
Pocahontas, IA,47.6
Polk, IA,34.7
Pottawattamie, IA,38.5
Poweshiek, IA,41
Ringgold, IA,45.6
Sac, IA,46.6
Scott, IA,37.7
Shelby, IA,45.4
Sioux, IA,32.7
Story, IA,26.7
Tama, IA,41.8
Taylor, IA,44.6
Union, IA,40.9
Van Buren, IA,43.3
Wapello, IA,39.8
Warren, IA,38.3
Washington, IA,41.6
Wayne, IA,45.3
Webster, IA,40
Winnebago, IA,43.5
Winneshiek, IA,39.4
Woodbury, IA,35.1
Worth, IA,43.8
Wright, IA,44.4
KANSAS,,36
Allen, KS,40.8
Anderson, KS,42.1
Atchison, KS,36.3
Barber, KS,45.8
Barton, KS,39.7
Bourbon, KS,38.2
Brown, KS,41.9
Butler, KS,37.2
Chase, KS,45.6
Chautauqua, KS,48.2
Cherokee, KS,40.5
Cheyenne, KS,50
Clark, KS,44.9
Clay, KS,43.3
Cloud, KS,42.2
Coffey, KS,43
Comanche, KS,47.4
Cowley, KS,38.5
Crawford, KS,32.6
Decatur, KS,51.4
Dickinson, KS,41.4
Doniphan, KS,39.6
Douglas, KS,28.4
Edwards, KS,44.8
Elk, KS,48.8
Ellis, KS,32.2
Ellsworth, KS,44.3
Finney, KS,30.2
Ford, KS,30.4
Franklin, KS,38.1
Geary, KS,27.7
Gove, KS,48.3
Graham, KS,49.4
Grant, KS,32.8
Gray, KS,34.7
Greeley, KS,46.6
Greenwood, KS,46.7
Hamilton, KS,33.5
Harper, KS,44.1
Harvey, KS,38.9
Haskell, KS,34.3
Hodgeman, KS,46.1
Jackson, KS,40.7
Jefferson, KS,42.6
Jewell, KS,52.5
Johnson, KS,36.4
Kearny, KS,35.5
Kingman, KS,44.5
Kiowa, KS,41.9
Labette, KS,40.5
Lane, KS,46.1
Leavenworth, KS,37.4
Lincoln, KS,46.4
Linn, KS,44.8
Logan, KS,44.9
Lyon, KS,32.5
McPherson, KS,41.4
Marion, KS,44.6
Marshall, KS,45.2
Meade, KS,38.8
Miami, KS,39.5
Mitchell, KS,45.6
Montgomery, KS,39.9
Morris, KS,47.2
Morton, KS,38.9
Nemaha, KS,42.5
Neosho, KS,40.2
Ness, KS,48.2
Norton, KS,43.5
Osage, KS,42.8
Osborne, KS,48.2
Ottawa, KS,42.7
Pawnee, KS,43.2
Phillips, KS,45.3
Pottawatomie, KS,34.8
Pratt, KS,40.9
Rawlins, KS,51.3
Reno, KS,39.9
Republic, KS,50.6
Rice, KS,39.3
Riley, KS,24.3
Rooks, KS,44.1
Rush, KS,48.7
Russell, KS,46.5
Saline, KS,37.8
Scott, KS,41.4
Sedgwick, KS,34.2
Seward, KS,28.9
Shawnee, KS,38.1
Sheridan, KS,46.9
Sherman, KS,42.1
Smith, KS,49.6
Stafford, KS,45.6
Stanton, KS,35.6
Stevens, KS,34.4
Sumner, KS,40.5
Thomas, KS,36.6
Trego, KS,49.3
Wabaunsee, KS,42.6
Wallace, KS,45.4
Washington, KS,46.4
Wichita, KS,40.3
Wilson, KS,43.1
Woodson, KS,48.2
Wyandotte, KS,32.8
KENTUCKY,,38.1
Adair, KY,39
Allen, KY,39.2
Anderson, KY,38.4
Ballard, KY,42.4
Barren, KY,39.7
Bath, KY,39.9
Bell, KY,41
Boone, KY,35.7
Bourbon, KY,40.7
Boyd, KY,41.8
Boyle, KY,40.6
Bracken, KY,39.2
Breathitt, KY,40
Breckinridge, KY,41.6
Bullitt, KY,38.2
Butler, KY,40.1
Caldwell, KY,42.6
Calloway, KY,34
Campbell, KY,37
Carlisle, KY,42.9
Carroll, KY,37.6
Carter, KY,39.3
Casey, KY,40.6
Christian, KY,28.9
Clark, KY,39.8
Clay, KY,37.7
Clinton, KY,41.6
Crittenden, KY,42.6
Cumberland, KY,43.8
Daviess, KY,38.8
Edmonson, KY,41.3
Elliott, KY,39.9
Estill, KY,41.3
Fayette, KY,33.7
Fleming, KY,40.1
Floyd, KY,39.9
Franklin, KY,39.8
Fulton, KY,42.8
Gallatin, KY,37.4
Garrard, KY,41.2
Grant, KY,35.3
Graves, KY,39.8
Grayson, KY,39.7
Green, KY,42.6
Greenup, KY,42
Hancock, KY,39.5
Hardin, KY,35
Harlan, KY,40.5
Harrison, KY,40.7
Hart, KY,40.1
Henderson, KY,39.8
Henry, KY,40.6
Hickman, KY,44.8
Hopkins, KY,40.4
Jackson, KY,39.5
Jefferson, KY,37.9
Jessamine, KY,35.8
Johnson, KY,40.4
Kenton, KY,36
Knott, KY,40.5
Knox, KY,38.5
Larue, KY,40.2
Laurel, KY,38.4
Lawrence, KY,40.1
Lee, KY,40.9
Leslie, KY,41.1
Letcher, KY,40.9
Lewis, KY,40.3
Lincoln, KY,39.5
Livingston, KY,44.9
Logan, KY,40.2
Lyon, KY,47.9
McCracken, KY,41.8
McCreary, KY,37.9
McLean, KY,41.5
Madison, KY,33.7
Magoffin, KY,39.1
Marion, KY,37.8
Marshall, KY,44.3
Martin, KY,37.3
Mason, KY,40.3
Meade, KY,35
Menifee, KY,40.6
Mercer, KY,41.7
Metcalfe, KY,40.7
Monroe, KY,42.1
Montgomery, KY,38
Morgan, KY,38.6
Muhlenberg, KY,40.9
Nelson, KY,37.7
Nicholas, KY,40.5
Ohio, KY,39.1
Oldham, KY,39
Owen, KY,40.1
Owsley, KY,42.2
Pendleton, KY,39.5
Perry, KY,40.2
Pike, KY,40.3
Powell, KY,38.7
Pulaski, KY,41.1
Robertson, KY,43.9
Rockcastle, KY,40.6
Rowan, KY,31.7
Russell, KY,42.2
Scott, KY,35
Shelby, KY,38.3
Simpson, KY,39.3
Spencer, KY,38.9
Taylor, KY,39.4
Todd, KY,37.1
Trigg, KY,44.2
Trimble, KY,39.5
Union, KY,36.3
Warren, KY,32.7
Washington, KY,40.7
Wayne, KY,41.1
Webster, KY,40.1
Whitley, KY,38.1
Wolfe, KY,40.9
Woodford, KY,41
LOUISIANA,,35.8
Acadia, LA,35.7
Allen, LA,37.4
Ascension, LA,34.3
Assumption, LA,38.9
Avoyelles, LA,38.1
Beauregard, LA,36.6
Bienville, LA,41.8
Bossier, LA,34.7
Caddo, LA,36.4
Calcasieu, LA,35.9
Caldwell, LA,39.6
Cameron, LA,39.9
Catahoula, LA,38.8
Claiborne, LA,40.7
Concordia, LA,37.7
De Soto, LA,39.7
East Baton Rouge, LA,32.6
East Carroll, LA,34.3
East Feliciana, LA,41.1
Evangeline, LA,35.9
Franklin, LA,38.8
Grant, LA,36.8
Iberia, LA,35.6
Iberville, LA,37.9
Jackson, LA,39.6
Jefferson, LA,38.4
Jefferson Davis, LA,37.7
Lafayette, LA,33.2
Lafourche, LA,36.5
La Salle, LA,37.9
Lincoln, LA,27.8
Livingston, LA,34.4
Madison, LA,34.6
Morehouse, LA,39.1
Natchitoches, LA,33.3
Orleans, LA,34.6
Ouachita, LA,34.1
Plaquemines, LA,36.3
Pointe Coupee, LA,41.4
Rapides, LA,36.9
Red River, LA,38.8
Richland, LA,37.6
Sabine, LA,40.7
St. Bernard, LA,32.9
St. Charles, LA,36.5
St. Helena, LA,39.5
St. James, LA,37.9
St. John the Baptist, LA,35.5
St. Landry, LA,36.8
St. Martin, LA,36.3
St. Mary, LA,37.5
St. Tammany, LA,39.3
Tangipahoa, LA,33.6
Tensas, LA,42.5
Terrebonne, LA,35
Union, LA,41
Vermilion, LA,36.4
Vernon, LA,29.6
Washington, LA,38.7
Webster, LA,40.3
West Baton Rouge, LA,35.8
West Carroll, LA,39.4
West Feliciana, LA,41.9
Winn, LA,39.5
MAINE,,42.7
Androscoggin, ME,39.8
Aroostook, ME,45.3
Cumberland, ME,41
Franklin, ME,43.4
Hancock, ME,46.3
Kennebec, ME,42.8
Knox, ME,46.2
Lincoln, ME,48.1
Oxford, ME,44.6
Penobscot, ME,39.9
Piscataquis, ME,48.1
Sagadahoc, ME,44.1
Somerset, ME,43.6
Waldo, ME,44.1
Washington, ME,46.1
York, ME,43
MARYLAND,,38
Allegany, MD,40.9
Anne Arundel, MD,38.4
Baltimore, MD,39.1
Calvert, MD,40.1
Caroline, MD,38.7
Carroll, MD,41.1
Cecil, MD,38.9
Charles, MD,37.4
Dorchester, MD,43.3
Frederick, MD,38.6
Garrett, MD,42.7
Harford, MD,39.4
Howard, MD,38.4
Kent, MD,45.6
Montgomery, MD,38.5
Prince George's, MD,34.9
Queen Anne's, MD,42.6
St. Mary's, MD,36
Somerset, MD,36.5
Talbot, MD,47.4
Washington, MD,39.7
Wicomico, MD,35.7
Worcester, MD,48.1
Baltimore city, MD,34.4
MASSACHUSETTS,,39.1
Barnstable, MA,49.9
Berkshire, MA,44.7
Bristol, MA,39.8
Dukes, MA,45.3
Essex, MA,40.4
Franklin, MA,44.2
Hampden, MA,38.6
Hampshire, MA,36.6
Middlesex, MA,38.5
Nantucket, MA,39.4
Norfolk, MA,40.7
Plymouth, MA,41.1
Suffolk, MA,31.5
Worcester, MA,39.2
MICHIGAN,,38.9
Alcona, MI,55.2
Alger, MI,47.3
Allegan, MI,39.2
Alpena, MI,45.6
Antrim, MI,47.4
Arenac, MI,46.7
Baraga, MI,42.9
Barry, MI,41.2
Bay, MI,41.7
Benzie, MI,46.2
Berrien, MI,41
Branch, MI,39.8
Calhoun, MI,39.2
Cass, MI,42.6
Charlevoix, MI,45.5
Cheboygan, MI,47.1
Chippewa, MI,39.5
Clare, MI,45.3
Clinton, MI,38.4
Crawford, MI,47.7
Delta, MI,45.6
Dickinson, MI,45.4
Eaton, MI,40.3
Emmet, MI,43.1
Genesee, MI,38.5
Gladwin, MI,47.7
Gogebic, MI,46.8
Grand Traverse, MI,41.3
Gratiot, MI,38.7
Hillsdale, MI,40.5
Houghton, MI,33.1
Huron, MI,46.8
Ingham, MI,31.4
Ionia, MI,37
Iosco, MI,51
Iron, MI,51.9
Isabella, MI,25.1
Jackson, MI,39.7
Kalamazoo, MI,34.1
Kalkaska, MI,43
Kent, MI,34.4
Keweenaw, MI,51.6
Lake, MI,50.1
Lapeer, MI,41.6
Leelanau, MI,50.3
Lenawee, MI,40
Livingston, MI,40.9
Luce, MI,43
Mackinac, MI,49
Macomb, MI,39.9
Manistee, MI,47.1
Marquette, MI,39.4
Mason, MI,45.1
Mecosta, MI,34
Menominee, MI,46.2
Midland, MI,40.4
Missaukee, MI,42.8
Monroe, MI,40.3
Montcalm, MI,39.3
Montmorency, MI,52.3
Muskegon, MI,38.2
Newaygo, MI,40.9
Oakland, MI,40.2
Oceana, MI,41.8
Ogemaw, MI,47.6
Ontonagon, MI,52.7
Osceola, MI,41.8
Oscoda, MI,49.7
Otsego, MI,43.2
Ottawa, MI,34.5
Presque Isle, MI,51.7
Roscommon, MI,53.3
Saginaw, MI,39.5
St. Clair, MI,41.3
St. Joseph, MI,38.7
Sanilac, MI,42.8
Schoolcraft, MI,48.3
Shiawassee, MI,40.3
Tuscola, MI,41.7
Van Buren, MI,39.8
Washtenaw, MI,33.3
Wayne, MI,37.3
Wexford, MI,40.9
MINNESOTA,,37.4
Aitkin, MN,51.7
Anoka, MN,37.1
Becker, MN,42.2
Beltrami, MN,33.2
Benton, MN,34.1
Big Stone, MN,48.5
Blue Earth, MN,29.8
Brown, MN,43.3
Carlton, MN,40.5
Carver, MN,36.3
Cass, MN,46.9
Chippewa, MN,43.1
Chisago, MN,39
Clay, MN,31.6
Clearwater, MN,41.9
Cook, MN,49.8
Cottonwood, MN,44.2
Crow Wing, MN,42.4
Dakota, MN,36.8
Dodge, MN,36.4
Douglas, MN,43.1
Faribault, MN,46
Fillmore, MN,42.8
Freeborn, MN,44.2
Goodhue, MN,41.9
Grant, MN,46.5
Hennepin, MN,35.9
Houston, MN,43.8
Hubbard, MN,46.4
Isanti, MN,37.6
Itasca, MN,45.4
Jackson, MN,44.1
Kanabec, MN,42.1
Kandiyohi, MN,39.5
Kittson, MN,48.2
Koochiching, MN,46.4
Lac qui Parle, MN,48.9
Lake, MN,48.3
Lake of the Woods, MN,48.7
Le Sueur, MN,39.8
Lincoln, MN,46.2
Lyon, MN,34.1
McLeod, MN,39.1
Mahnomen, MN,37.4
Marshall, MN,44.1
Martin, MN,45.5
Meeker, MN,41.2
Mille Lacs, MN,39.4
Morrison, MN,40.6
Mower, MN,39.2
Murray, MN,46.8
Nicollet, MN,34.1
Nobles, MN,37.5
Norman, MN,45.2
Olmsted, MN,36.3
Otter Tail, MN,46.3
Pennington, MN,38.9
Pine, MN,41.6
Pipestone, MN,42.3
Polk, MN,39.8
Pope, MN,45.9
Ramsey, MN,34.6
Red Lake, MN,41.9
Redwood, MN,42.6
Renville, MN,44.2
Rice, MN,35
Rock, MN,41.4
Roseau, MN,40.7
St. Louis, MN,40.8
Scott, MN,34.8
Sherburne, MN,33.9
Sibley, MN,40.3
Stearns, MN,33.3
Steele, MN,38.5
Stevens, MN,33.9
Swift, MN,44.4
Todd, MN,41.9
Traverse, MN,47.6
Wabasha, MN,42.8
Wadena, MN,43.3
Waseca, MN,39.3
Washington, MN,38.3
Watonwan, MN,41.2
Wilkin, MN,43.5
Winona, MN,33.1
Wright, MN,34.6
Yellow Medicine, MN,42.9
MISSISSIPPI,,36
Adams, MS,41.1
Alcorn, MS,39.2
Amite, MS,43.7
Attala, MS,39.6
Benton, MS,39.4
Bolivar, MS,34
Calhoun, MS,39.7
Carroll, MS,43.3
Chickasaw, MS,37.7
Choctaw, MS,41.9
Claiborne, MS,33.3
Clarke, MS,40.5
Clay, MS,37.8
Coahoma, MS,32.8
Copiah, MS,36.7
Covington, MS,37.6
DeSoto, MS,35
Forrest, MS,31.3
Franklin, MS,40.1
George, MS,36.4
Greene, MS,36.6
Grenada, MS,39.4
Hancock, MS,40.7
Harrison, MS,35.3
Hinds, MS,33.1
Holmes, MS,32.8
Humphreys, MS,34.4
Issaquena, MS,38.4
Itawamba, MS,38.5
Jackson, MS,37.2
Jasper, MS,40.6
Jefferson, MS,37.6
Jefferson Davis, MS,41
Jones, MS,36.8
Kemper, MS,38.5
Lafayette, MS,27.7
Lamar, MS,33
Lauderdale, MS,37
Lawrence, MS,38.9
Leake, MS,33.2
Lee, MS,36.4
Leflore, MS,32.8
Lincoln, MS,37.8
Lowndes, MS,36
Madison, MS,35.8
Marion, MS,37.7
Marshall, MS,38.3
Monroe, MS,39.5
Montgomery, MS,41.4
Neshoba, MS,35.3
Newton, MS,37.1
Noxubee, MS,36.3
Oktibbeha, MS,25.4
Panola, MS,36.5
Pearl River, MS,38.9
Perry, MS,38.7
Pike, MS,36.9
Pontotoc, MS,36.4
Prentiss, MS,38.5
Quitman, MS,37.3
Rankin, MS,36.2
Scott, MS,34.9
Sharkey, MS,39.5
Simpson, MS,37.9
Smith, MS,39.1
Stone, MS,35.9
Sunflower, MS,33.5
Tallahatchie, MS,35
Tate, MS,36
Tippah, MS,38
Tishomingo, MS,42
Tunica, MS,32.1
Union, MS,37.5
Walthall, MS,38
Warren, MS,37.7
Washington, MS,35.3
Wayne, MS,37.2
Webster, MS,39.9
Wilkinson, MS,37.5
Winston, MS,39.5
Yalobusha, MS,40.6
Yazoo, MS,35.1
MISSOURI,,37.9
Adair, MO,28.3
Andrew, MO,41
Atchison, MO,46.2
Audrain, MO,38.5
Barry, MO,41.8
Barton, MO,40.3
Bates, MO,41.3
Benton, MO,51.5
Bollinger, MO,42
Boone, MO,29.6
Buchanan, MO,36.9
Butler, MO,40.6
Caldwell, MO,41.3
Callaway, MO,37.7
Camden, MO,48.6
Cape Girardeau, MO,36.4
Carroll, MO,42.1
Carter, MO,41.2
Cass, MO,37.9
Cedar, MO,44.9
Chariton, MO,45.8
Christian, MO,36.3
Clark, MO,42.3
Clay, MO,36.2
Clinton, MO,40.8
Cole, MO,37.7
Cooper, MO,38.7
Crawford, MO,40.6
Dade, MO,45.9
Dallas, MO,41.4
Daviess, MO,40.1
DeKalb, MO,39.9
Dent, MO,43
Douglas, MO,45
Dunklin, MO,39.3
Franklin, MO,39.4
Gasconade, MO,45
Gentry, MO,42.4
Greene, MO,35.8
Grundy, MO,41.6
Harrison, MO,42.6
Henry, MO,43.5
Hickory, MO,53
Holt, MO,46.6
Howard, MO,39.2
Howell, MO,39.6
Iron, MO,42.7
Jackson, MO,36.2
Jasper, MO,35.1
Jefferson, MO,37.8
Johnson, MO,29.8
Knox, MO,43.6
Laclede, MO,39.3
Lafayette, MO,40.6
Lawrence, MO,39.1
Lewis, MO,38.7
Lincoln, MO,35.6
Linn, MO,42.2
Livingston, MO,41.1
McDonald, MO,36.5
Macon, MO,42.3
Madison, MO,41
Maries, MO,42.8
Marion, MO,39
Mercer, MO,43.5
Miller, MO,40.2
Mississippi, MO,39.4
Moniteau, MO,37.8
Monroe, MO,43.8
Montgomery, MO,43.2
Morgan, MO,46.1
New Madrid, MO,40.4
Newton, MO,39
Nodaway, MO,28.5
Oregon, MO,45.4
Osage, MO,39.3
Ozark, MO,48.9
Pemiscot, MO,37
Perry, MO,39.2
Pettis, MO,37.1
Phelps, MO,33.8
Pike, MO,39.9
Platte, MO,38.4
Polk, MO,37.8
Pulaski, MO,26.6
Putnam, MO,45.1
Ralls, MO,43.4
Randolph, MO,38
Ray, MO,40.6
Reynolds, MO,44.6
Ripley, MO,42.1
St. Charles, MO,36.9
St. Clair, MO,48.1
Ste. Genevieve, MO,42.6
St. Francois, MO,38.2
St. Louis, MO,39.9
Saline, MO,38.2
Schuyler, MO,41.3
Scotland, MO,39.1
Scott, MO,38.9
Shannon, MO,43.4
Shelby, MO,42.3
Stoddard, MO,41.1
Stone, MO,49.9
Sullivan, MO,40.8
Taney, MO,40.7
Texas, MO,42.1
Vernon, MO,40
Warren, MO,39.5
Washington, MO,39.2
Wayne, MO,45.8
Webster, MO,37.5
Worth, MO,47.4
Wright, MO,40.7
St. Louis city, MO,33.9
MONTANA,,39.8
Beaverhead, MT,42
Big Horn, MT,30.5
Blaine, MT,35.1
Broadwater, MT,45.4
Carbon, MT,48.1
Carter, MT,50.2
Cascade, MT,38.9
Chouteau, MT,41.5
Custer, MT,42.1
Daniels, MT,50.4
Dawson, MT,43.5
Deer Lodge, MT,46
Fallon, MT,42.9
Fergus, MT,47.8
Flathead, MT,41.2
Gallatin, MT,32.5
Garfield, MT,46.4
Glacier, MT,31.7
Golden Valley, MT,48.8
Granite, MT,52.1
Hill, MT,35.1
Jefferson, MT,46.2
Judith Basin, MT,48.3
Lake, MT,41.3
Lewis and Clark, MT,40.9
Liberty, MT,44.6
Lincoln, MT,48.9
McCone, MT,48.9
Madison, MT,49.8
Meagher, MT,50.1
Mineral, MT,49.8
Missoula, MT,34.3
Musselshell, MT,49.1
Park, MT,45.4
Petroleum, MT,47.3
Phillips, MT,46.8
Pondera, MT,42.8
Powder River, MT,49.3
Powell, MT,45.1
Prairie, MT,53.6
Ravalli, MT,46
Richland, MT,41.3
Roosevelt, MT,31.6
Rosebud, MT,36.5
Sanders, MT,49.8
Sheridan, MT,50.3
Silver Bow, MT,41.3
Stillwater, MT,45.7
Sweet Grass, MT,46.6
Teton, MT,45.8
Toole, MT,41.5
Treasure, MT,51.5
Valley, MT,46.4
Wheatland, MT,44.9
Wibaux, MT,49
Yellowstone, MT,38.3
Yellowstone National Park, MT,0
NEBRASKA,,36.2
Adams, NE,37.9
Antelope, NE,46.6
Arthur, NE,41.4
Banner, NE,48.1
Blaine, NE,46.1
Boone, NE,45.5
Box Butte, NE,41.3
Boyd, NE,50.2
Brown, NE,47.9
Buffalo, NE,32.1
Burt, NE,47.1
Butler, NE,44.3
Cass, NE,41.1
Cedar, NE,44.4
Chase, NE,43.6
Cherry, NE,45.4
Cheyenne, NE,40.4
Clay, NE,43.2
Colfax, NE,34.2
Cuming, NE,43.7
Custer, NE,45.4
Dakota, NE,32.8
Dawes, NE,33
Dawson, NE,36.2
Deuel, NE,48.3
Dixon, NE,42.1
Dodge, NE,40.3
Douglas, NE,33.5
Dundy, NE,47.9
Fillmore, NE,46.3
Franklin, NE,48.4
Frontier, NE,43.1
Furnas, NE,47.4
Gage, NE,43.7
Garden, NE,49.8
Garfield, NE,50.3
Gosper, NE,47.1
Grant, NE,48.2
Greeley, NE,46.4
Hall, NE,35.8
Hamilton, NE,42.3
Harlan, NE,49.2
Hayes, NE,47.7
Hitchcock, NE,48.2
Holt, NE,46.1
Hooker, NE,50.1
Howard, NE,43.3
Jefferson, NE,46.8
Johnson, NE,43.3
Kearney, NE,43.3
Keith, NE,47.3
Keya Paha, NE,50.7
Kimball, NE,46
Knox, NE,46.6
Lancaster, NE,32.6
Lincoln, NE,39.2
Logan, NE,43.3
Loup, NE,48.5
McPherson, NE,43.6
Madison, NE,37.1
Merrick, NE,42.5
Morrill, NE,43.4
Nance, NE,45
Nemaha, NE,41
Nuckolls, NE,49.5
Otoe, NE,42.9
Pawnee, NE,49.3
Perkins, NE,43.9
Phelps, NE,42.8
Pierce, NE,42.2
Platte, NE,38.2
Polk, NE,45.3
Red Willow, NE,41.8
Richardson, NE,47.1
Rock, NE,49.9
Saline, NE,36.4
Sarpy, NE,32.9
Saunders, NE,41.5
Scotts Bluff, NE,39
Seward, NE,38
Sheridan, NE,46.1
Sherman, NE,47.8
Sioux, NE,47.8
Stanton, NE,38.6
Thayer, NE,49.2
Thomas, NE,46.7
Thurston, NE,29.4
Valley, NE,46.9
Washington, NE,40.8
Wayne, NE,29.2
Webster, NE,47.2
Wheeler, NE,46.1
York, NE,42.2
NEVADA,,36.3
Churchill, NV,39
Clark, NV,35.5
Douglas, NV,47.4
Elko, NV,33.4
Esmeralda, NV,52.9
Eureka, NV,42.4
Humboldt, NV,36.2
Lander, NV,37.1
Lincoln, NV,39.9
Lyon, NV,40.9
Mineral, NV,49.2
Nye, NV,48.4
Pershing, NV,41
Storey, NV,50.5
Washoe, NV,37
White Pine, NV,40.8
Carson City city, NV,41.7
NEW HAMPSHIRE,,41.1
Belknap, NH,44.7
Carroll, NH,48.3
Cheshire, NH,40.7
Coos, NH,46.4
Grafton, NH,41.2
Hillsborough, NH,39.3
Merrimack, NH,41.4
Rockingham, NH,42.2
Strafford, NH,36.9
Sullivan, NH,43.9
NEW JERSEY,,39
Atlantic, NJ,39.9
Bergen, NJ,41.1
Burlington, NJ,40.4
Camden, NJ,37.9
Cape May, NJ,47.1
Cumberland, NJ,36.5
Essex, NJ,36.4
Gloucester, NJ,38.7
Hudson, NJ,34.2
Hunterdon, NJ,43.5
Mercer, NJ,37.8
Middlesex, NJ,37.2
Monmouth, NJ,41.3
Morris, NJ,41.3
Ocean, NJ,42.6
Passaic, NJ,36.1
Salem, NJ,40.8
Somerset, NJ,40.2
Sussex, NJ,41.8
Union, NJ,38
Warren, NJ,41.5
NEW MEXICO,,36.7
Bernalillo, NM,35.8
Catron, NM,55.8
Chaves, NM,34.7
Cibola, NM,36.6
Colfax, NM,46.7
Curry, NM,31.5
De Baca, NM,47.8
Dona Ana, NM,32.4
Eddy, NM,37.3
Grant, NM,45.9
Guadalupe, NM,40.1
Harding, NM,55.9
Hidalgo, NM,40.9
Lea, NM,31.9
Lincoln, NM,49.4
Los Alamos, NM,44.3
Luna, NM,39.5
McKinley, NM,30.7
Mora, NM,46
Otero, NM,36.5
Quay, NM,45.6
Rio Arriba, NM,39
Roosevelt, NM,29.7
Sandoval, NM,37.9
San Juan, NM,33
San Miguel, NM,40.7
Santa Fe, NM,43
Sierra, NM,54.5
Socorro, NM,36.9
Taos, NM,45.2
Torrance, NM,41.6
Union, NM,40.9
Valencia, NM,37.7
NEW YORK,,38
Albany, NY,38.5
Allegany, NY,37.8
Bronx, NY,32.8
Broome, NY,40.2
Cattaraugus, NY,40.7
Cayuga, NY,41.5
Chautauqua, NY,40.9
Chemung, NY,40.9
Chenango, NY,42.9
Clinton, NY,39.1
Columbia, NY,45.3
Cortland, NY,35.8
Delaware, NY,45.4
Dutchess, NY,40.2
Erie, NY,40.4
Essex, NY,44.5
Franklin, NY,39.3
Fulton, NY,41.8
Genesee, NY,41.5
Greene, NY,44
Hamilton, NY,51.3
Herkimer, NY,42.1
Jefferson, NY,32.6
Kings, NY,34.1
Lewis, NY,40.2
Livingston, NY,39.8
Madison, NY,39.5
Monroe, NY,38.5
Montgomery, NY,40.8
Nassau, NY,41.1
New York, NY,36.4
Niagara, NY,41.9
Oneida, NY,40.8
Onondaga, NY,38.6
Ontario, NY,42.1
Orange, NY,36.6
Orleans, NY,41
Oswego, NY,38.5
Otsego, NY,40.9
Putnam, NY,41.9
Queens, NY,37.2
Rensselaer, NY,39.2
Richmond, NY,38.4
Rockland, NY,36.7
St. Lawrence, NY,37.5
Saratoga, NY,40.9
Schenectady, NY,39.8
Schoharie, NY,42.5
Schuyler, NY,44.2
Seneca, NY,41
Steuben, NY,41.4
Suffolk, NY,39.8
Sullivan, NY,41.7
Tioga, NY,42.5
Tompkins, NY,29.8
Ulster, NY,42
Warren, NY,44.1
Washington, NY,41.7
Wayne, NY,41.6
Westchester, NY,40
Wyoming, NY,40.9
Yates, NY,40.7
NORTH CAROLINA,,37.4
Alamance, NC,38.7
Alexander, NC,40.8
Alleghany, NC,45.9
Anson, NC,39.5
Ashe, NC,45.5
Avery, NC,42.3
Beaufort, NC,43.8
Bertie, NC,42.9
Bladen, NC,41.3
Brunswick, NC,47.4
Buncombe, NC,40.6
Burke, NC,41.2
Cabarrus, NC,36.7
Caldwell, NC,41.3
Camden, NC,40.1
Carteret, NC,45.8
Caswell, NC,43.6
Catawba, NC,39.6
Chatham, NC,43.6
Cherokee, NC,48.1
Chowan, NC,44.8
Clay, NC,49.6
Cleveland, NC,40.3
Columbus, NC,39.8
Craven, NC,36.2
Cumberland, NC,31
Currituck, NC,41.3
Dare, NC,43.6
Davidson, NC,40.3
Davie, NC,42.5
Duplin, NC,37.8
Durham, NC,33.2
Edgecombe, NC,39.6
Forsyth, NC,37.2
Franklin, NC,39.1
Gaston, NC,38.9
Gates, NC,42
Graham, NC,44.3
Granville, NC,39.8
Greene, NC,37.7
Guilford, NC,36.3
Halifax, NC,41.7
Harnett, NC,33.5
Haywood, NC,45.6
Henderson, NC,45.4
Hertford, NC,41
Hoke, NC,30.9
Hyde, NC,41.2
Iredell, NC,38.9
Jackson, NC,36.3
Johnston, NC,36.3
Jones, NC,44.1
Lee, NC,37.4
Lenoir, NC,41
Lincoln, NC,40.4
McDowell, NC,41.6
Macon, NC,47.8
Madison, NC,43.3
Martin, NC,44
Mecklenburg, NC,33.9
Mitchell, NC,45.7
Montgomery, NC,40.2
Moore, NC,45
Nash, NC,39.9
New Hanover, NC,37.3
Northampton, NC,45.5
Onslow, NC,25.7
Orange, NC,33.1
Pamlico, NC,48.3
Pasquotank, NC,36.6
Pender, NC,41.1
Perquimans, NC,46.4
Person, NC,41.4
Pitt, NC,31
Polk, NC,49.1
Randolph, NC,39.5
Richmond, NC,38.7
Robeson, NC,34.4
Rockingham, NC,42.2
Rowan, NC,39.1
Rutherford, NC,42.5
Sampson, NC,38.2
Scotland, NC,38.4
Stanly, NC,40.5
Stokes, NC,42.8
Surry, NC,41.2
Swain, NC,40.8
Transylvania, NC,48.8
Tyrrell, NC,41.4
Union, NC,36.2
Vance, NC,38.6
Wake, NC,34.4
Warren, NC,44.9
Washington, NC,44
Watauga, NC,28.4
Wayne, NC,36.6
Wilkes, NC,42.4
Wilson, NC,38.7
Yadkin, NC,41.4
Yancey, NC,45.5
NORTH DAKOTA,,37
Adams, ND,49.5
Barnes, ND,44.3
Benson, ND,31.6
Billings, ND,48.6
Bottineau, ND,48
Bowman, ND,46.9
Burke, ND,48.1
Burleigh, ND,37.3
Cass, ND,31.5
Cavalier, ND,50.3
Dickey, ND,43
Divide, ND,51.4
Dunn, ND,44.4
Eddy, ND,49.2
Emmons, ND,50.5
Foster, ND,46.7
Golden Valley, ND,45.9
Grand Forks, ND,29.7
Grant, ND,51.7
Griggs, ND,51.9
Hettinger, ND,49.4
Kidder, ND,47.2
LaMoure, ND,49.2
Logan, ND,49.8
McHenry, ND,46.2
McIntosh, ND,52.7
McKenzie, ND,38
McLean, ND,49.1
Mercer, ND,46.3
Morton, ND,39.3
Mountrail, ND,37
Nelson, ND,51.5
Oliver, ND,47.6
Pembina, ND,46.7
Pierce, ND,46.9
Ramsey, ND,43
Ransom, ND,45.2
Renville, ND,45.4
Richland, ND,39.4
Rolette, ND,30.5
Sargent, ND,45.9
Sheridan, ND,53.4
Sioux, ND,26.3
Slope, ND,49.2
Stark, ND,38.3
Steele, ND,47.7
Stutsman, ND,42
Towner, ND,50.3
Traill, ND,42.6
Walsh, ND,45.9
Ward, ND,32.7
Wells, ND,51.5
Williams, ND,39
OHIO,,38.8
Adams, OH,39.6
Allen, OH,38.3
Ashland, OH,39.3
Ashtabula, OH,41
Athens, OH,26.3
Auglaize, OH,40
Belmont, OH,43.4
Brown, OH,39.9
Butler, OH,36
Carroll, OH,43.1
Champaign, OH,39.7
Clark, OH,40.5
Clermont, OH,38.5
Clinton, OH,38.7
Columbiana, OH,42.3
Coshocton, OH,40.8
Crawford, OH,41.9
Cuyahoga, OH,40.2
Darke, OH,40.8
Defiance, OH,39.4
Delaware, OH,37.4
Erie, OH,43.4
Fairfield, OH,38.2
Fayette, OH,39.4
Franklin, OH,33.4
Fulton, OH,39.9
Gallia, OH,39.9
Geauga, OH,43.3
Greene, OH,37.2
Guernsey, OH,40.9
Hamilton, OH,37.1
Hancock, OH,38.5
Hardin, OH,34.7
Harrison, OH,44.4
Henry, OH,39.8
Highland, OH,39.2
Hocking, OH,40.9
Holmes, OH,29.7
Huron, OH,38.4
Jackson, OH,39
Jefferson, OH,43.9
Knox, OH,38.3
Lake, OH,42.3
Lawrence, OH,40.1
Licking, OH,39.1
Logan, OH,39.9
Lorain, OH,40
Lucas, OH,37
Madison, OH,39.1
Mahoning, OH,42.9
Marion, OH,39.9
Medina, OH,40.4
Meigs, OH,41.2
Mercer, OH,39.4
Miami, OH,40.6
Monroe, OH,44.7
Montgomery, OH,39.2
Morgan, OH,42.4
Morrow, OH,39.5
Muskingum, OH,39.5
Noble, OH,48.6
Ottawa, OH,46.3
Paulding, OH,40
Perry, OH,38.6
Pickaway, OH,38.5
Pike, OH,39.2
Portage, OH,37.4
Preble, OH,40.9
Putnam, OH,39
Richland, OH,40.9
Ross, OH,39.8
Sandusky, OH,40.4
Scioto, OH,38.8
Seneca, OH,38.8
Shelby, OH,37.9
Stark, OH,41.1
Summit, OH,40
Trumbull, OH,42.8
Tuscarawas, OH,40.9
Union, OH,36.4
Van Wert, OH,40.3
Vinton, OH,39.6
Warren, OH,37.8
Washington, OH,43
Wayne, OH,38.3
Williams, OH,40.7
Wood, OH,35.3
Wyandot, OH,40.5
OKLAHOMA,,36.2
Adair, OK,36.2
Alfalfa, OK,46
Atoka, OK,39.5
Beaver, OK,40.3
Beckham, OK,35.4
Blaine, OK,36.3
Bryan, OK,37.2
Caddo, OK,37.8
Canadian, OK,35.7
Carter, OK,38.2
Cherokee, OK,34.5
Choctaw, OK,41.6
Cimarron, OK,44.6
Cleveland, OK,32.7
Coal, OK,41
Comanche, OK,31.3
Cotton, OK,41.1
Craig, OK,41.9
Creek, OK,40
Custer, OK,31.2
Delaware, OK,45.2
Dewey, OK,42.8
Ellis, OK,43.2
Garfield, OK,37.4
Garvin, OK,39.9
Grady, OK,38.3
Grant, OK,45.8
Greer, OK,40.1
Harmon, OK,39.8
Harper, OK,40.2
Haskell, OK,39.9
Hughes, OK,40.1
Jackson, OK,34.6
Jefferson, OK,42.4
Johnston, OK,39.6
Kay, OK,39.3
Kingfisher, OK,38.3
Kiowa, OK,43
Latimer, OK,40
Le Flore, OK,38.6
Lincoln, OK,40.4
Logan, OK,37.2
Love, OK,40.7
McClain, OK,38.2
McCurtain, OK,38.8
McIntosh, OK,47
Major, OK,43.7
Marshall, OK,43.2
Mayes, OK,39.4
Murray, OK,41
Muskogee, OK,37.6
Noble, OK,40.7
Nowata, OK,42
Okfuskee, OK,40.5
Oklahoma, OK,34.3
Okmulgee, OK,38.8
Osage, OK,41.4
Ottawa, OK,38.9
Pawnee, OK,41.3
Payne, OK,27.3
Pittsburg, OK,41.2
Pontotoc, OK,35.7
Pottawatomie, OK,37
Pushmataha, OK,44.3
Roger Mills, OK,41.3
Rogers, OK,38.3
Seminole, OK,39.1
Sequoyah, OK,39
Stephens, OK,40.6
Texas, OK,31.3
Tillman, OK,40.9
Tulsa, OK,35.2
Wagoner, OK,37.2
Washington, OK,41.1
Washita, OK,39
Woods, OK,34.7
Woodward, OK,37
OREGON,,38.4
Baker, OR,47.9
Benton, OR,32.1
Clackamas, OR,40.6
Clatsop, OR,43.2
Columbia, OR,41.3
Coos, OR,47.3
Crook, OR,45.6
Curry, OR,53.5
Deschutes, OR,40.2
Douglas, OR,46.1
Gilliam, OR,49.7
Grant, OR,50
Harney, OR,45.2
Hood River, OR,38
Jackson, OR,42.1
Jefferson, OR,39.6
Josephine, OR,47.3
Klamath, OR,41.7
Lake, OR,47.4
Lane, OR,39
Lincoln, OR,49.6
Linn, OR,39.2
Malheur, OR,36.2
Marion, OR,35.1
Morrow, OR,36.5
Multnomah, OR,35.7
Polk, OR,37.1
Sherman, OR,48.2
Tillamook, OR,47.5
Umatilla, OR,35.7
Union, OR,40
Wallowa, OR,50.5
Wasco, OR,41.7
Washington, OR,35.3
Wheeler, OR,53
Yamhill, OR,36.8
PENNSYLVANIA,,40.1
Adams, PA,41.3
Allegheny, PA,41.3
Armstrong, PA,44.5
Beaver, PA,44.4
Bedford, PA,43.9
Berks, PA,39.1
Blair, PA,42
Bradford, PA,43.4
Bucks, PA,42
Butler, PA,41.5
Cambria, PA,43.8
Cameron, PA,48.2
Carbon, PA,43.9
Centre, PA,28.7
Chester, PA,39.3
Clarion, PA,39.4
Clearfield, PA,42.9
Clinton, PA,38.5
Columbia, PA,39.5
Crawford, PA,41.7
Cumberland, PA,40.3
Dauphin, PA,39.4
Delaware, PA,38.7
Elk, PA,45.1
Erie, PA,38.6
Fayette, PA,43.6
Forest, PA,43
Franklin, PA,40.1
Fulton, PA,41.8
Greene, PA,41.1
Huntingdon, PA,41.2
Indiana, PA,38.3
Jefferson, PA,43
Juniata, PA,40.9
Lackawanna, PA,41.8
Lancaster, PA,38.2
Lawrence, PA,43.6
Lebanon, PA,41
Lehigh, PA,39.4
Luzerne, PA,42.5
Lycoming, PA,41.1
McKean, PA,41.5
Mercer, PA,42.8
Mifflin, PA,42.5
Monroe, PA,40.3
Montgomery, PA,40.6
Montour, PA,43.9
Northampton, PA,40.9
Northumberland, PA,43.4
Perry, PA,41.1
Philadelphia, PA,33.5
Pike, PA,43.7
Potter, PA,44.9
Schuylkill, PA,43.2
Snyder, PA,39.2
Somerset, PA,44.3
Sullivan, PA,49.9
Susquehanna, PA,45.1
Tioga, PA,42.4
Union, PA,38.5
Venango, PA,44.3
Warren, PA,45.1
Washington, PA,43.6
Wayne, PA,45.9
Westmoreland, PA,45.1
Wyoming, PA,42.3
York, PA,40.1
RHODE ISLAND,,39.4
Bristol, RI,42.9
Kent, RI,42.7
Newport, RI,43.2
Providence, RI,37
Washington, RI,42.3
SOUTH CAROLINA,,37.9
Abbeville, SC,41.6
Aiken, SC,40
Allendale, SC,38.8
Anderson, SC,39.7
Bamberg, SC,39.3
Barnwell, SC,38.8
Beaufort, SC,40.6
Berkeley, SC,34.5
Calhoun, SC,43.4
Charleston, SC,35.9
Cherokee, SC,38.3
Chester, SC,40.3
Chesterfield, SC,39.3
Clarendon, SC,41.4
Colleton, SC,40.7
Darlington, SC,39.6
Dillon, SC,36.7
Dorchester, SC,35.6
Edgefield, SC,40.3
Fairfield, SC,42.4
Florence, SC,37.6
Georgetown, SC,45.4
Greenville, SC,37.2
Greenwood, SC,37.9
Hampton, SC,38.4
Horry, SC,41.1
Jasper, SC,34.6
Kershaw, SC,40.2
Lancaster, SC,39.7
Laurens, SC,39.9
Lee, SC,38.9
Lexington, SC,37.9
McCormick, SC,50
Marion, SC,39.9
Marlboro, SC,38.8
Newberry, SC,39.9
Oconee, SC,43.4
Orangeburg, SC,38.1
Pickens, SC,34.9
Richland, SC,32.6
Saluda, SC,39.6
Spartanburg, SC,38
Sumter, SC,35.4
Union, SC,41.9
Williamsburg, SC,40.2
York, SC,37.2
SOUTH DAKOTA,,36.9
Aurora, SD,43.2
Beadle, SD,41.2
Bennett, SD,28.7
Bon Homme, SD,43.1
Brookings, SD,26.3
Brown, SD,38.6
Brule, SD,41.3
Buffalo, SD,25
Butte, SD,41.1
Campbell, SD,50.1
Charles Mix, SD,38.2
Clark, SD,45.7
Clay, SD,25
Codington, SD,37.7
Corson, SD,29.7
Custer, SD,50.3
Davison, SD,37.8
Day, SD,47.9
Deuel, SD,43.9
Dewey, SD,30
Douglas, SD,48.3
Edmunds, SD,45.7
Fall River, SD,50.5
Faulk, SD,46.9
Grant, SD,45.1
Gregory, SD,48.2
Haakon, SD,48.8
Hamlin, SD,36.8
Hand, SD,48.2
Hanson, SD,35.5
Harding, SD,43.3
Hughes, SD,39.8
Hutchinson, SD,46.8
Hyde, SD,46.4
Jackson, SD,31.5
Jerauld, SD,48.6
Jones, SD,46.9
Kingsbury, SD,47.1
Lake, SD,39.9
Lawrence, SD,41
Lincoln, SD,32.8
Lyman, SD,36.1
McCook, SD,42.7
McPherson, SD,50.8
Marshall, SD,43.2
Meade, SD,35.9
Mellette, SD,34.2
Miner, SD,46.4
Minnehaha, SD,34.5
Moody, SD,40.5
Pennington, SD,36.8
Perkins, SD,48.5
Potter, SD,50.6
Roberts, SD,39.5
Sanborn, SD,47.1
Shannon, SD,23.5
Spink, SD,44.4
Stanley, SD,41.9
Sully, SD,46.6
Todd, SD,24
Tripp, SD,45.3
Turner, SD,43.7
Union, SD,40.2
Walworth, SD,47.2
Yankton, SD,41.3
Ziebach, SD,25.4
TENNESSEE,,38
Anderson, TN,42.6
Bedford, TN,36.4
Benton, TN,45.5
Bledsoe, TN,42.3
Blount, TN,41.4
Bradley, TN,38.2
Campbell, TN,41.7
Cannon, TN,41.4
Carroll, TN,42
Carter, TN,42.2
Cheatham, TN,39.3
Chester, TN,36.2
Claiborne, TN,41.1
Clay, TN,45.1
Cocke, TN,42.9
Coffee, TN,39.7
Crockett, TN,39.6
Cumberland, TN,48.3
Davidson, TN,33.9
Decatur, TN,44.3
DeKalb, TN,41
Dickson, TN,38.7
Dyer, TN,39.3
Fayette, TN,41.9
Fentress, TN,42.3
Franklin, TN,41.3
Gibson, TN,39.9
Giles, TN,42.1
Grainger, TN,42.1
Greene, TN,42.6
Grundy, TN,41.4
Hamblen, TN,39.6
Hamilton, TN,39.3
Hancock, TN,42.9
Hardeman, TN,39.2
Hardin, TN,43.5
Hawkins, TN,42.1
Haywood, TN,39.2
Henderson, TN,39.7
Henry, TN,44.3
Hickman, TN,40
Houston, TN,41.8
Humphreys, TN,41.9
Jackson, TN,44.7
Jefferson, TN,40.8
Johnson, TN,43.3
Knox, TN,37.2
Lake, TN,38.3
Lauderdale, TN,36.4
Lawrence, TN,39.7
Lewis, TN,41.2
Lincoln, TN,41.8
Loudon, TN,46
McMinn, TN,41.6
McNairy, TN,41.6
Macon, TN,38.7
Madison, TN,36.8
Marion, TN,42.3
Marshall, TN,38.9
Maury, TN,38.4
Meigs, TN,42.9
Monroe, TN,41.6
Montgomery, TN,30
Moore, TN,43.3
Morgan, TN,39.8
Obion, TN,41.4
Overton, TN,41.6
Perry, TN,43.1
Pickett, TN,47.2
Polk, TN,42.5
Putnam, TN,35.9
Rhea, TN,39.8
Roane, TN,44.9
Robertson, TN,37.6
Rutherford, TN,32.2
Scott, TN,38.1
Sequatchie, TN,40.6
Sevier, TN,40.9
Shelby, TN,34.6
Smith, TN,39.9
Stewart, TN,42.8
Sullivan, TN,43.6
Sumner, TN,38.6
Tipton, TN,36.6
Trousdale, TN,39.5
Unicoi, TN,44.9
Union, TN,40.1
Van Buren, TN,44.5
Warren, TN,39.3
Washington, TN,39.3
Wayne, TN,40.9
Weakley, TN,37
White, TN,42
Williamson, TN,38.5
Wilson, TN,39.3
TEXAS,,33.6
Anderson, TX,39.1
Andrews, TX,33.4
Angelina, TX,36.3
Aransas, TX,49
Archer, TX,42.6
Armstrong, TX,46.2
Atascosa, TX,36.2
Austin, TX,40.7
Bailey, TX,32.5
Bandera, TX,48.8
Bastrop, TX,38.4
Baylor, TX,47
Bee, TX,35.4
Bell, TX,29.6
Bexar, TX,32.8
Blanco, TX,46.7
Borden, TX,46
Bosque, TX,45.2
Bowie, TX,37.9
Brazoria, TX,35.1
Brazos, TX,24.5
Brewster, TX,41.5
Briscoe, TX,45.7
Brooks, TX,37.7
Brown, TX,40.1
Burleson, TX,43
Burnet, TX,43.2
Caldwell, TX,34.8
Calhoun, TX,38.4
Callahan, TX,43
Cameron, TX,30.6
Camp, TX,38.3
Carson, TX,42.4
Cass, TX,43.1
Castro, TX,33.9
Chambers, TX,36.1
Cherokee, TX,37.4
Childress, TX,33.7
Clay, TX,44.8
Cochran, TX,35.7
Coke, TX,48.4
Coleman, TX,46.3
Collin, TX,35
Collingsworth, TX,38.6
Colorado, TX,43.6
Comal, TX,42.5
Comanche, TX,43.3
Concho, TX,41.4
Cooke, TX,39.4
Coryell, TX,29.8
Cottle, TX,47.1
Crane, TX,35.2
Crockett, TX,39.1
Crosby, TX,37.9
Culberson, TX,38
Dallam, TX,32.2
Dallas, TX,32.5
Dawson, TX,33.4
Deaf Smith, TX,31
Delta, TX,44
Denton, TX,33
DeWitt, TX,42.8
Dickens, TX,42.3
Dimmit, TX,35.7
Donley, TX,42.5
Duval, TX,37.3
Eastland, TX,42.7
Ector, TX,31.4
Edwards, TX,47.2
Ellis, TX,35
El Paso, TX,31.3
Erath, TX,31
Falls, TX,39.9
Fannin, TX,41
Fayette, TX,46.4
Fisher, TX,45.7
Floyd, TX,38.5
Foard, TX,46.7
Fort Bend, TX,35
Franklin, TX,42.1
Freestone, TX,40.9
Frio, TX,32.3
Gaines, TX,28.4
Galveston, TX,37.2
Garza, TX,33.7
Gillespie, TX,49.6
Glasscock, TX,38.2
Goliad, TX,45.7
Gonzales, TX,37.2
Gray, TX,38.8
Grayson, TX,39.5
Gregg, TX,35.3
Grimes, TX,40
Guadalupe, TX,36.4
Hale, TX,32.2
Hall, TX,43.5
Hamilton, TX,46.7
Hansford, TX,35.5
Hardeman, TX,42.7
Hardin, TX,38.1
Harris, TX,32.2
Harrison, TX,37.4
Hartley, TX,39
Haskell, TX,44.6
Hays, TX,30.4
Hemphill, TX,35.9
Henderson, TX,42.8
Hidalgo, TX,28.3
Hill, TX,41
Hockley, TX,33.6
Hood, TX,45.9
Hopkins, TX,38.8
Houston, TX,43.6
Howard, TX,38.5
Hudspeth, TX,36.5
Hunt, TX,37.8
Hutchinson, TX,37.8
Irion, TX,45.1
Jack, TX,39.2
Jackson, TX,39.4
Jasper, TX,40.5
Jeff Davis, TX,52
Jefferson, TX,36
Jim Hogg, TX,35.6
Jim Wells, TX,34.9
Johnson, TX,36.3
Jones, TX,39
Karnes, TX,37.2
Kaufman, TX,35.4
Kendall, TX,44.1
Kenedy, TX,41.3
Kent, TX,48.4
Kerr, TX,47.3
Kimble, TX,48.6
King, TX,43.4
Kinney, TX,45.3
Kleberg, TX,29
Knox, TX,41.6
Lamar, TX,39.7
Lamb, TX,36.3
Lampasas, TX,41
La Salle, TX,30
Lavaca, TX,45.2
Lee, TX,39.8
Leon, TX,45.7
Liberty, TX,36.4
Limestone, TX,39
Lipscomb, TX,37
Live Oak, TX,43.8
Llano, TX,55
Loving, TX,52.7
Lubbock, TX,30.4
Lynn, TX,39.4
McCulloch, TX,43.5
McLennan, TX,32.7
McMullen, TX,49.8
Madison, TX,34.5
Marion, TX,48.4
Martin, TX,34.7
Mason, TX,49.3
Matagorda, TX,38.4
Maverick, TX,30
Medina, TX,38.6
Menard, TX,50.4
Midland, TX,33.5
Milam, TX,40.5
Mills, TX,45.7
Mitchell, TX,35.4
Montague, TX,43.6
Montgomery, TX,36.1
Moore, TX,30.7
Morris, TX,42.2
Motley, TX,49
Nacogdoches, TX,29.8
Navarro, TX,37.1
Newton, TX,40.7
Nolan, TX,39
Nueces, TX,35.1
Ochiltree, TX,31.8
Oldham, TX,34.4
Orange, TX,38.6
Palo Pinto, TX,40.3
Panola, TX,38.9
Parker, TX,38.9
Parmer, TX,31.9
Pecos, TX,36.6
Polk, TX,42.9
Potter, TX,33
Presidio, TX,38.5
Rains, TX,45.8
Randall, TX,35.3
Reagan, TX,33.5
Real, TX,50.5
Red River, TX,45.1
Reeves, TX,35.4
Refugio, TX,43
Roberts, TX,41.3
Robertson, TX,40.4
Rockwall, TX,35.9
Runnels, TX,42.3
Rusk, TX,38.6
Sabine, TX,50.5
San Augustine, TX,47.1
San Jacinto, TX,43
San Patricio, TX,36.1
San Saba, TX,40.6
Schleicher, TX,33.7
Scurry, TX,36.8
Shackelford, TX,42.9
Shelby, TX,37.6
Sherman, TX,36.8
Smith, TX,35.6
Somervell, TX,40.3
Starr, TX,29
Stephens, TX,40.1
Sterling, TX,41.8
Stonewall, TX,46.3
Sutton, TX,38.7
Swisher, TX,37
Tarrant, TX,33.4
Taylor, TX,32.8
Terrell, TX,44.5
Terry, TX,35.1
Throckmorton, TX,46.6
Titus, TX,32.5
Tom Green, TX,34.3
Travis, TX,31.9
Trinity, TX,47.3
Tyler, TX,42.1
Upshur, TX,40.5
Upton, TX,36.5
Uvalde, TX,35.3
Val Verde, TX,32.3
Van Zandt, TX,42.1
Victoria, TX,36.4
Walker, TX,34.5
Waller, TX,31.7
Ward, TX,37
Washington, TX,41.6
Webb, TX,27.8
Wharton, TX,37.2
Wheeler, TX,40.2
Wichita, TX,33.9
Wilbarger, TX,38
Willacy, TX,32.1
Williamson, TX,34.2
Wilson, TX,40
Winkler, TX,34.7
Wise, TX,38.4
Wood, TX,47.5
Yoakum, TX,32.8
Young, TX,41.8
Zapata, TX,28.3
Zavala, TX,30.8
UTAH,,29.2
Beaver, UT,31.9
Box Elder, UT,30.6
Cache, UT,25.5
Carbon, UT,34.4
Daggett, UT,42.8
Davis, UT,29.2
Duchesne, UT,29.7
Emery, UT,32.8
Garfield, UT,39
Grand, UT,39.9
Iron, UT,26.8
Juab, UT,29.3
Kane, UT,44.5
Millard, UT,33.7
Morgan, UT,32
Piute, UT,40.5
Rich, UT,34.7
Salt Lake, UT,30.8
San Juan, UT,29.9
Sanpete, UT,28.4
Sevier, UT,32.8
Summit, UT,37.1
Tooele, UT,29.6
Uintah, UT,29.1
Utah, UT,24.6
Wasatch, UT,31.6
Washington, UT,32.5
Wayne, UT,37.1
Weber, UT,30.7
VERMONT,,41.5
Addison, VT,41.3
Bennington, VT,45.1
Caledonia, VT,42.1
Chittenden, VT,36.2
Essex, VT,47.4
Franklin, VT,39.6
Grand Isle, VT,45.5
Lamoille, VT,39.7
Orange, VT,43.8
Orleans, VT,43.7
Rutland, VT,44.3
Washington, VT,42.3
Windham, VT,44.9
Windsor, VT,45.8
VIRGINIA,,37.5
Accomack, VA,44.7
Albemarle, VA,38.2
Alleghany, VA,45.8
Amelia, VA,42.7
Amherst, VA,42
Appomattox, VA,42.8
Arlington, VA,33.4
Augusta, VA,42.9
Bath, VA,47.5
Bedford, VA,44.3
Bland, VA,43.6
Botetourt, VA,44.9
Brunswick, VA,41.3
Buchanan, VA,43.8
Buckingham, VA,41.7
Campbell, VA,41.1
Caroline, VA,38.9
Carroll, VA,44.7
Charles City, VA,46.6
Charlotte, VA,43.7
Chesterfield, VA,37.6
Clarke, VA,44.9
Craig, VA,44.8
Culpeper, VA,38.2
Cumberland, VA,41.6
Dickenson, VA,43
Dinwiddie, VA,40.7
Essex, VA,43.2
Fairfax, VA,37.3
Fauquier, VA,41.3
Floyd, VA,43.6
Fluvanna, VA,41.1
Franklin, VA,44.1
Frederick, VA,39.1
Giles, VA,43.2
Gloucester, VA,42.6
Goochland, VA,45.2
Grayson, VA,46.7
Greene, VA,39.3
Greensville, VA,40.9
Halifax, VA,44.7
Hanover, VA,41
Henrico, VA,37.5
Henry, VA,44.7
Highland, VA,52.5
Isle of Wight, VA,43.8
James City, VA,44.9
King and Queen, VA,45.2
King George, VA,36.6
King William, VA,39.4
Lancaster, VA,54.1
Lee, VA,41.2
Loudoun, VA,34.8
Louisa, VA,42.6
Lunenburg, VA,43.8
Madison, VA,44.1
Mathews, VA,50.1
Mecklenburg, VA,45.8
Middlesex, VA,51
Montgomery, VA,26.6
Nelson, VA,47.6
New Kent, VA,42.4
Northampton, VA,47.8
Northumberland, VA,53.6
Nottoway, VA,41.4
Orange, VA,42.6
Page, VA,43
Patrick, VA,46.8
Pittsylvania, VA,44.2
Powhatan, VA,41.6
Prince Edward, VA,30.9
Prince George, VA,38
Prince William, VA,33.5
Pulaski, VA,44.1
Rappahannock, VA,47.5
Richmond, VA,43.5
Roanoke, VA,43.3
Rockbridge, VA,46.5
Rockingham, VA,40.4
Russell, VA,43
Scott, VA,44.7
Shenandoah, VA,43.1
Smyth, VA,43.1
Southampton, VA,44.3
Spotsylvania, VA,36.4
Stafford, VA,34.6
Surry, VA,45
Sussex, VA,40.6
Tazewell, VA,43.2
Warren, VA,39.7
Washington, VA,43.7
Westmoreland, VA,46.6
Wise, VA,39
Wythe, VA,43.2
York, VA,39.4
Alexandria, VA,35.6
Bedford, VA,42.9
Bristol, VA,41.3
Buena Vista, VA,37.6
Charlottesville, VA,27.8
Chesapeake, VA,37
Clifton Forge, VA,0
Colonial Heights, VA,41.9
Covington, VA,42.9
Danville, VA,42.6
Emporia, VA,37.9
Fairfax, VA,39.1
Falls Church, VA,39
Franklin, VA,40.7
Fredericksburg, VA,28.8
Galax, VA,42.4
Hampton, VA,35.5
Harrisonburg, VA,22.7
Hopewell, VA,36.5
Lexington, VA,22.8
Lynchburg, VA,30.3
Manassas, VA,32.1
Manassas Park, VA,30.9
Martinsville, VA,43.6
Newport News, VA,32.3
Norfolk, VA,29.7
Norton, VA,40
Petersburg, VA,39.8
Poquoson, VA,43.5
Portsmouth, VA,35.7
Radford, VA,22.4
Richmond, VA,32
Roanoke, VA,38.5
Salem, VA,40.5
South Boston, VA,0
Staunton, VA,42.2
Suffolk, VA,37.9
Virginia Beach, VA,34.9
Waynesboro, VA,38.8
Williamsburg, VA,23.8
Winchester, VA,35.1
WASHINGTON,,37.3
Adams, WA,29
Asotin, WA,43.5
Benton, WA,35.6
Chelan, WA,39.3
Clallam, WA,49
Clark, WA,36.7
Columbia, WA,48.3
Cowlitz, WA,40.2
Douglas, WA,36.8
Ferry, WA,47.3
Franklin, WA,28.4
Garfield, WA,49
Grant, WA,32.1
Grays Harbor, WA,41.9
Island, WA,43.2
Jefferson, WA,53.9
King, WA,37.1
Kitsap, WA,39.4
Kittitas, WA,31.9
Klickitat, WA,45.3
Lewis, WA,41.5
Lincoln, WA,47.6
Mason, WA,44.4
Okanogan, WA,42.9
Pacific, WA,50.8
Pend Oreille, WA,47.8
Pierce, WA,35.9
San Juan, WA,52.7
Skagit, WA,40.1
Skamania, WA,44
Snohomish, WA,37.1
Spokane, WA,36.8
Stevens, WA,45
Thurston, WA,38.5
Wahkiakum, WA,52.3
Walla Walla, WA,36.7
Whatcom, WA,36.6
Whitman, WA,24.4
Yakima, WA,32.2
WEST VIRGINIA,,41.3
Barbour, WV,41.5
Berkeley, WV,37.6
Boone, WV,40.7
Braxton, WV,43.8
Brooke, WV,44.8
Cabell, WV,38.7
Calhoun, WV,45.1
Clay, WV,41.5
Doddridge, WV,42.4
Fayette, WV,43
Gilmer, WV,38
Grant, WV,44
Greenbrier, WV,45
Hampshire, WV,42.6
Hancock, WV,45.3
Hardy, WV,42.8
Harrison, WV,41.8
Jackson, WV,42.2
Jefferson, WV,38.9
Kanawha, WV,42.4
Lewis, WV,43.4
Lincoln, WV,41.2
Logan, WV,42.4
McDowell, WV,43.8
Marion, WV,41
Marshall, WV,44.3
Mason, WV,42.4
Mercer, WV,42.5
Mineral, WV,42.3
Mingo, WV,40.9
Monongalia, WV,29.1
Monroe, WV,45
Morgan, WV,45
Nicholas, WV,43.3
Ohio, WV,43.5
Pendleton, WV,47.3
Pleasants, WV,42.4
Pocahontas, WV,47.1
Preston, WV,42
Putnam, WV,40.9
Raleigh, WV,41.1
Randolph, WV,43.4
Ritchie, WV,44.3
Roane, WV,43.5
Summers, WV,45.7
Taylor, WV,42.3
Tucker, WV,46.3
Tyler, WV,45.2
Upshur, WV,40.9
Wayne, WV,41.3
Webster, WV,44.1
Wetzel, WV,44.8
Wirt, WV,44.4
Wood, WV,42.2
Wyoming, WV,42.6
WISCONSIN,,38.5
Adams, WI,49.2
Ashland, WI,40.3
Barron, WI,43.1
Bayfield, WI,49.4
Brown, WI,36.2
Buffalo, WI,44.1
Burnett, WI,49.1
Calumet, WI,38.4
Chippewa, WI,40.1
Clark, WI,37.2
Columbia, WI,41
Crawford, WI,44.7
Dane, WI,34.4
Dodge, WI,40.7
Door, WI,49.4
Douglas, WI,39.8
Dunn, WI,33.5
Eau Claire, WI,33.4
Florence, WI,49
Fond du Lac, WI,40.2
Forest, WI,44.1
Grant, WI,36.4
Green, WI,41.1
Green Lake, WI,44.5
Iowa, WI,41.1
Iron, WI,51
Jackson, WI,41.4
Jefferson, WI,38.2
Juneau, WI,43.6
Kenosha, WI,36.3
Kewaunee, WI,42.2
La Crosse, WI,35.2
Lafayette, WI,40.4
Langlade, WI,45.7
Lincoln, WI,44.7
Manitowoc, WI,43
Marathon, WI,39.4
Marinette, WI,45.7
Marquette, WI,47.4
Menominee, WI,31.4
Milwaukee, WI,33.6
Monroe, WI,39.1
Oconto, WI,43.7
Oneida, WI,48
Outagamie, WI,37.1
Ozaukee, WI,42.9
Pepin, WI,44.1
Pierce, WI,34.5
Polk, WI,42.5
Portage, WI,35.8
Price, WI,48.3
Racine, WI,39
Richland, WI,43
Rock, WI,38
Rusk, WI,45.8
St. Croix, WI,36.7
Sauk, WI,40
Sawyer, WI,47.2
Shawano, WI,43
Sheboygan, WI,40.3
Taylor, WI,41.8
Trempealeau, WI,40.8
Vernon, WI,41.5
Vilas, WI,50.7
Walworth, WI,38.1
Washburn, WI,47.7
Washington, WI,40.9
Waukesha, WI,42
Waupaca, WI,43.5
Waushara, WI,46.2
Winnebago, WI,37.9
Wood, WI,42.6
WYOMING,,36.8
Albany, WY,26.8
Big Horn, WY,41.8
Campbell, WY,31.9
Carbon, WY,38.9
Converse, WY,39
Crook, WY,43.6
Fremont, WY,38.5
Goshen, WY,43.6
Hot Springs, WY,48.6
Johnson, WY,44.8
Laramie, WY,37
Lincoln, WY,37.4
Natrona, WY,36.8
Niobrara, WY,46.1
Park, WY,43.6
Platte, WY,47.5
Sheridan, WY,41.9
Sublette, WY,38.3
Sweetwater, WY,32.8
Teton, WY,36.9
Uinta, WY,33.9
Washakie, WY,41.8
Weston, WY,42.3
