Areaname,,,"New private housing units authorized by building permits - total 2010 (20,000-place universe)"
UNITED STATES,,,604610
ALABAMA,,,11261
Autauga, AL,,191
Baldwin, AL,,696
Barbour, AL,,10
Bibb, AL,,8
Blount, AL,,18
Bullock, AL,,1
Butler, AL,,3
Calhoun, AL,,107
Chambers, AL,,10
Cherokee, AL,,6
Chilton, AL,,22
Choctaw, AL,,1
Clarke, AL,,5
Clay, AL,,2
Cleburne, AL,,8
Coffee, AL,,239
Colbert, AL,,88
Conecuh, AL,,1
Coosa, AL,,0
Covington, AL,,12
Crenshaw, AL,,1
Cullman, AL,,24
Dale, AL,,136
Dallas, AL,,36
DeKalb, AL,,32
Elmore, AL,,128
Escambia, AL,,7
Etowah, AL,,105
Fayette, AL,,3
Franklin, AL,,12
Geneva, AL,,18
Greene, AL,,3
Hale, AL,,22
Henry, AL,,42
Houston, AL,,261
Jackson, AL,,18
Jefferson, AL,,1277
Lamar, AL,,1
Lauderdale, AL,,144
Lawrence, AL,,0
Lee, AL,,971
Limestone, AL,,138
Lowndes, AL,,3
Macon, AL,,5
Madison, AL,,2137
Marengo, AL,,32
Marion, AL,,7
Marshall, AL,,53
Mobile, AL,,1026
Monroe, AL,,1
Montgomery, AL,,671
Morgan, AL,,165
Perry, AL,,0
Pickens, AL,,4
Pike, AL,,88
Randolph, AL,,0
Russell, AL,,934
St. Clair, AL,,111
Shelby, AL,,473
Sumter, AL,,5
Talladega, AL,,116
Tallapoosa, AL,,9
Tuscaloosa, AL,,598
Walker, AL,,15
Washington, AL,,1
Wilcox, AL,,0
Winston, AL,,0
ALASKA,,,904
Aleutians East, AK,,0
Aleutians West, AK,,8
Anchorage, AK,,480
Bethel, AK,,10
Bristol Bay, AK,,1
Denali, AK,,0
Dillingham, AK,,0
Fairbanks North Star, AK,,42
Haines, AK,,6
Hoonah-Angoon, AK,,4
Juneau, AK,,53
Kenai Peninsula, AK,,89
Ketchikan Gateway, AK,,17
Kodiak Island, AK,,17
Lake and Peninsula, AK,,0
Matanuska-Susitna, AK,,53
Nome, AK,,1
North Slope, AK,,12
Northwest Arctic, AK,,4
Petersburg, AK,,5
Prince of Wales-Hyder, AK,,4
Sitka, AK,,13
Skagway, AK,,0
Southeast Fairbanks, AK,,0
Valdez-Cordova, AK,,19
Wade Hampton, AK,,0
Wrangell, AK,,0
Yakutat, AK,,2
Yukon-Koyukuk, AK,,0
ARIZONA,,,12370
Apache, AZ,,48
Cochise, AZ,,347
Coconino, AZ,,315
Gila, AZ,,73
Graham, AZ,,80
Greenlee, AZ,,4
La Paz, AZ,,16
Maricopa, AZ,,6703
Mohave, AZ,,262
Navajo, AZ,,140
Pima, AZ,,1938
Pinal, AZ,,1597
Santa Cruz, AZ,,53
Yavapai, AZ,,339
Yuma, AZ,,455
ARKANSAS,,,7177
Arkansas, AR,,17
Ashley, AR,,0
Baxter, AR,,17
Benton, AR,,769
Boone, AR,,71
Bradley, AR,,1
Calhoun, AR,,1
Carroll, AR,,10
Chicot, AR,,5
Clark, AR,,13
Clay, AR,,12
Cleburne, AR,,16
Cleveland, AR,,0
Columbia, AR,,8
Conway, AR,,8
Craighead, AR,,590
Crawford, AR,,104
Crittenden, AR,,42
Cross, AR,,8
Dallas, AR,,5
Desha, AR,,2
Drew, AR,,86
Faulkner, AR,,1070
Franklin, AR,,8
Fulton, AR,,0
Garland, AR,,38
Grant, AR,,39
Greene, AR,,168
Hempstead, AR,,5
Hot Spring, AR,,2
Howard, AR,,13
Independence, AR,,17
Izard, AR,,2
Jackson, AR,,6
Jefferson, AR,,124
Johnson, AR,,10
Lafayette, AR,,0
Lawrence, AR,,9
Lee, AR,,27
Lincoln, AR,,2
Little River, AR,,3
Logan, AR,,14
Lonoke, AR,,312
Madison, AR,,20
Marion, AR,,11
Miller, AR,,45
Mississippi, AR,,35
Monroe, AR,,1
Montgomery, AR,,0
Nevada, AR,,1
Newton, AR,,1
Ouachita, AR,,6
Perry, AR,,4
Phillips, AR,,2
Pike, AR,,0
Poinsett, AR,,21
Polk, AR,,37
Pope, AR,,133
Prairie, AR,,3
Pulaski, AR,,1283
Randolph, AR,,6
St. Francis, AR,,0
Saline, AR,,851
Scott, AR,,2
Searcy, AR,,0
Sebastian, AR,,462
Sevier, AR,,4
Sharp, AR,,3
Stone, AR,,9
Union, AR,,3
Van Buren, AR,,7
Washington, AR,,417
White, AR,,151
Woodruff, AR,,4
Yell, AR,,1
CALIFORNIA,,,43716
Alameda, CA,,1727
Alpine, CA,,4
Amador, CA,,29
Butte, CA,,512
Calaveras, CA,,45
Colusa, CA,,19
Contra Costa, CA,,1676
Del Norte, CA,,29
El Dorado, CA,,120
Fresno, CA,,2248
Glenn, CA,,45
Humboldt, CA,,191
Imperial, CA,,102
Inyo, CA,,8
Kern, CA,,1656
Kings, CA,,265
Lake, CA,,46
Lassen, CA,,13
Los Angeles, CA,,7260
Madera, CA,,192
Marin, CA,,186
Mariposa, CA,,45
Mendocino, CA,,157
Merced, CA,,106
Modoc, CA,,16
Mono, CA,,22
Monterey, CA,,279
Napa, CA,,110
Nevada, CA,,142
Orange, CA,,3134
Placer, CA,,1166
Plumas, CA,,35
Riverside, CA,,4547
Sacramento, CA,,1162
San Benito, CA,,47
San Bernardino, CA,,1789
San Diego, CA,,3494
San Francisco, CA,,779
San Joaquin, CA,,813
San Luis Obispo, CA,,468
San Mateo, CA,,253
Santa Barbara, CA,,400
Santa Clara, CA,,4132
Santa Cruz, CA,,158
Shasta, CA,,253
Sierra, CA,,7
Siskiyou, CA,,58
Solano, CA,,467
Sonoma, CA,,477
Stanislaus, CA,,292
Sutter, CA,,88
Tehama, CA,,77
Trinity, CA,,40
Tulare, CA,,1367
Tuolumne, CA,,57
Ventura, CA,,590
Yolo, CA,,254
Yuba, CA,,62
COLORADO,,,11591
Adams, CO,,662
Alamosa, CO,,38
Arapahoe, CO,,1279
Archuleta, CO,,37
Baca, CO,,2
Bent, CO,,0
Boulder, CO,,657
Broomfield, CO,,232
Chaffee, CO,,101
Cheyenne, CO,,1
Clear Creek, CO,,13
Conejos, CO,,17
Costilla, CO,,24
Crowley, CO,,4
Custer, CO,,67
Delta, CO,,10
Denver, CO,,1232
Dolores, CO,,0
Douglas, CO,,915
Eagle, CO,,61
Elbert, CO,,33
El Paso, CO,,1718
Fremont, CO,,53
Garfield, CO,,37
Gilpin, CO,,4
Grand, CO,,159
Gunnison, CO,,73
Hinsdale, CO,,11
Huerfano, CO,,30
Jackson, CO,,7
Jefferson, CO,,577
Kiowa, CO,,6
Kit Carson, CO,,2
Lake, CO,,19
La Plata, CO,,222
Larimer, CO,,1153
Las Animas, CO,,20
Lincoln, CO,,1
Logan, CO,,15
Mesa, CO,,408
Mineral, CO,,5
Moffat, CO,,7
Montezuma, CO,,14
Montrose, CO,,62
Morgan, CO,,22
Otero, CO,,3
Ouray, CO,,20
Park, CO,,95
Phillips, CO,,3
Pitkin, CO,,44
Prowers, CO,,2
Pueblo, CO,,234
Rio Blanco, CO,,22
Rio Grande, CO,,21
Routt, CO,,27
Saguache, CO,,35
San Juan, CO,,1
San Miguel, CO,,47
Sedgwick, CO,,0
Summit, CO,,117
Teller, CO,,42
Washington, CO,,5
Weld, CO,,863
Yuma, CO,,0
CONNECTICUT,,,3932
Fairfield, CT,,926
Hartford, CT,,810
Litchfield, CT,,164
Middlesex, CT,,279
New Haven, CT,,1019
New London, CT,,344
Tolland, CT,,190
Windham, CT,,200
DELAWARE,,,3072
Kent, DE,,813
New Castle, DE,,705
Sussex, DE,,1554
DISTRICT OF COLUMBIA,,,739
District of Columbia,,,739
FLORIDA,,,38679
Alachua, FL,,454
Baker, FL,,35
Bay, FL,,309
Bradford, FL,,31
Brevard, FL,,1144
Broward, FL,,1168
Calhoun, FL,,17
Charlotte, FL,,425
Citrus, FL,,199
Clay, FL,,551
Collier, FL,,1259
Columbia, FL,,84
DeSoto, FL,,96
Dixie, FL,,18
Duval, FL,,1501
Escambia, FL,,973
Flagler, FL,,278
Franklin, FL,,6
Gadsden, FL,,89
Gilchrist, FL,,36
Glades, FL,,8
Gulf, FL,,45
Hamilton, FL,,22
Hardee, FL,,12
Hendry, FL,,22
Hernando, FL,,242
Highlands, FL,,154
Hillsborough, FL,,3950
Holmes, FL,,16
Indian River, FL,,307
Jackson, FL,,58
Jefferson, FL,,21
Lafayette, FL,,19
Lake, FL,,552
Lee, FL,,1276
Leon, FL,,434
Levy, FL,,56
Liberty, FL,,12
Madison, FL,,27
Manatee, FL,,1247
Marion, FL,,481
Martin, FL,,199
Miami-Dade, FL,,3203
Monroe, FL,,271
Nassau, FL,,251
Okaloosa, FL,,547
Okeechobee, FL,,48
Orange, FL,,2880
Osceola, FL,,892
Palm Beach, FL,,1506
Pasco, FL,,1612
Pinellas, FL,,697
Polk, FL,,1200
Putnam, FL,,36
St. Johns, FL,,1268
St. Lucie, FL,,293
Santa Rosa, FL,,781
Sarasota, FL,,708
Seminole, FL,,930
Sumter, FL,,2420
Suwannee, FL,,50
Taylor, FL,,33
Union, FL,,13
Volusia, FL,,715
Wakulla, FL,,81
Walton, FL,,388
Washington, FL,,23
GEORGIA,,,17265
Appling, GA,,2
Atkinson, GA,,0
Bacon, GA,,0
Baker, GA,,0
Baldwin, GA,,61
Banks, GA,,42
Barrow, GA,,62
Bartow, GA,,144
Ben Hill, GA,,36
Berrien, GA,,28
Bibb, GA,,210
Bleckley, GA,,9
Brantley, GA,,22
Brooks, GA,,24
Bryan, GA,,223
Bulloch, GA,,207
Burke, GA,,41
Butts, GA,,9
Calhoun, GA,,1
Camden, GA,,96
Candler, GA,,0
Carroll, GA,,149
Catoosa, GA,,123
Charlton, GA,,17
Chatham, GA,,957
Chattahoochee, GA,,6
Chattooga, GA,,0
Cherokee, GA,,549
Clarke, GA,,94
Clay, GA,,10
Clayton, GA,,143
Clinch, GA,,5
Cobb, GA,,1013
Coffee, GA,,108
Colquitt, GA,,67
Columbia, GA,,1285
Cook, GA,,22
Coweta, GA,,416
Crawford, GA,,15
Crisp, GA,,75
Dade, GA,,1
Dawson, GA,,35
Decatur, GA,,89
DeKalb, GA,,432
Dodge, GA,,12
Dooly, GA,,0
Dougherty, GA,,54
Douglas, GA,,72
Early, GA,,12
Echols, GA,,3
Effingham, GA,,121
Elbert, GA,,18
Emanuel, GA,,5
Evans, GA,,14
Fannin, GA,,106
Fayette, GA,,82
Floyd, GA,,55
Forsyth, GA,,1125
Franklin, GA,,1
Fulton, GA,,1101
Gilmer, GA,,91
Glascock, GA,,0
Glynn, GA,,307
Gordon, GA,,33
Grady, GA,,20
Greene, GA,,124
Gwinnett, GA,,1239
Habersham, GA,,35
Hall, GA,,184
Hancock, GA,,12
Haralson, GA,,17
Harris, GA,,88
Hart, GA,,29
Heard, GA,,11
Henry, GA,,260
Houston, GA,,646
Irwin, GA,,19
Jackson, GA,,82
Jasper, GA,,36
Jeff Davis, GA,,0
Jefferson, GA,,19
Jenkins, GA,,8
Johnson, GA,,0
Jones, GA,,25
Lamar, GA,,80
Lanier, GA,,68
Laurens, GA,,60
Lee, GA,,111
Liberty, GA,,111
Lincoln, GA,,16
Long, GA,,0
Lowndes, GA,,757
Lumpkin, GA,,56
McDuffie, GA,,33
McIntosh, GA,,75
Macon, GA,,1
Madison, GA,,58
Marion, GA,,17
Meriwether, GA,,29
Miller, GA,,4
Mitchell, GA,,34
Monroe, GA,,110
Montgomery, GA,,9
Morgan, GA,,33
Murray, GA,,31
Muscogee, GA,,339
Newton, GA,,58
Oconee, GA,,74
Oglethorpe, GA,,0
Paulding, GA,,265
Peach, GA,,78
Pickens, GA,,28
Pierce, GA,,34
Pike, GA,,17
Polk, GA,,94
Pulaski, GA,,14
Putnam, GA,,35
Quitman, GA,,5
Rabun, GA,,65
Randolph, GA,,1
Richmond, GA,,378
Rockdale, GA,,40
Schley, GA,,0
Screven, GA,,7
Seminole, GA,,53
Spalding, GA,,118
Stephens, GA,,2
Stewart, GA,,1
Sumter, GA,,19
Talbot, GA,,6
Taliaferro, GA,,2
Tattnall, GA,,21
Taylor, GA,,10
Telfair, GA,,0
Terrell, GA,,14
Thomas, GA,,72
Tift, GA,,47
Toombs, GA,,21
Towns, GA,,59
Treutlen, GA,,6
Troup, GA,,140
Turner, GA,,7
Twiggs, GA,,8
Union, GA,,68
Upson, GA,,71
Walker, GA,,75
Walton, GA,,45
Ware, GA,,76
Warren, GA,,0
Washington, GA,,4
Wayne, GA,,3
Webster, GA,,0
Wheeler, GA,,0
White, GA,,40
Whitfield, GA,,70
Wilcox, GA,,0
Wilkes, GA,,17
Wilkinson, GA,,2
Worth, GA,,69
HAWAII,,,3442
Hawaii, HI,,1102
Honolulu, HI,,1891
Kalawao, HI,,0
Kauai, HI,,172
Maui, HI,,277
IDAHO,,,4153
Ada, ID,,1285
Adams, ID,,13
Bannock, ID,,140
Bear Lake, ID,,27
Benewah, ID,,19
Bingham, ID,,61
Blaine, ID,,24
Boise, ID,,24
Bonner, ID,,17
Bonneville, ID,,325
Boundary, ID,,29
Butte, ID,,1
Camas, ID,,4
Canyon, ID,,360
Caribou, ID,,7
Cassia, ID,,37
Clark, ID,,2
Clearwater, ID,,20
Custer, ID,,12
Elmore, ID,,37
Franklin, ID,,52
Fremont, ID,,52
Gem, ID,,13
Gooding, ID,,12
Idaho, ID,,4
Jefferson, ID,,65
Jerome, ID,,54
Kootenai, ID,,627
Latah, ID,,107
Lemhi, ID,,20
Lewis, ID,,0
Lincoln, ID,,3
Madison, ID,,249
Minidoka, ID,,40
Nez Perce, ID,,48
Oneida, ID,,19
Owyhee, ID,,11
Payette, ID,,38
Power, ID,,9
Shoshone, ID,,2
Teton, ID,,16
Twin Falls, ID,,199
Valley, ID,,46
Washington, ID,,23
ILLINOIS,,,12318
Adams, IL,,139
Alexander, IL,,0
Bond, IL,,28
Boone, IL,,42
Brown, IL,,0
Bureau, IL,,27
Calhoun, IL,,3
Carroll, IL,,18
Cass, IL,,3
Champaign, IL,,478
Christian, IL,,35
Clark, IL,,5
Clay, IL,,3
Clinton, IL,,104
Coles, IL,,127
Cook, IL,,2734
Crawford, IL,,7
Cumberland, IL,,2
DeKalb, IL,,51
De Witt, IL,,24
Douglas, IL,,26
DuPage, IL,,618
Edgar, IL,,6
Edwards, IL,,0
Effingham, IL,,147
Fayette, IL,,4
Ford, IL,,10
Franklin, IL,,15
Fulton, IL,,32
Gallatin, IL,,0
Greene, IL,,1
Grundy, IL,,86
Hamilton, IL,,0
Hancock, IL,,3
Hardin, IL,,0
Henderson, IL,,17
Henry, IL,,28
Iroquois, IL,,44
Jackson, IL,,65
Jasper, IL,,0
Jefferson, IL,,0
Jersey, IL,,65
Jo Daviess, IL,,37
Johnson, IL,,3
Kane, IL,,565
Kankakee, IL,,71
Kendall, IL,,177
Knox, IL,,7
Lake, IL,,698
LaSalle, IL,,77
Lawrence, IL,,0
Lee, IL,,29
Livingston, IL,,29
Logan, IL,,17
McDonough, IL,,9
McHenry, IL,,305
McLean, IL,,427
Macon, IL,,101
Macoupin, IL,,48
Madison, IL,,483
Marion, IL,,0
Marshall, IL,,13
Mason, IL,,8
Massac, IL,,1
Menard, IL,,9
Mercer, IL,,10
Monroe, IL,,131
Montgomery, IL,,24
Morgan, IL,,8
Moultrie, IL,,33
Ogle, IL,,97
Peoria, IL,,455
Perry, IL,,26
Piatt, IL,,41
Pike, IL,,15
Pope, IL,,0
Pulaski, IL,,8
Putnam, IL,,15
Randolph, IL,,50
Richland, IL,,10
Rock Island, IL,,237
St. Clair, IL,,1023
Saline, IL,,0
Sangamon, IL,,390
Schuyler, IL,,0
Scott, IL,,0
Shelby, IL,,99
Stark, IL,,0
Stephenson, IL,,27
Tazewell, IL,,242
Union, IL,,27
Vermilion, IL,,13
Wabash, IL,,1
Warren, IL,,57
Washington, IL,,31
Wayne, IL,,1
White, IL,,0
Whiteside, IL,,50
Will, IL,,618
Williamson, IL,,128
Winnebago, IL,,257
Woodford, IL,,83
INDIANA,,,13083
Adams, IN,,44
Allen, IN,,721
Bartholomew, IN,,131
Benton, IN,,7
Blackford, IN,,8
Boone, IN,,767
Brown, IN,,136
Carroll, IN,,37
Cass, IN,,15
Clark, IN,,276
Clay, IN,,15
Clinton, IN,,13
Crawford, IN,,0
Daviess, IN,,42
Dearborn, IN,,68
Decatur, IN,,31
DeKalb, IN,,70
Delaware, IN,,50
Dubois, IN,,81
Elkhart, IN,,234
Fayette, IN,,4
Floyd, IN,,133
Fountain, IN,,5
Franklin, IN,,26
Fulton, IN,,10
Gibson, IN,,45
Grant, IN,,46
Greene, IN,,0
Hamilton, IN,,1975
Hancock, IN,,151
Harrison, IN,,88
Hendricks, IN,,631
Henry, IN,,22
Howard, IN,,13
Huntington, IN,,79
Jackson, IN,,111
Jasper, IN,,80
Jay, IN,,14
Jefferson, IN,,37
Jennings, IN,,37
Johnson, IN,,651
Knox, IN,,17
Kosciusko, IN,,193
LaGrange, IN,,74
Lake, IN,,818
LaPorte, IN,,228
Lawrence, IN,,8
Madison, IN,,80
Marion, IN,,1404
Marshall, IN,,88
Martin, IN,,0
Miami, IN,,10
Monroe, IN,,261
Montgomery, IN,,42
Morgan, IN,,89
Newton, IN,,18
Noble, IN,,66
Ohio, IN,,15
Orange, IN,,5
Owen, IN,,2
Parke, IN,,29
Perry, IN,,38
Pike, IN,,34
Porter, IN,,251
Posey, IN,,60
Pulaski, IN,,13
Putnam, IN,,63
Randolph, IN,,12
Ripley, IN,,68
Rush, IN,,10
St. Joseph, IN,,311
Scott, IN,,44
Shelby, IN,,54
Spencer, IN,,38
Starke, IN,,31
Steuben, IN,,71
Sullivan, IN,,1
Switzerland, IN,,44
Tippecanoe, IN,,487
Tipton, IN,,5
Union, IN,,0
Vanderburgh, IN,,277
Vermillion, IN,,9
Vigo, IN,,164
Wabash, IN,,23
Warren, IN,,11
Warrick, IN,,197
Washington, IN,,31
Wayne, IN,,149
Wells, IN,,71
White, IN,,72
Whitley, IN,,93
IOWA,,,7607
Adair, IA,,4
Adams, IA,,2
Allamakee, IA,,34
Appanoose, IA,,8
Audubon, IA,,30
Benton, IA,,16
Black Hawk, IA,,318
Boone, IA,,32
Bremer, IA,,59
Buchanan, IA,,25
Buena Vista, IA,,12
Butler, IA,,29
Calhoun, IA,,8
Carroll, IA,,29
Cass, IA,,11
Cedar, IA,,32
Cerro Gordo, IA,,51
Cherokee, IA,,12
Chickasaw, IA,,7
Clarke, IA,,60
Clay, IA,,16
Clayton, IA,,21
Clinton, IA,,80
Crawford, IA,,20
Dallas, IA,,265
Davis, IA,,3
Decatur, IA,,4
Delaware, IA,,10
Des Moines, IA,,33
Dickinson, IA,,92
Dubuque, IA,,548
Emmet, IA,,25
Fayette, IA,,5
Floyd, IA,,12
Franklin, IA,,2
Fremont, IA,,12
Greene, IA,,13
Grundy, IA,,14
Guthrie, IA,,4
Hamilton, IA,,1
Hancock, IA,,9
Hardin, IA,,4
Harrison, IA,,20
Henry, IA,,18
Howard, IA,,7
Humboldt, IA,,9
Ida, IA,,12
Iowa, IA,,10
Jackson, IA,,20
Jasper, IA,,32
Jefferson, IA,,9
Johnson, IA,,519
Jones, IA,,21
Keokuk, IA,,4
Kossuth, IA,,19
Lee, IA,,133
Linn, IA,,818
Louisa, IA,,14
Lucas, IA,,3
Lyon, IA,,20
Madison, IA,,35
Mahaska, IA,,10
Marion, IA,,48
Marshall, IA,,14
Mills, IA,,16
Mitchell, IA,,24
Monona, IA,,15
Monroe, IA,,16
Montgomery, IA,,9
Muscatine, IA,,46
O'Brien, IA,,7
Osceola, IA,,1
Page, IA,,13
Palo Alto, IA,,4
Plymouth, IA,,44
Pocahontas, IA,,4
Polk, IA,,2233
Pottawattamie, IA,,168
Poweshiek, IA,,19
Ringgold, IA,,2
Sac, IA,,3
Scott, IA,,427
Shelby, IA,,11
Sioux, IA,,88
Story, IA,,167
Tama, IA,,15
Taylor, IA,,2
Union, IA,,5
Van Buren, IA,,1
Wapello, IA,,26
Warren, IA,,278
Washington, IA,,34
Wayne, IA,,0
Webster, IA,,23
Winnebago, IA,,2
Winneshiek, IA,,41
Woodbury, IA,,86
Worth, IA,,4
Wright, IA,,6
KANSAS,,,5140
Allen, KS,,16
Anderson, KS,,7
Atchison, KS,,4
Barber, KS,,1
Barton, KS,,7
Bourbon, KS,,1
Brown, KS,,1
Butler, KS,,147
Chase, KS,,0
Chautauqua, KS,,0
Cherokee, KS,,4
Cheyenne, KS,,0
Clark, KS,,2
Clay, KS,,7
Cloud, KS,,4
Coffey, KS,,29
Comanche, KS,,0
Cowley, KS,,37
Crawford, KS,,47
Decatur, KS,,1
Dickinson, KS,,33
Doniphan, KS,,7
Douglas, KS,,288
Edwards, KS,,0
Elk, KS,,0
Ellis, KS,,54
Ellsworth, KS,,0
Finney, KS,,18
Ford, KS,,52
Franklin, KS,,33
Geary, KS,,229
Gove, KS,,0
Graham, KS,,5
Grant, KS,,5
Gray, KS,,34
Greeley, KS,,1
Greenwood, KS,,0
Hamilton, KS,,0
Harper, KS,,4
Harvey, KS,,55
Haskell, KS,,0
Hodgeman, KS,,0
Jackson, KS,,19
Jefferson, KS,,36
Jewell, KS,,0
Johnson, KS,,1053
Kearny, KS,,4
Kingman, KS,,11
Kiowa, KS,,1
Labette, KS,,15
Lane, KS,,0
Leavenworth, KS,,103
Lincoln, KS,,0
Linn, KS,,23
Logan, KS,,0
Lyon, KS,,27
McPherson, KS,,56
Marion, KS,,20
Marshall, KS,,29
Meade, KS,,1
Miami, KS,,38
Mitchell, KS,,2
Montgomery, KS,,6
Morris, KS,,3
Morton, KS,,0
Nemaha, KS,,9
Neosho, KS,,62
Ness, KS,,0
Norton, KS,,0
Osage, KS,,24
Osborne, KS,,0
Ottawa, KS,,4
Pawnee, KS,,12
Phillips, KS,,0
Pottawatomie, KS,,90
Pratt, KS,,1
Rawlins, KS,,0
Reno, KS,,63
Republic, KS,,1
Rice, KS,,28
Riley, KS,,511
Rooks, KS,,3
Rush, KS,,1
Russell, KS,,2
Saline, KS,,98
Scott, KS,,3
Sedgwick, KS,,1036
Seward, KS,,58
Shawnee, KS,,285
Sheridan, KS,,0
Sherman, KS,,0
Smith, KS,,4
Stafford, KS,,6
Stanton, KS,,0
Stevens, KS,,0
Sumner, KS,,21
Thomas, KS,,0
Trego, KS,,2
Wabaunsee, KS,,17
Wallace, KS,,0
Washington, KS,,2
Wichita, KS,,0
Wilson, KS,,2
Woodson, KS,,1
Wyandotte, KS,,214
KENTUCKY,,,7986
Adair, KY,,8
Allen, KY,,0
Anderson, KY,,57
Ballard, KY,,0
Barren, KY,,156
Bath, KY,,0
Bell, KY,,22
Boone, KY,,450
Bourbon, KY,,33
Boyd, KY,,15
Boyle, KY,,47
Bracken, KY,,0
Breathitt, KY,,1
Breckinridge, KY,,6
Bullitt, KY,,293
Butler, KY,,0
Caldwell, KY,,3
Calloway, KY,,46
Campbell, KY,,143
Carlisle, KY,,0
Carroll, KY,,0
Carter, KY,,3
Casey, KY,,1
Christian, KY,,115
Clark, KY,,49
Clay, KY,,0
Clinton, KY,,0
Crittenden, KY,,5
Cumberland, KY,,0
Daviess, KY,,332
Edmonson, KY,,0
Elliott, KY,,0
Estill, KY,,5
Fayette, KY,,822
Fleming, KY,,2
Floyd, KY,,2
Franklin, KY,,50
Fulton, KY,,1
Gallatin, KY,,37
Garrard, KY,,1
Grant, KY,,32
Graves, KY,,2
Grayson, KY,,21
Green, KY,,1
Greenup, KY,,14
Hancock, KY,,5
Hardin, KY,,1209
Harlan, KY,,0
Harrison, KY,,21
Hart, KY,,52
Henderson, KY,,63
Henry, KY,,28
Hickman, KY,,0
Hopkins, KY,,82
Jackson, KY,,0
Jefferson, KY,,1003
Jessamine, KY,,222
Johnson, KY,,1
Kenton, KY,,260
Knott, KY,,0
Knox, KY,,0
Larue, KY,,33
Laurel, KY,,9
Lawrence, KY,,0
Lee, KY,,0
Leslie, KY,,0
Letcher, KY,,3
Lewis, KY,,0
Lincoln, KY,,40
Livingston, KY,,0
Logan, KY,,24
Lyon, KY,,8
McCracken, KY,,145
McCreary, KY,,0
McLean, KY,,1
Madison, KY,,186
Magoffin, KY,,0
Marion, KY,,10
Marshall, KY,,65
Martin, KY,,0
Mason, KY,,27
Meade, KY,,216
Menifee, KY,,0
Mercer, KY,,42
Metcalfe, KY,,0
Monroe, KY,,0
Montgomery, KY,,29
Morgan, KY,,1
Muhlenberg, KY,,1
Nelson, KY,,146
Nicholas, KY,,2
Ohio, KY,,4
Oldham, KY,,113
Owen, KY,,10
Owsley, KY,,0
Pendleton, KY,,0
Perry, KY,,9
Pike, KY,,19
Powell, KY,,0
Pulaski, KY,,7
Robertson, KY,,0
Rockcastle, KY,,0
Rowan, KY,,3
Russell, KY,,4
Scott, KY,,185
Shelby, KY,,109
Simpson, KY,,23
Spencer, KY,,89
Taylor, KY,,47
Todd, KY,,11
Trigg, KY,,2
Trimble, KY,,0
Union, KY,,7
Warren, KY,,573
Washington, KY,,2
Wayne, KY,,0
Webster, KY,,2
Whitley, KY,,8
Wolfe, KY,,0
Woodford, KY,,50
LOUISIANA,,,11343
Acadia, LA,,108
Allen, LA,,4
Ascension, LA,,711
Assumption, LA,,36
Avoyelles, LA,,39
Beauregard, LA,,28
Bienville, LA,,0
Bossier, LA,,956
Caddo, LA,,344
Calcasieu, LA,,910
Caldwell, LA,,7
Cameron, LA,,65
Catahoula, LA,,9
Claiborne, LA,,0
Concordia, LA,,19
De Soto, LA,,0
East Baton Rouge, LA,,1129
East Carroll, LA,,0
East Feliciana, LA,,36
Evangeline, LA,,53
Franklin, LA,,35
Grant, LA,,37
Iberia, LA,,114
Iberville, LA,,34
Jackson, LA,,23
Jefferson, LA,,274
Jefferson Davis, LA,,91
Lafayette, LA,,689
Lafourche, LA,,204
La Salle, LA,,3
Lincoln, LA,,29
Livingston, LA,,812
Madison, LA,,14
Morehouse, LA,,21
Natchitoches, LA,,54
Orleans, LA,,1080
Ouachita, LA,,423
Plaquemines, LA,,72
Pointe Coupee, LA,,45
Rapides, LA,,397
Red River, LA,,0
Richland, LA,,120
Sabine, LA,,0
St. Bernard, LA,,24
St. Charles, LA,,91
St. Helena, LA,,0
St. James, LA,,40
St. John the Baptist, LA,,52
St. Landry, LA,,139
St. Martin, LA,,160
St. Mary, LA,,56
St. Tammany, LA,,578
Tangipahoa, LA,,526
Tensas, LA,,7
Terrebonne, LA,,161
Union, LA,,18
Vermilion, LA,,131
Vernon, LA,,14
Washington, LA,,68
Webster, LA,,57
West Baton Rouge, LA,,157
West Carroll, LA,,1
West Feliciana, LA,,38
Winn, LA,,0
MAINE,,,3034
Androscoggin, ME,,206
Aroostook, ME,,93
Cumberland, ME,,585
Franklin, ME,,100
Hancock, ME,,175
Kennebec, ME,,303
Knox, ME,,75
Lincoln, ME,,77
Oxford, ME,,143
Penobscot, ME,,272
Piscataquis, ME,,20
Sagadahoc, ME,,102
Somerset, ME,,60
Waldo, ME,,65
Washington, ME,,84
York, ME,,573
MARYLAND,,,11931
Allegany, MD,,122
Anne Arundel, MD,,1711
Baltimore, MD,,1230
Calvert, MD,,222
Caroline, MD,,67
Carroll, MD,,195
Cecil, MD,,364
Charles, MD,,576
Dorchester, MD,,156
Frederick, MD,,939
Garrett, MD,,95
Harford, MD,,771
Howard, MD,,1151
Kent, MD,,61
Montgomery, MD,,1899
Prince George's, MD,,707
Queen Anne's, MD,,167
St. Mary's, MD,,413
Somerset, MD,,48
Talbot, MD,,173
Washington, MD,,256
Wicomico, MD,,146
Worcester, MD,,93
Baltimore city, MD,,369
MASSACHUSETTS,,,9075
Barnstable, MA,,418
Berkshire, MA,,139
Bristol, MA,,505
Dukes, MA,,113
Essex, MA,,872
Franklin, MA,,58
Hampden, MA,,327
Hampshire, MA,,248
Middlesex, MA,,2109
Nantucket, MA,,53
Norfolk, MA,,1417
Plymouth, MA,,945
Suffolk, MA,,480
Worcester, MA,,1391
MICHIGAN,,,9075
Alcona, MI,,20
Alger, MI,,35
Allegan, MI,,152
Alpena, MI,,11
Antrim, MI,,42
Arenac, MI,,10
Baraga, MI,,6
Barry, MI,,84
Bay, MI,,54
Benzie, MI,,58
Berrien, MI,,133
Branch, MI,,19
Calhoun, MI,,33
Cass, MI,,72
Charlevoix, MI,,57
Cheboygan, MI,,39
Chippewa, MI,,60
Clare, MI,,34
Clinton, MI,,91
Crawford, MI,,38
Delta, MI,,60
Dickinson, MI,,36
Eaton, MI,,121
Emmet, MI,,47
Genesee, MI,,78
Gladwin, MI,,42
Gogebic, MI,,18
Grand Traverse, MI,,181
Gratiot, MI,,9
Hillsdale, MI,,46
Houghton, MI,,57
Huron, MI,,36
Ingham, MI,,465
Ionia, MI,,28
Iosco, MI,,27
Iron, MI,,43
Isabella, MI,,52
Jackson, MI,,63
Kalamazoo, MI,,289
Kalkaska, MI,,22
Kent, MI,,694
Keweenaw, MI,,9
Lake, MI,,42
Lapeer, MI,,22
Leelanau, MI,,89
Lenawee, MI,,102
Livingston, MI,,178
Luce, MI,,6
Mackinac, MI,,26
Macomb, MI,,991
Manistee, MI,,10
Marquette, MI,,126
Mason, MI,,39
Mecosta, MI,,35
Menominee, MI,,29
Midland, MI,,123
Missaukee, MI,,19
Monroe, MI,,117
Montcalm, MI,,59
Montmorency, MI,,20
Muskegon, MI,,106
Newaygo, MI,,37
Oakland, MI,,1230
Oceana, MI,,32
Ogemaw, MI,,29
Ontonagon, MI,,9
Osceola, MI,,19
Oscoda, MI,,15
Otsego, MI,,17
Ottawa, MI,,434
Presque Isle, MI,,20
Roscommon, MI,,28
Saginaw, MI,,137
St. Clair, MI,,54
St. Joseph, MI,,32
Sanilac, MI,,23
Schoolcraft, MI,,19
Shiawassee, MI,,29
Tuscola, MI,,29
Van Buren, MI,,78
Washtenaw, MI,,368
Wayne, MI,,735
Wexford, MI,,39
MINNESOTA,,,9840
Aitkin, MN,,112
Anoka, MN,,642
Becker, MN,,157
Beltrami, MN,,65
Benton, MN,,41
Big Stone, MN,,14
Blue Earth, MN,,174
Brown, MN,,27
Carlton, MN,,68
Carver, MN,,294
Cass, MN,,158
Chippewa, MN,,3
Chisago, MN,,43
Clay, MN,,211
Clearwater, MN,,3
Cook, MN,,37
Cottonwood, MN,,5
Crow Wing, MN,,207
Dakota, MN,,507
Dodge, MN,,39
Douglas, MN,,396
Faribault, MN,,9
Fillmore, MN,,55
Freeborn, MN,,34
Goodhue, MN,,42
Grant, MN,,2
Hennepin, MN,,1915
Houston, MN,,40
Hubbard, MN,,25
Isanti, MN,,34
Itasca, MN,,79
Jackson, MN,,17
Kanabec, MN,,11
Kandiyohi, MN,,82
Kittson, MN,,2
Koochiching, MN,,14
Lac qui Parle, MN,,11
Lake, MN,,48
Lake of the Woods, MN,,21
Le Sueur, MN,,35
Lincoln, MN,,15
Lyon, MN,,20
McLeod, MN,,16
Mahnomen, MN,,0
Marshall, MN,,3
Martin, MN,,13
Meeker, MN,,23
Mille Lacs, MN,,18
Morrison, MN,,61
Mower, MN,,29
Murray, MN,,26
Nicollet, MN,,157
Nobles, MN,,41
Norman, MN,,7
Olmsted, MN,,398
Otter Tail, MN,,36
Pennington, MN,,5
Pine, MN,,46
Pipestone, MN,,10
Polk, MN,,56
Pope, MN,,52
Ramsey, MN,,122
Red Lake, MN,,2
Redwood, MN,,23
Renville, MN,,15
Rice, MN,,85
Rock, MN,,19
Roseau, MN,,3
St. Louis, MN,,326
Scott, MN,,483
Sherburne, MN,,135
Sibley, MN,,9
Stearns, MN,,273
Steele, MN,,41
Stevens, MN,,14
Swift, MN,,5
Todd, MN,,49
Traverse, MN,,9
Wabasha, MN,,40
Wadena, MN,,38
Waseca, MN,,23
Washington, MN,,1069
Watonwan, MN,,8
Wilkin, MN,,7
Winona, MN,,113
Wright, MN,,211
Yellow Medicine, MN,,7
MISSISSIPPI,,,5259
Adams, MS,,5
Alcorn, MS,,13
Amite, MS,,0
Attala, MS,,2
Benton, MS,,0
Bolivar, MS,,16
Calhoun, MS,,1
Carroll, MS,,0
Chickasaw, MS,,2
Choctaw, MS,,1
Claiborne, MS,,0
Clarke, MS,,3
Clay, MS,,14
Coahoma, MS,,8
Copiah, MS,,3
Covington, MS,,4
DeSoto, MS,,456
Forrest, MS,,52
Franklin, MS,,0
George, MS,,3
Greene, MS,,0
Grenada, MS,,13
Hancock, MS,,428
Harrison, MS,,1304
Hinds, MS,,323
Holmes, MS,,3
Humphreys, MS,,2
Issaquena, MS,,0
Itawamba, MS,,18
Jackson, MS,,326
Jasper, MS,,0
Jefferson, MS,,3
Jefferson Davis, MS,,0
Jones, MS,,56
Kemper, MS,,0
Lafayette, MS,,82
Lamar, MS,,22
Lauderdale, MS,,109
Lawrence, MS,,3
Leake, MS,,0
Lee, MS,,99
Leflore, MS,,9
Lincoln, MS,,11
Lowndes, MS,,109
Madison, MS,,581
Marion, MS,,2
Marshall, MS,,47
Monroe, MS,,9
Montgomery, MS,,39
Neshoba, MS,,3
Newton, MS,,0
Noxubee, MS,,0
Oktibbeha, MS,,83
Panola, MS,,14
Pearl River, MS,,238
Perry, MS,,0
Pike, MS,,62
Pontotoc, MS,,17
Prentiss, MS,,8
Quitman, MS,,9
Rankin, MS,,475
Scott, MS,,16
Sharkey, MS,,2
Simpson, MS,,9
Smith, MS,,2
Stone, MS,,12
Sunflower, MS,,8
Tallahatchie, MS,,1
Tate, MS,,66
Tippah, MS,,8
Tishomingo, MS,,1
Tunica, MS,,11
Union, MS,,2
Walthall, MS,,1
Warren, MS,,0
Washington, MS,,14
Wayne, MS,,2
Webster, MS,,2
Wilkinson, MS,,1
Winston, MS,,0
Yalobusha, MS,,9
Yazoo, MS,,2
MISSOURI,,,9699
Adair, MO,,17
Andrew, MO,,6
Atchison, MO,,1
Audrain, MO,,8
Barry, MO,,22
Barton, MO,,7
Bates, MO,,22
Benton, MO,,1
Bollinger, MO,,1
Boone, MO,,607
Buchanan, MO,,118
Butler, MO,,24
Caldwell, MO,,17
Callaway, MO,,43
Camden, MO,,85
Cape Girardeau, MO,,98
Carroll, MO,,14
Carter, MO,,2
Cass, MO,,186
Cedar, MO,,8
Chariton, MO,,0
Christian, MO,,286
Clark, MO,,9
Clay, MO,,141
Clinton, MO,,21
Cole, MO,,178
Cooper, MO,,42
Crawford, MO,,10
Dade, MO,,2
Dallas, MO,,0
Daviess, MO,,3
DeKalb, MO,,0
Dent, MO,,1
Douglas, MO,,1
Dunklin, MO,,3
Franklin, MO,,184
Gasconade, MO,,2
Gentry, MO,,4
Greene, MO,,1004
Grundy, MO,,1
Harrison, MO,,0
Henry, MO,,54
Hickory, MO,,0
Holt, MO,,3
Howard, MO,,0
Howell, MO,,73
Iron, MO,,1
Jackson, MO,,670
Jasper, MO,,157
Jefferson, MO,,636
Johnson, MO,,110
Knox, MO,,0
Laclede, MO,,55
Lafayette, MO,,42
Lawrence, MO,,5
Lewis, MO,,5
Lincoln, MO,,94
Linn, MO,,1
Livingston, MO,,29
McDonald, MO,,15
Macon, MO,,12
Madison, MO,,1
Maries, MO,,5
Marion, MO,,56
Mercer, MO,,1
Miller, MO,,12
Mississippi, MO,,12
Moniteau, MO,,1
Monroe, MO,,23
Montgomery, MO,,26
Morgan, MO,,1
New Madrid, MO,,20
Newton, MO,,45
Nodaway, MO,,27
Oregon, MO,,2
Osage, MO,,0
Ozark, MO,,6
Pemiscot, MO,,14
Perry, MO,,25
Pettis, MO,,28
Phelps, MO,,98
Pike, MO,,6
Platte, MO,,137
Polk, MO,,21
Pulaski, MO,,54
Putnam, MO,,2
Ralls, MO,,0
Randolph, MO,,5
Ray, MO,,14
Reynolds, MO,,6
Ripley, MO,,2
St. Charles, MO,,1799
St. Clair, MO,,1
Ste. Genevieve, MO,,8
St. Francois, MO,,352
St. Louis, MO,,673
Saline, MO,,23
Schuyler, MO,,1
Scotland, MO,,5
Scott, MO,,28
Shannon, MO,,0
Shelby, MO,,3
Stoddard, MO,,18
Stone, MO,,97
Sullivan, MO,,1
Taney, MO,,464
Texas, MO,,9
Vernon, MO,,5
Warren, MO,,124
Washington, MO,,6
Wayne, MO,,0
Webster, MO,,27
Worth, MO,,0
Wright, MO,,5
St. Louis city, MO,,259
MONTANA,,,2022
Beaverhead, MT,,13
Big Horn, MT,,0
Blaine, MT,,0
Broadwater, MT,,3
Carbon, MT,,9
Carter, MT,,0
Cascade, MT,,150
Chouteau, MT,,0
Custer, MT,,6
Daniels, MT,,1
Dawson, MT,,1
Deer Lodge, MT,,17
Fallon, MT,,6
Fergus, MT,,1
Flathead, MT,,154
Gallatin, MT,,398
Garfield, MT,,2
Glacier, MT,,1
Golden Valley, MT,,0
Granite, MT,,0
Hill, MT,,7
Jefferson, MT,,1
Judith Basin, MT,,0
Lake, MT,,25
Lewis and Clark, MT,,168
Liberty, MT,,0
Lincoln, MT,,10
McCone, MT,,0
Madison, MT,,2
Meagher, MT,,0
Mineral, MT,,0
Missoula, MT,,368
Musselshell, MT,,1
Park, MT,,15
Petroleum, MT,,0
Phillips, MT,,1
Pondera, MT,,1
Powder River, MT,,0
Powell, MT,,0
Prairie, MT,,0
Ravalli, MT,,36
Richland, MT,,27
Roosevelt, MT,,3
Rosebud, MT,,6
Sanders, MT,,0
Sheridan, MT,,1
Silver Bow, MT,,122
Stillwater, MT,,9
Sweet Grass, MT,,0
Teton, MT,,4
Toole, MT,,2
Treasure, MT,,0
Valley, MT,,3
Wheatland, MT,,0
Wibaux, MT,,0
Yellowstone, MT,,448
Yellowstone National Park, MT,,0
NEBRASKA,,,5401
Adams, NE,,176
Antelope, NE,,16
Arthur, NE,,0
Banner, NE,,0
Blaine, NE,,0
Boone, NE,,3
Box Butte, NE,,18
Boyd, NE,,0
Brown, NE,,1
Buffalo, NE,,109
Burt, NE,,8
Butler, NE,,8
Cass, NE,,65
Cedar, NE,,6
Chase, NE,,1
Cherry, NE,,8
Cheyenne, NE,,8
Clay, NE,,4
Colfax, NE,,8
Cuming, NE,,7
Custer, NE,,0
Dakota, NE,,112
Dawes, NE,,2
Dawson, NE,,38
Deuel, NE,,0
Dixon, NE,,3
Dodge, NE,,40
Douglas, NE,,1916
Dundy, NE,,0
Fillmore, NE,,3
Franklin, NE,,1
Frontier, NE,,4
Furnas, NE,,3
Gage, NE,,17
Garden, NE,,1
Garfield, NE,,3
Gosper, NE,,10
Grant, NE,,0
Greeley, NE,,0
Hall, NE,,119
Hamilton, NE,,31
Harlan, NE,,3
Hayes, NE,,0
Hitchcock, NE,,0
Holt, NE,,9
Hooker, NE,,3
Howard, NE,,18
Jefferson, NE,,6
Johnson, NE,,2
Kearney, NE,,28
Keith, NE,,6
Keya Paha, NE,,2
Kimball, NE,,0
Knox, NE,,20
Lancaster, NE,,979
Lincoln, NE,,83
Logan, NE,,0
Loup, NE,,4
McPherson, NE,,0
Madison, NE,,68
Merrick, NE,,23
Morrill, NE,,0
Nance, NE,,11
Nemaha, NE,,9
Nuckolls, NE,,2
Otoe, NE,,38
Pawnee, NE,,0
Perkins, NE,,0
Phelps, NE,,34
Pierce, NE,,9
Platte, NE,,88
Polk, NE,,2
Red Willow, NE,,0
Richardson, NE,,1
Rock, NE,,0
Saline, NE,,20
Sarpy, NE,,939
Saunders, NE,,62
Scotts Bluff, NE,,21
Seward, NE,,53
Sheridan, NE,,1
Sherman, NE,,3
Sioux, NE,,2
Stanton, NE,,10
Thayer, NE,,6
Thomas, NE,,0
Thurston, NE,,5
Valley, NE,,18
Washington, NE,,37
Wayne, NE,,9
Webster, NE,,4
Wheeler, NE,,0
York, NE,,14
NEVADA,,,6443
Churchill, NV,,3
Clark, NV,,5474
Douglas, NV,,56
Elko, NV,,136
Esmeralda, NV,,0
Eureka, NV,,0
Humboldt, NV,,18
Lander, NV,,5
Lincoln, NV,,11
Lyon, NV,,53
Mineral, NV,,7
Nye, NV,,0
Pershing, NV,,2
Storey, NV,,6
Washoe, NV,,600
White Pine, NV,,1
Carson City city, NV,,71
NEW HAMPSHIRE,,,2670
Belknap, NH,,178
Carroll, NH,,167
Cheshire, NH,,102
Coos, NH,,39
Grafton, NH,,401
Hillsborough, NH,,682
Merrimack, NH,,180
Rockingham, NH,,593
Strafford, NH,,256
Sullivan, NH,,72
NEW JERSEY,,,13535
Atlantic, NJ,,512
Bergen, NJ,,1226
Burlington, NJ,,682
Camden, NJ,,487
Cape May, NJ,,434
Cumberland, NJ,,246
Essex, NJ,,663
Gloucester, NJ,,716
Hudson, NJ,,917
Hunterdon, NJ,,275
Mercer, NJ,,655
Middlesex, NJ,,1568
Monmouth, NJ,,915
Morris, NJ,,579
Ocean, NJ,,1325
Passaic, NJ,,402
Salem, NJ,,105
Somerset, NJ,,716
Sussex, NJ,,210
Union, NJ,,730
Warren, NJ,,172
NEW MEXICO,,,4533
Bernalillo, NM,,1133
Catron, NM,,0
Chaves, NM,,21
Cibola, NM,,0
Colfax, NM,,16
Curry, NM,,161
De Baca, NM,,0
Dona Ana, NM,,974
Eddy, NM,,89
Grant, NM,,0
Guadalupe, NM,,0
Harding, NM,,0
Hidalgo, NM,,0
Lea, NM,,77
Lincoln, NM,,53
Los Alamos, NM,,2
Luna, NM,,25
McKinley, NM,,17
Mora, NM,,0
Otero, NM,,2
Quay, NM,,0
Rio Arriba, NM,,3
Roosevelt, NM,,51
Sandoval, NM,,544
San Juan, NM,,273
San Miguel, NM,,0
Santa Fe, NM,,96
Sierra, NM,,1
Socorro, NM,,4
Taos, NM,,60
Torrance, NM,,0
Union, NM,,0
Valencia, NM,,87
NEW YORK,,,19568
Albany, NY,,321
Allegany, NY,,53
Bronx, NY,,1064
Broome, NY,,60
Cattaraugus, NY,,116
Cayuga, NY,,85
Chautauqua, NY,,130
Chemung, NY,,76
Chenango, NY,,76
Clinton, NY,,115
Columbia, NY,,67
Cortland, NY,,63
Delaware, NY,,65
Dutchess, NY,,336
Erie, NY,,1261
Essex, NY,,74
Franklin, NY,,68
Fulton, NY,,92
Genesee, NY,,47
Greene, NY,,93
Hamilton, NY,,48
Herkimer, NY,,96
Jefferson, NY,,291
Kings, NY,,2093
Lewis, NY,,104
Livingston, NY,,95
Madison, NY,,92
Monroe, NY,,872
Montgomery, NY,,140
Nassau, NY,,523
New York, NY,,704
Niagara, NY,,237
Oneida, NY,,218
Onondaga, NY,,845
Ontario, NY,,320
Orange, NY,,1007
Orleans, NY,,27
Oswego, NY,,202
Otsego, NY,,62
Putnam, NY,,81
Queens, NY,,2358
Rensselaer, NY,,332
Richmond, NY,,508
Rockland, NY,,294
St. Lawrence, NY,,176
Saratoga, NY,,612
Schenectady, NY,,130
Schoharie, NY,,34
Schuyler, NY,,40
Seneca, NY,,68
Steuben, NY,,104
Suffolk, NY,,971
Sullivan, NY,,244
Tioga, NY,,48
Tompkins, NY,,153
Ulster, NY,,334
Warren, NY,,151
Washington, NY,,128
Wayne, NY,,135
Westchester, NY,,357
Wyoming, NY,,28
Yates, NY,,44
NORTH CAROLINA,,,33889
Alamance, NC,,847
Alexander, NC,,47
Alleghany, NC,,39
Anson, NC,,31
Ashe, NC,,90
Avery, NC,,50
Beaufort, NC,,211
Bertie, NC,,24
Bladen, NC,,38
Brunswick, NC,,1079
Buncombe, NC,,1588
Burke, NC,,113
Cabarrus, NC,,671
Caldwell, NC,,132
Camden, NC,,16
Carteret, NC,,216
Caswell, NC,,40
Catawba, NC,,156
Chatham, NC,,263
Cherokee, NC,,108
Chowan, NC,,29
Clay, NC,,41
Cleveland, NC,,92
Columbus, NC,,28
Craven, NC,,434
Cumberland, NC,,3054
Currituck, NC,,138
Dare, NC,,137
Davidson, NC,,266
Davie, NC,,66
Duplin, NC,,77
Durham, NC,,1230
Edgecombe, NC,,37
Forsyth, NC,,1033
Franklin, NC,,158
Gaston, NC,,456
Gates, NC,,34
Graham, NC,,29
Granville, NC,,202
Greene, NC,,9
Guilford, NC,,1480
Halifax, NC,,124
Harnett, NC,,837
Haywood, NC,,172
Henderson, NC,,226
Hertford, NC,,19
Hoke, NC,,555
Hyde, NC,,9
Iredell, NC,,353
Jackson, NC,,155
Johnston, NC,,641
Jones, NC,,51
Lee, NC,,114
Lenoir, NC,,32
Lincoln, NC,,133
McDowell, NC,,115
Macon, NC,,77
Madison, NC,,52
Martin, NC,,22
Mecklenburg, NC,,2672
Mitchell, NC,,49
Montgomery, NC,,40
Moore, NC,,366
Nash, NC,,175
New Hanover, NC,,568
Northampton, NC,,22
Onslow, NC,,2375
Orange, NC,,352
Pamlico, NC,,48
Pasquotank, NC,,45
Pender, NC,,183
Perquimans, NC,,53
Person, NC,,68
Pitt, NC,,669
Polk, NC,,39
Randolph, NC,,318
Richmond, NC,,115
Robeson, NC,,206
Rockingham, NC,,105
Rowan, NC,,207
Rutherford, NC,,111
Sampson, NC,,93
Scotland, NC,,80
Stanly, NC,,130
Stokes, NC,,40
Surry, NC,,88
Swain, NC,,46
Transylvania, NC,,160
Tyrrell, NC,,5
Union, NC,,520
Vance, NC,,83
Wake, NC,,4414
Warren, NC,,32
Washington, NC,,10
Watauga, NC,,271
Wayne, NC,,279
Wilkes, NC,,89
Wilson, NC,,181
Yadkin, NC,,62
Yancey, NC,,44
NORTH DAKOTA,,,3833
Adams, ND,,2
Barnes, ND,,6
Benson, ND,,1
Billings, ND,,4
Bottineau, ND,,2
Bowman, ND,,4
Burke, ND,,0
Burleigh, ND,,536
Cass, ND,,1107
Cavalier, ND,,2
Dickey, ND,,0
Divide, ND,,14
Dunn, ND,,5
Eddy, ND,,5
Emmons, ND,,6
Foster, ND,,1
Golden Valley, ND,,2
Grand Forks, ND,,144
Grant, ND,,0
Griggs, ND,,1
Hettinger, ND,,0
Kidder, ND,,0
LaMoure, ND,,1
Logan, ND,,1
McHenry, ND,,27
McIntosh, ND,,1
McKenzie, ND,,36
McLean, ND,,31
Mercer, ND,,7
Morton, ND,,114
Mountrail, ND,,94
Nelson, ND,,7
Oliver, ND,,1
Pembina, ND,,0
Pierce, ND,,3
Ramsey, ND,,14
Ransom, ND,,4
Renville, ND,,1
Richland, ND,,24
Rolette, ND,,3
Sargent, ND,,3
Sheridan, ND,,2
Sioux, ND,,0
Slope, ND,,0
Stark, ND,,310
Steele, ND,,2
Stutsman, ND,,83
Towner, ND,,0
Traill, ND,,4
Walsh, ND,,48
Ward, ND,,692
Wells, ND,,2
Williams, ND,,476
OHIO,,,13710
Adams, OH,,0
Allen, OH,,116
Ashland, OH,,40
Ashtabula, OH,,81
Athens, OH,,195
Auglaize, OH,,69
Belmont, OH,,13
Brown, OH,,41
Butler, OH,,462
Carroll, OH,,3
Champaign, OH,,29
Clark, OH,,57
Clermont, OH,,524
Clinton, OH,,33
Columbiana, OH,,19
Coshocton, OH,,2
Crawford, OH,,12
Cuyahoga, OH,,531
Darke, OH,,30
Defiance, OH,,55
Delaware, OH,,577
Erie, OH,,47
Fairfield, OH,,196
Fayette, OH,,23
Franklin, OH,,3119
Fulton, OH,,40
Gallia, OH,,9
Geauga, OH,,91
Greene, OH,,380
Guernsey, OH,,28
Hamilton, OH,,549
Hancock, OH,,86
Hardin, OH,,22
Harrison, OH,,0
Henry, OH,,15
Highland, OH,,19
Hocking, OH,,5
Holmes, OH,,3
Huron, OH,,35
Jackson, OH,,40
Jefferson, OH,,4
Knox, OH,,225
Lake, OH,,276
Lawrence, OH,,10
Licking, OH,,348
Logan, OH,,65
Lorain, OH,,620
Lucas, OH,,303
Madison, OH,,33
Mahoning, OH,,100
Marion, OH,,82
Medina, OH,,423
Meigs, OH,,5
Mercer, OH,,39
Miami, OH,,108
Monroe, OH,,0
Montgomery, OH,,243
Morgan, OH,,6
Morrow, OH,,33
Muskingum, OH,,30
Noble, OH,,12
Ottawa, OH,,136
Paulding, OH,,12
Perry, OH,,30
Pickaway, OH,,23
Pike, OH,,75
Portage, OH,,175
Preble, OH,,27
Putnam, OH,,38
Richland, OH,,45
Ross, OH,,13
Sandusky, OH,,33
Scioto, OH,,36
Seneca, OH,,14
Shelby, OH,,98
Stark, OH,,449
Summit, OH,,561
Trumbull, OH,,73
Tuscarawas, OH,,43
Union, OH,,115
Van Wert, OH,,30
Vinton, OH,,0
Warren, OH,,599
Washington, OH,,13
Wayne, OH,,132
Williams, OH,,15
Wood, OH,,296
Wyandot, OH,,68
OKLAHOMA,,,8140
Adair, OK,,30
Alfalfa, OK,,0
Atoka, OK,,17
Beaver, OK,,0
Beckham, OK,,20
Blaine, OK,,4
Bryan, OK,,80
Caddo, OK,,30
Canadian, OK,,180
Carter, OK,,145
Cherokee, OK,,38
Choctaw, OK,,14
Cimarron, OK,,0
Cleveland, OK,,1143
Coal, OK,,1
Comanche, OK,,326
Cotton, OK,,0
Craig, OK,,1
Creek, OK,,91
Custer, OK,,34
Delaware, OK,,24
Dewey, OK,,0
Ellis, OK,,2
Garfield, OK,,74
Garvin, OK,,4
Grady, OK,,44
Grant, OK,,0
Greer, OK,,4
Harmon, OK,,0
Harper, OK,,0
Haskell, OK,,3
Hughes, OK,,26
Jackson, OK,,33
Jefferson, OK,,3
Johnston, OK,,5
Kay, OK,,11
Kingfisher, OK,,30
Kiowa, OK,,0
Latimer, OK,,4
Le Flore, OK,,60
Lincoln, OK,,26
Logan, OK,,12
Love, OK,,0
McClain, OK,,146
McCurtain, OK,,16
McIntosh, OK,,22
Major, OK,,3
Marshall, OK,,2
Mayes, OK,,10
Murray, OK,,17
Muskogee, OK,,62
Noble, OK,,0
Nowata, OK,,4
Okfuskee, OK,,15
Oklahoma, OK,,2084
Okmulgee, OK,,0
Osage, OK,,111
Ottawa, OK,,31
Pawnee, OK,,0
Payne, OK,,108
Pittsburg, OK,,178
Pontotoc, OK,,86
Pottawatomie, OK,,119
Pushmataha, OK,,1
Roger Mills, OK,,0
Rogers, OK,,265
Seminole, OK,,21
Sequoyah, OK,,56
Stephens, OK,,30
Texas, OK,,2
Tillman, OK,,0
Tulsa, OK,,1966
Wagoner, OK,,183
Washington, OK,,64
Washita, OK,,0
Woods, OK,,0
Woodward, OK,,19
OREGON,,,6868
Baker, OR,,34
Benton, OR,,93
Clackamas, OR,,665
Clatsop, OR,,160
Columbia, OR,,62
Coos, OR,,24
Crook, OR,,61
Curry, OR,,27
Deschutes, OR,,377
Douglas, OR,,181
Gilliam, OR,,0
Grant, OR,,0
Harney, OR,,6
Hood River, OR,,88
Jackson, OR,,373
Jefferson, OR,,32
Josephine, OR,,106
Klamath, OR,,68
Lake, OR,,11
Lane, OR,,550
Lincoln, OR,,118
Linn, OR,,174
Malheur, OR,,15
Marion, OR,,610
Morrow, OR,,5
Multnomah, OR,,1235
Polk, OR,,89
Sherman, OR,,0
Tillamook, OR,,90
Umatilla, OR,,78
Union, OR,,32
Wallowa, OR,,0
Wasco, OR,,0
Washington, OR,,1271
Wheeler, OR,,0
Yamhill, OR,,148
PENNSYLVANIA,,,19740
Adams, PA,,306
Allegheny, PA,,1424
Armstrong, PA,,60
Beaver, PA,,337
Bedford, PA,,108
Berks, PA,,415
Blair, PA,,159
Bradford, PA,,175
Bucks, PA,,474
Butler, PA,,523
Cambria, PA,,117
Cameron, PA,,0
Carbon, PA,,149
Centre, PA,,426
Chester, PA,,1112
Clarion, PA,,47
Clearfield, PA,,124
Clinton, PA,,31
Columbia, PA,,123
Crawford, PA,,108
Cumberland, PA,,832
Dauphin, PA,,691
Delaware, PA,,363
Elk, PA,,36
Erie, PA,,586
Fayette, PA,,240
Forest, PA,,10
Franklin, PA,,570
Fulton, PA,,24
Greene, PA,,41
Huntingdon, PA,,99
Indiana, PA,,88
Jefferson, PA,,81
Juniata, PA,,41
Lackawanna, PA,,265
Lancaster, PA,,1381
Lawrence, PA,,105
Lebanon, PA,,240
Lehigh, PA,,589
Luzerne, PA,,359
Lycoming, PA,,207
McKean, PA,,35
Mercer, PA,,152
Mifflin, PA,,79
Monroe, PA,,263
Montgomery, PA,,1061
Montour, PA,,65
Northampton, PA,,478
Northumberland, PA,,124
Perry, PA,,89
Philadelphia, PA,,984
Pike, PA,,189
Potter, PA,,30
Schuylkill, PA,,188
Snyder, PA,,89
Somerset, PA,,112
Sullivan, PA,,24
Susquehanna, PA,,73
Tioga, PA,,99
Union, PA,,91
Venango, PA,,68
Warren, PA,,32
Washington, PA,,471
Wayne, PA,,196
Westmoreland, PA,,560
Wyoming, PA,,63
York, PA,,1059
RHODE ISLAND,,,934
Bristol, RI,,40
Kent, RI,,216
Newport, RI,,93
Providence, RI,,297
Washington, RI,,288
SOUTH CAROLINA,,,14021
Abbeville, SC,,19
Aiken, SC,,697
Allendale, SC,,1
Anderson, SC,,420
Bamberg, SC,,9
Barnwell, SC,,15
Beaufort, SC,,244
Berkeley, SC,,1176
Calhoun, SC,,32
Charleston, SC,,1361
Cherokee, SC,,91
Chester, SC,,32
Chesterfield, SC,,42
Clarendon, SC,,70
Colleton, SC,,11
Darlington, SC,,168
Dillon, SC,,15
Dorchester, SC,,523
Edgefield, SC,,40
Fairfield, SC,,32
Florence, SC,,308
Georgetown, SC,,140
Greenville, SC,,1304
Greenwood, SC,,50
Hampton, SC,,14
Horry, SC,,1508
Jasper, SC,,168
Kershaw, SC,,252
Lancaster, SC,,120
Laurens, SC,,79
Lee, SC,,11
Lexington, SC,,1318
McCormick, SC,,24
Marion, SC,,20
Marlboro, SC,,6
Newberry, SC,,69
Oconee, SC,,186
Orangeburg, SC,,79
Pickens, SC,,159
Richland, SC,,1274
Saluda, SC,,34
Spartanburg, SC,,562
Sumter, SC,,353
Union, SC,,17
Williamsburg, SC,,30
York, SC,,938
SOUTH DAKOTA,,,2946
Aurora, SD,,7
Beadle, SD,,31
Bennett, SD,,1
Bon Homme, SD,,8
Brookings, SD,,117
Brown, SD,,170
Brule, SD,,7
Buffalo, SD,,0
Butte, SD,,25
Campbell, SD,,4
Charles Mix, SD,,5
Clark, SD,,24
Clay, SD,,40
Codington, SD,,59
Corson, SD,,0
Custer, SD,,34
Davison, SD,,87
Day, SD,,28
Deuel, SD,,8
Dewey, SD,,0
Douglas, SD,,5
Edmunds, SD,,21
Fall River, SD,,2
Faulk, SD,,3
Grant, SD,,12
Gregory, SD,,6
Haakon, SD,,1
Hamlin, SD,,24
Hand, SD,,5
Hanson, SD,,0
Harding, SD,,0
Hughes, SD,,29
Hutchinson, SD,,14
Hyde, SD,,0
Jackson, SD,,0
Jerauld, SD,,8
Jones, SD,,6
Kingsbury, SD,,9
Lake, SD,,26
Lawrence, SD,,162
Lincoln, SD,,145
Lyman, SD,,8
McCook, SD,,14
McPherson, SD,,5
Marshall, SD,,4
Meade, SD,,87
Mellette, SD,,2
Miner, SD,,3
Minnehaha, SD,,894
Moody, SD,,15
Pennington, SD,,555
Perkins, SD,,0
Potter, SD,,1
Roberts, SD,,18
Sanborn, SD,,1
Shannon, SD,,0
Spink, SD,,22
Stanley, SD,,13
Sully, SD,,2
Todd, SD,,0
Tripp, SD,,0
Turner, SD,,28
Union, SD,,74
Walworth, SD,,11
Yankton, SD,,56
Ziebach, SD,,0
TENNESSEE,,,16475
Anderson, TN,,146
Bedford, TN,,127
Benton, TN,,0
Bledsoe, TN,,0
Blount, TN,,207
Bradley, TN,,449
Campbell, TN,,135
Cannon, TN,,7
Carroll, TN,,59
Carter, TN,,143
Cheatham, TN,,50
Chester, TN,,27
Claiborne, TN,,108
Clay, TN,,0
Cocke, TN,,2
Coffee, TN,,70
Crockett, TN,,1
Cumberland, TN,,69
Davidson, TN,,1608
Decatur, TN,,0
DeKalb, TN,,6
Dickson, TN,,109
Dyer, TN,,58
Fayette, TN,,159
Fentress, TN,,0
Franklin, TN,,85
Gibson, TN,,132
Giles, TN,,5
Grainger, TN,,2
Greene, TN,,136
Grundy, TN,,0
Hamblen, TN,,80
Hamilton, TN,,817
Hancock, TN,,0
Hardeman, TN,,41
Hardin, TN,,15
Hawkins, TN,,25
Haywood, TN,,17
Henderson, TN,,53
Henry, TN,,12
Hickman, TN,,0
Houston, TN,,3
Humphreys, TN,,58
Jackson, TN,,0
Jefferson, TN,,124
Johnson, TN,,2
Knox, TN,,1606
Lake, TN,,7
Lauderdale, TN,,33
Lawrence, TN,,4
Lewis, TN,,4
Lincoln, TN,,23
Loudon, TN,,238
McMinn, TN,,0
McNairy, TN,,72
Macon, TN,,28
Madison, TN,,222
Marion, TN,,49
Marshall, TN,,66
Maury, TN,,341
Meigs, TN,,34
Monroe, TN,,110
Montgomery, TN,,1800
Moore, TN,,22
Morgan, TN,,2
Obion, TN,,32
Overton, TN,,4
Perry, TN,,1
Pickett, TN,,0
Polk, TN,,101
Putnam, TN,,282
Rhea, TN,,52
Roane, TN,,15
Robertson, TN,,159
Rutherford, TN,,1123
Scott, TN,,3
Sequatchie, TN,,21
Sevier, TN,,120
Shelby, TN,,1548
Smith, TN,,47
Stewart, TN,,4
Sullivan, TN,,294
Sumner, TN,,454
Tipton, TN,,100
Trousdale, TN,,10
Unicoi, TN,,0
Union, TN,,76
Van Buren, TN,,0
Warren, TN,,9
Washington, TN,,598
Wayne, TN,,8
Weakley, TN,,58
White, TN,,51
Williamson, TN,,569
Wilson, TN,,928
TEXAS,,,88461
Anderson, TX,,16
Andrews, TX,,71
Angelina, TX,,123
Aransas, TX,,100
Archer, TX,,12
Armstrong, TX,,0
Atascosa, TX,,36
Austin, TX,,21
Bailey, TX,,0
Bandera, TX,,0
Bastrop, TX,,33
Baylor, TX,,0
Bee, TX,,9
Bell, TX,,1914
Bexar, TX,,4653
Blanco, TX,,21
Borden, TX,,0
Bosque, TX,,6
Bowie, TX,,192
Brazoria, TX,,1979
Brazos, TX,,978
Brewster, TX,,18
Briscoe, TX,,0
Brooks, TX,,3
Brown, TX,,21
Burleson, TX,,11
Burnet, TX,,189
Caldwell, TX,,39
Calhoun, TX,,56
Callahan, TX,,2
Cameron, TX,,1258
Camp, TX,,4
Carson, TX,,1
Cass, TX,,0
Castro, TX,,0
Chambers, TX,,226
Cherokee, TX,,30
Childress, TX,,3
Clay, TX,,0
Cochran, TX,,0
Coke, TX,,0
Coleman, TX,,1
Collin, TX,,4533
Collingsworth, TX,,1
Colorado, TX,,7
Comal, TX,,846
Comanche, TX,,1
Concho, TX,,0
Cooke, TX,,26
Coryell, TX,,313
Cottle, TX,,0
Crane, TX,,26
Crockett, TX,,0
Crosby, TX,,0
Culberson, TX,,3
Dallam, TX,,83
Dallas, TX,,5485
Dawson, TX,,1
Deaf Smith, TX,,1
Delta, TX,,3
Denton, TX,,2096
DeWitt, TX,,7
Dickens, TX,,0
Dimmit, TX,,5
Donley, TX,,1
Duval, TX,,0
Eastland, TX,,1
Ector, TX,,708
Edwards, TX,,0
Ellis, TX,,497
El Paso, TX,,4549
Erath, TX,,45
Falls, TX,,5
Fannin, TX,,1
Fayette, TX,,5
Fisher, TX,,0
Floyd, TX,,0
Foard, TX,,0
Fort Bend, TX,,4954
Franklin, TX,,2
Freestone, TX,,9
Frio, TX,,11
Gaines, TX,,7
Galveston, TX,,1971
Garza, TX,,1
Gillespie, TX,,34
Glasscock, TX,,0
Goliad, TX,,0
Gonzales, TX,,1
Gray, TX,,3
Grayson, TX,,327
Gregg, TX,,476
Grimes, TX,,3
Guadalupe, TX,,1055
Hale, TX,,13
Hall, TX,,0
Hamilton, TX,,0
Hansford, TX,,0
Hardeman, TX,,0
Hardin, TX,,87
Harris, TX,,15039
Harrison, TX,,87
Hartley, TX,,0
Haskell, TX,,2
Hays, TX,,2380
Hemphill, TX,,0
Henderson, TX,,60
Hidalgo, TX,,3552
Hill, TX,,9
Hockley, TX,,8
Hood, TX,,76
Hopkins, TX,,14
Houston, TX,,2
Howard, TX,,2
Hudspeth, TX,,0
Hunt, TX,,47
Hutchinson, TX,,0
Irion, TX,,0
Jack, TX,,4
Jackson, TX,,12
Jasper, TX,,40
Jeff Davis, TX,,0
Jefferson, TX,,1111
Jim Hogg, TX,,0
Jim Wells, TX,,18
Johnson, TX,,833
Jones, TX,,0
Karnes, TX,,25
Kaufman, TX,,189
Kendall, TX,,202
Kenedy, TX,,0
Kent, TX,,0
Kerr, TX,,41
Kimble, TX,,1
King, TX,,0
Kinney, TX,,0
Kleberg, TX,,19
Knox, TX,,0
Lamar, TX,,46
Lamb, TX,,0
Lampasas, TX,,14
La Salle, TX,,6
Lavaca, TX,,9
Lee, TX,,20
Leon, TX,,0
Liberty, TX,,269
Limestone, TX,,4
Lipscomb, TX,,2
Live Oak, TX,,8
Llano, TX,,197
Loving, TX,,0
Lubbock, TX,,1451
Lynn, TX,,1
McCulloch, TX,,0
McLennan, TX,,602
McMullen, TX,,0
Madison, TX,,19
Marion, TX,,5
Martin, TX,,9
Mason, TX,,9
Matagorda, TX,,68
Maverick, TX,,205
Medina, TX,,12
Menard, TX,,0
Midland, TX,,394
Milam, TX,,3
Mills, TX,,0
Mitchell, TX,,1
Montague, TX,,0
Montgomery, TX,,2932
Moore, TX,,12
Morris, TX,,0
Motley, TX,,0
Nacogdoches, TX,,250
Navarro, TX,,109
Newton, TX,,0
Nolan, TX,,1
Nueces, TX,,999
Ochiltree, TX,,1
Oldham, TX,,4
Orange, TX,,226
Palo Pinto, TX,,96
Panola, TX,,10
Parker, TX,,147
Parmer, TX,,0
Pecos, TX,,6
Polk, TX,,346
Potter, TX,,855
Presidio, TX,,2
Rains, TX,,0
Randall, TX,,71
Reagan, TX,,0
Real, TX,,0
Red River, TX,,11
Reeves, TX,,1
Refugio, TX,,3
Roberts, TX,,0
Robertson, TX,,6
Rockwall, TX,,613
Runnels, TX,,1
Rusk, TX,,0
Sabine, TX,,5
San Augustine, TX,,0
San Jacinto, TX,,2
San Patricio, TX,,126
San Saba, TX,,0
Schleicher, TX,,0
Scurry, TX,,84
Shackelford, TX,,0
Shelby, TX,,8
Sherman, TX,,8
Smith, TX,,266
Somervell, TX,,8
Starr, TX,,0
Stephens, TX,,3
Sterling, TX,,0
Stonewall, TX,,0
Sutton, TX,,0
Swisher, TX,,0
Tarrant, TX,,5089
Taylor, TX,,388
Terrell, TX,,0
Terry, TX,,48
Throckmorton, TX,,0
Titus, TX,,4
Tom Green, TX,,177
Travis, TX,,4397
Trinity, TX,,4
Tyler, TX,,4
Upshur, TX,,15
Upton, TX,,1
Uvalde, TX,,12
Val Verde, TX,,38
Van Zandt, TX,,9
Victoria, TX,,47
Walker, TX,,629
Waller, TX,,59
Ward, TX,,7
Washington, TX,,54
Webb, TX,,663
Wharton, TX,,12
Wheeler, TX,,0
Wichita, TX,,175
Wilbarger, TX,,2
Willacy, TX,,16
Williamson, TX,,1937
Wilson, TX,,61
Winkler, TX,,1
Wise, TX,,26
Wood, TX,,3
Yoakum, TX,,6
Young, TX,,5
Zapata, TX,,0
Zavala, TX,,4
UTAH,,,9171
Beaver, UT,,19
Box Elder, UT,,264
Cache, UT,,603
Carbon, UT,,39
Daggett, UT,,13
Davis, UT,,960
Duchesne, UT,,64
Emery, UT,,19
Garfield, UT,,30
Grand, UT,,41
Iron, UT,,147
Juab, UT,,36
Kane, UT,,33
Millard, UT,,11
Morgan, UT,,43
Piute, UT,,4
Rich, UT,,36
Salt Lake, UT,,2472
San Juan, UT,,34
Sanpete, UT,,44
Sevier, UT,,44
Summit, UT,,243
Tooele, UT,,274
Uintah, UT,,71
Utah, UT,,1949
Wasatch, UT,,269
Washington, UT,,893
Wayne, UT,,10
Weber, UT,,506
VERMONT,,,1319
Addison, VT,,84
Bennington, VT,,49
Caledonia, VT,,86
Chittenden, VT,,411
Essex, VT,,10
Franklin, VT,,161
Grand Isle, VT,,13
Lamoille, VT,,73
Orange, VT,,28
Orleans, VT,,88
Rutland, VT,,56
Washington, VT,,105
Windham, VT,,77
Windsor, VT,,78
VIRGINIA,,,20992
Accomack, VA,,89
Albemarle, VA,,631
Alleghany, VA,,17
Amelia, VA,,44
Amherst, VA,,66
Appomattox, VA,,61
Arlington, VA,,875
Augusta, VA,,300
Bath, VA,,25
Bedford, VA,,317
Bland, VA,,11
Botetourt, VA,,66
Brunswick, VA,,17
Buchanan, VA,,21
Buckingham, VA,,31
Campbell, VA,,111
Caroline, VA,,96
Carroll, VA,,75
Charles City, VA,,43
Charlotte, VA,,24
Chesterfield, VA,,871
Clarke, VA,,23
Craig, VA,,19
Culpeper, VA,,93
Cumberland, VA,,20
Dickenson, VA,,12
Dinwiddie, VA,,72
Essex, VA,,25
Fairfax, VA,,896
Fauquier, VA,,151
Floyd, VA,,49
Fluvanna, VA,,95
Franklin, VA,,117
Frederick, VA,,247
Giles, VA,,25
Gloucester, VA,,102
Goochland, VA,,60
Grayson, VA,,31
Greene, VA,,235
Greensville, VA,,27
Halifax, VA,,54
Hanover, VA,,283
Henrico, VA,,635
Henry, VA,,36
Highland, VA,,12
Isle of Wight, VA,,256
James City, VA,,496
King and Queen, VA,,25
King George, VA,,86
King William, VA,,45
Lancaster, VA,,93
Lee, VA,,49
Loudoun, VA,,2041
Louisa, VA,,163
Lunenburg, VA,,15
Madison, VA,,27
Mathews, VA,,30
Mecklenburg, VA,,100
Middlesex, VA,,60
Montgomery, VA,,169
Nelson, VA,,51
New Kent, VA,,146
Northampton, VA,,26
Northumberland, VA,,48
Nottoway, VA,,57
Orange, VA,,54
Page, VA,,37
Patrick, VA,,47
Pittsylvania, VA,,90
Powhatan, VA,,70
Prince Edward, VA,,74
Prince George, VA,,42
Prince William, VA,,2092
Pulaski, VA,,44
Rappahannock, VA,,16
Richmond, VA,,28
Roanoke, VA,,137
Rockbridge, VA,,52
Rockingham, VA,,261
Russell, VA,,43
Scott, VA,,29
Shenandoah, VA,,90
Smyth, VA,,37
Southampton, VA,,47
Spotsylvania, VA,,254
Stafford, VA,,530
Surry, VA,,33
Sussex, VA,,15
Tazewell, VA,,25
Warren, VA,,50
Washington, VA,,111
Westmoreland, VA,,52
Wise, VA,,26
Wythe, VA,,71
York, VA,,160
Alexandria, VA,,468
Bedford, VA,,1
Bristol, VA,,5
Buena Vista, VA,,4
Charlottesville, VA,,93
Chesapeake, VA,,1085
Clifton Forge, VA,,0
Colonial Heights, VA,,6
Covington, VA,,2
Danville, VA,,70
Emporia, VA,,13
Fairfax, VA,,22
Falls Church, VA,,24
Franklin, VA,,1
Fredericksburg, VA,,346
Galax, VA,,6
Hampton, VA,,134
Harrisonburg, VA,,201
Hopewell, VA,,36
Lexington, VA,,0
Lynchburg, VA,,144
Manassas, VA,,52
Manassas Park, VA,,0
Martinsville, VA,,7
Newport News, VA,,188
Norfolk, VA,,304
Norton, VA,,6
Petersburg, VA,,177
Poquoson, VA,,14
Portsmouth, VA,,66
Radford, VA,,30
Richmond, VA,,607
Roanoke, VA,,77
Salem, VA,,20
South Boston, VA,,0
Staunton, VA,,41
Suffolk, VA,,297
Virginia Beach, VA,,629
Waynesboro, VA,,35
Williamsburg, VA,,34
Winchester, VA,,37
WASHINGTON,,,20691
Adams, WA,,33
Asotin, WA,,27
Benton, WA,,1259
Chelan, WA,,206
Clallam, WA,,169
Clark, WA,,1070
Columbia, WA,,4
Cowlitz, WA,,131
Douglas, WA,,114
Ferry, WA,,22
Franklin, WA,,763
Garfield, WA,,4
Grant, WA,,228
Grays Harbor, WA,,166
Island, WA,,219
Jefferson, WA,,97
King, WA,,6020
Kitsap, WA,,623
Kittitas, WA,,183
Klickitat, WA,,77
Lewis, WA,,204
Lincoln, WA,,43
Mason, WA,,140
Okanogan, WA,,123
Pacific, WA,,125
Pend Oreille, WA,,52
Pierce, WA,,1900
San Juan, WA,,189
Skagit, WA,,207
Skamania, WA,,25
Snohomish, WA,,2120
Spokane, WA,,1609
Stevens, WA,,72
Thurston, WA,,1156
Wahkiakum, WA,,11
Walla Walla, WA,,128
Whatcom, WA,,458
Whitman, WA,,90
Yakima, WA,,624
WEST VIRGINIA,,,2395
Barbour, WV,,8
Berkeley, WV,,400
Boone, WV,,54
Braxton, WV,,1
Brooke, WV,,12
Cabell, WV,,124
Calhoun, WV,,0
Clay, WV,,24
Doddridge, WV,,0
Fayette, WV,,39
Gilmer, WV,,0
Grant, WV,,28
Greenbrier, WV,,102
Hampshire, WV,,62
Hancock, WV,,9
Hardy, WV,,41
Harrison, WV,,116
Jackson, WV,,2
Jefferson, WV,,159
Kanawha, WV,,148
Lewis, WV,,0
Lincoln, WV,,13
Logan, WV,,13
McDowell, WV,,0
Marion, WV,,5
Marshall, WV,,3
Mason, WV,,2
Mercer, WV,,8
Mineral, WV,,39
Mingo, WV,,0
Monongalia, WV,,300
Monroe, WV,,0
Morgan, WV,,43
Nicholas, WV,,4
Ohio, WV,,22
Pendleton, WV,,26
Pleasants, WV,,9
Pocahontas, WV,,0
Preston, WV,,1
Putnam, WV,,119
Raleigh, WV,,110
Randolph, WV,,12
Ritchie, WV,,0
Roane, WV,,30
Summers, WV,,20
Taylor, WV,,1
Tucker, WV,,12
Tyler, WV,,0
Upshur, WV,,42
Wayne, WV,,85
Webster, WV,,0
Wetzel, WV,,10
Wirt, WV,,11
Wood, WV,,126
Wyoming, WV,,0
WISCONSIN,,,10864
Adams, WI,,62
Ashland, WI,,19
Barron, WI,,80
Bayfield, WI,,59
Brown, WI,,988
Buffalo, WI,,25
Burnett, WI,,62
Calumet, WI,,57
Chippewa, WI,,130
Clark, WI,,39
Columbia, WI,,102
Crawford, WI,,48
Dane, WI,,1060
Dodge, WI,,144
Door, WI,,145
Douglas, WI,,92
Dunn, WI,,74
Eau Claire, WI,,227
Florence, WI,,24
Fond du Lac, WI,,229
Forest, WI,,54
Grant, WI,,93
Green, WI,,54
Green Lake, WI,,40
Iowa, WI,,36
Iron, WI,,18
Jackson, WI,,58
Jefferson, WI,,194
Juneau, WI,,87
Kenosha, WI,,248
Kewaunee, WI,,37
La Crosse, WI,,287
Lafayette, WI,,26
Langlade, WI,,55
Lincoln, WI,,72
Manitowoc, WI,,88
Marathon, WI,,262
Marinette, WI,,109
Marquette, WI,,22
Menominee, WI,,4
Milwaukee, WI,,1006
Monroe, WI,,174
Oconto, WI,,109
Oneida, WI,,136
Outagamie, WI,,530
Ozaukee, WI,,121
Pepin, WI,,18
Pierce, WI,,121
Polk, WI,,91
Portage, WI,,138
Price, WI,,48
Racine, WI,,240
Richland, WI,,41
Rock, WI,,111
Rusk, WI,,50
St. Croix, WI,,150
Sauk, WI,,119
Sawyer, WI,,101
Shawano, WI,,64
Sheboygan, WI,,69
Taylor, WI,,25
Trempealeau, WI,,92
Vernon, WI,,77
Vilas, WI,,131
Walworth, WI,,111
Washburn, WI,,59
Washington, WI,,328
Waukesha, WI,,486
Waupaca, WI,,72
Waushara, WI,,68
Winnebago, WI,,359
Wood, WI,,109
WYOMING,,,2298
Albany, WY,,172
Big Horn, WY,,14
Campbell, WY,,317
Carbon, WY,,18
Converse, WY,,23
Crook, WY,,4
Fremont, WY,,21
Goshen, WY,,6
Hot Springs, WY,,1
Johnson, WY,,12
Laramie, WY,,238
Lincoln, WY,,49
Natrona, WY,,807
Niobrara, WY,,4
Park, WY,,118
Platte, WY,,19
Sheridan, WY,,121
Sublette, WY,,42
Sweetwater, WY,,147
Teton, WY,,115
Uinta, WY,,45
Washakie, WY,,1
Weston, WY,,4
