Area_name,,Resident population (April 1 - complete count) 2010,Percent change 2000 - 2010
UNITED STATES,,308745538,9.8
ALABAMA,,4779736,3.8
Autauga, AL,54571,6.1
Baldwin, AL,182265,25.1
Barbour, AL,27457,2.7
Bibb, AL,22915,5.4
Blount, AL,57322,7.6
Bullock, AL,10914,4.2
Butler, AL,20947,1
Calhoun, AL,118572,-3.1
Chambers, AL,34215,-5.9
Cherokee, AL,25989,4.2
Chilton, AL,43643,6
Choctaw, AL,13859,-4.9
Clarke, AL,25833,-1.7
Clay, AL,13932,-3.3
Cleburne, AL,14972,1.1
Coffee, AL,49948,4.4
Colbert, AL,54428,-5.2
Conecuh, AL,13228,-11.5
Coosa, AL,11539,-2.8
Covington, AL,37765,-1
Crenshaw, AL,13906,-3.4
Cullman, AL,80406,9.7
Dale, AL,50251,3.8
Dallas, AL,43820,-10.8
DeKalb, AL,71109,1.9
Elmore, AL,79303,13.4
Escambia, AL,38319,-7.6
Etowah, AL,104430,-3.1
Fayette, AL,17241,-4.5
Franklin, AL,31704,-1.9
Geneva, AL,26790,-2.5
Greene, AL,9045,-7.9
Hale, AL,15760,-0.7
Henry, AL,17302,0.5
Houston, AL,101547,9
Jackson, AL,53227,-7
Jefferson, AL,658466,-3
Lamar, AL,14564,-4.5
Lauderdale, AL,92709,-1.1
Lawrence, AL,34339,4.5
Lee, AL,140247,14.2
Limestone, AL,82782,17.7
Lowndes, AL,11299,-4.5
Macon, AL,21452,-7.1
Madison, AL,334811,21.3
Marengo, AL,21027,-7.8
Marion, AL,30776,-0.7
Marshall, AL,93019,7.9
Mobile, AL,412992,3.7
Monroe, AL,23068,5.8
Montgomery, AL,229363,6.1
Morgan, AL,119490,10.9
Perry, AL,10591,-15
Pickens, AL,19746,-3.6
Pike, AL,32899,-1.6
Randolph, AL,22913,-1
Russell, AL,52947,-1
St. Clair, AL,83593,20.9
Shelby, AL,195085,49.9
Sumter, AL,13763,-4.3
Talladega, AL,82291,0.4
Tallapoosa, AL,41616,0.2
Tuscaloosa, AL,194656,9.4
Walker, AL,67023,-1.4
Washington, AL,17581,-0.8
Wilcox, AL,11670,-8
Winston, AL,24484,0.5
ALASKA,,710231,36.9
Aleutians East, AK,3141,50
Aleutians West, AK,5561,54.7
Anchorage, AK,291826,29.8
Bethel, AK,17013,24.2
Bristol Bay, AK,997,28.9
Denali, AK,1826,0
Dillingham, AK,4847,24.1
Fairbanks North Star, AK,97581,44
Haines, AK,2508,26
Hoonah-Angoon, AK,2150,26.1
Juneau, AK,31275,37
Kenai Peninsula, AK,55400,61.4
Ketchikan Gateway, AK,13477,22.2
Kodiak Island, AK,13592,33.9
Lake and Peninsula, AK,1631,20.5
Matanuska-Susitna, AK,88995,122.7
Nome, AK,9492,26.8
North Slope, AK,9430,42.4
Northwest Arctic, AK,7523,26.5
Petersburg, AK,3815,14.2
Prince of Wales-Hyder, AK,5559,64.3
Sitka, AK,8881,10.1
Skagway, AK,968,0
Southeast Fairbanks, AK,7029,4.2
Valdez-Cordova, AK,9636,19.2
Wade Hampton, AK,7459,24.1
Wrangell, AK,2369,0
Yakutat, AK,662,0
Yukon-Koyukuk, AK,5588,0
ARIZONA,,6392017,34.9
Apache, AZ,71518,18.2
Cochise, AZ,131346,13.9
Coconino, AZ,134421,28.8
Gila, AZ,53597,8.5
Graham, AZ,37220,16.1
Greenlee, AZ,8437,-29.8
La Paz, AZ,20489,10.2
Maricopa, AZ,3817117,40.6
Mohave, AZ,200186,67.4
Navajo, AZ,107449,14.9
Pima, AZ,980263,25.5
Pinal, AZ,375770,28
Santa Cruz, AZ,47420,45.1
Yavapai, AZ,211033,58.1
Yuma, AZ,195751,40.3
ARKANSAS,,2915918,2.8
Arkansas, AR,19019,-10.4
Ashley, AR,21853,-8.4
Baxter, AR,41513,13.8
Benton, AR,221339,24.8
Boone, AR,36903,8.6
Bradley, AR,11508,-14.6
Calhoun, AR,5368,-4.2
Carroll, AR,27446,15.1
Chicot, AR,11800,-11.7
Clark, AR,22995,-8.1
Clay, AR,16083,-12.2
Cleburne, AR,25970,14.8
Cleveland, AR,8689,-1.1
Columbia, AR,24552,-3.6
Conway, AR,21273,-1.8
Craighead, AR,96443,9
Crawford, AR,61948,15.2
Crittenden, AR,50902,0.9
Cross, AR,17870,-5.9
Dallas, AR,8116,-8.6
Desha, AR,13008,-15
Drew, AR,18509,-3
Faulkner, AR,113237,29.9
Franklin, AR,18125,1.3
Fulton, AR,12245,0.6
Garland, AR,96024,4.1
Grant, AR,17853,7.2
Greene, AR,42090,3.4
Hempstead, AR,22609,-8.5
Hot Spring, AR,32923,-2.6
Howard, AR,13789,0.8
Independence, AR,36647,3.5
Izard, AR,13696,5.5
Jackson, AR,17997,-12.5
Jefferson, AR,77435,-5.8
Johnson, AR,25540,4.6
Lafayette, AR,7645,-5.6
Lawrence, AR,17415,-5.4
Lee, AR,10424,-16
Lincoln, AR,14134,2.4
Little River, AR,13171,0.1
Logan, AR,22353,2.1
Lonoke, AR,68356,13.8
Madison, AR,15717,2.2
Marion, AR,16653,5.9
Miller, AR,43462,1.9
Mississippi, AR,46480,-3.3
Monroe, AR,8149,-19.3
Montgomery, AR,9487,0.9
Nevada, AR,8997,-9
Newton, AR,8330,-1.2
Ouachita, AR,26120,0.1
Perry, AR,10445,9.7
Phillips, AR,21757,-17.1
Pike, AR,11291,-2.8
Poinsett, AR,24583,-8.8
Polk, AR,20662,2
Pope, AR,61754,17.8
Prairie, AR,8715,-6.1
Pulaski, AR,382748,2.6
Randolph, AR,17969,-1.6
St. Francis, AR,28258,-7.7
Saline, AR,107118,20.7
Scott, AR,11233,5.4
Searcy, AR,8195,-11.4
Sebastian, AR,125744,4.6
Sevier, AR,17058,-3
Sharp, AR,17264,-3.4
Stone, AR,12394,8.3
Union, AR,41639,-3.8
Van Buren, AR,17295,4.9
Washington, AR,203065,12.9
White, AR,77076,7.6
Woodruff, AR,7260,-15.2
Yell, AR,22185,4.3
CALIFORNIA,,37253956,25.7
Alameda, CA,1510271,15.5
Alpine, CA,1175,1.5
Amador, CA,38091,55.5
Butte, CA,220000,26.6
Calaveras, CA,45578,54.5
Colusa, CA,21419,27.2
Contra Costa, CA,1049025,22.5
Del Norte, CA,28610,28.8
El Dorado, CA,181058,46.8
Fresno, CA,930450,29.7
Glenn, CA,28122,16.1
Humboldt, CA,134623,9.8
Imperial, CA,174528,18.7
Inyo, CA,18546,2.2
Kern, CA,839631,35.2
Kings, CA,152982,37.6
Lake, CA,64665,39.2
Lassen, CA,34895,27.4
Los Angeles, CA,9818605,18.5
Madera, CA,150865,39.6
Marin, CA,252409,3.4
Mariposa, CA,18251,28.8
Mendocino, CA,87841,20.4
Merced, CA,255793,32.6
Modoc, CA,9686,12.4
Mono, CA,14202,16.1
Monterey, CA,415057,22.5
Napa, CA,136484,11.7
Nevada, CA,98764,52
Orange, CA,3010232,24.7
Placer, CA,348432,47.4
Plumas, CA,20007,13.8
Riverside, CA,2189641,76.5
Sacramento, CA,1418788,32.9
San Benito, CA,55269,46.8
San Bernardino, CA,2035210,58.5
San Diego, CA,3095313,34.2
San Francisco, CA,805235,6.6
San Joaquin, CA,685306,38.4
San Luis Obispo, CA,269637,39.7
San Mateo, CA,718451,10.6
Santa Barbara, CA,423895,23.7
Santa Clara, CA,1781642,15.6
Santa Cruz, CA,262382,22.1
Shasta, CA,177223,27.2
Sierra, CA,3240,8
Siskiyou, CA,44900,9.6
Solano, CA,413344,44.3
Sonoma, CA,483878,29.5
Stanislaus, CA,514453,39.3
Sutter, CA,94737,23.3
Tehama, CA,63463,27.6
Trinity, CA,13786,10.2
Tulare, CA,442179,26.9
Tuolumne, CA,55365,42.8
Ventura, CA,823318,26.4
Yolo, CA,200849,24.6
Yuba, CA,72155,17.1
COLORADO,,5029196,14
Adams, CO,441603,7.8
Alamosa, CO,15445,15.4
Arapahoe, CO,572003,33.5
Archuleta, CO,12084,45.9
Baca, CO,3788,-15.9
Bent, CO,6499,-15.1
Boulder, CO,294567,18.8
Broomfield, CO,55889,0
Chaffee, CO,17809,-4.1
Cheyenne, CO,1836,11.3
Clear Creek, CO,9088,4.3
Conejos, CO,8256,-4.4
Costilla, CO,3524,3.9
Crowley, CO,5823,32.1
Custer, CO,4255,26
Delta, CO,30952,-1.2
Denver, CO,600158,-5.1
Dolores, CO,2064,-9.3
Douglas, CO,285465,140.1
Eagle, CO,52197,64.6
Elbert, CO,23086,40.8
El Paso, CO,622263,28.3
Fremont, CO,46824,12.5
Garfield, CO,56389,33.1
Gilpin, CO,5441,25.8
Grand, CO,14843,6.6
Gunnison, CO,15324,-3.9
Hinsdale, CO,843,14.5
Huerfano, CO,6711,-6.7
Jackson, CO,1394,-13.8
Jefferson, CO,534543,17.9
Kiowa, CO,1398,-12.8
Kit Carson, CO,8270,-6
Lake, CO,7310,-32
La Plata, CO,51334,18.7
Larimer, CO,299630,24.8
Las Animas, CO,15507,-7.6
Lincoln, CO,5467,-2.9
Logan, CO,22709,-11.3
Mesa, CO,146723,14.2
Mineral, CO,712,-30.6
Moffat, CO,13795,-13.5
Montezuma, CO,25535,13.1
Montrose, CO,41276,0.3
Morgan, CO,28159,-2.5
Otero, CO,18831,-10.6
Ouray, CO,4436,19.2
Park, CO,16206,34.5
Phillips, CO,4442,-7.8
Pitkin, CO,17148,22.5
Prowers, CO,12551,2.1
Pueblo, CO,159063,-2.3
Rio Blanco, CO,6666,-3.3
Rio Grande, CO,11982,2.5
Routt, CO,23509,5.1
Saguache, CO,6108,17.4
San Juan, CO,699,-10.6
San Miguel, CO,7359,14.4
Sedgwick, CO,2379,-17.6
Summit, CO,27994,45.6
Teller, CO,23350,55.2
Washington, CO,4814,-9.3
Weld, CO,252825,6.8
Yuma, CO,10043,-7.5
CONNECTICUT,,3574097,5.8
Fairfield, CT,916829,2.5
Hartford, CT,894014,5.4
Litchfield, CT,189927,11.1
Middlesex, CT,165676,11
New Haven, CT,862477,5.6
New London, CT,274055,6.9
Tolland, CT,152691,12.1
Windham, CT,118428,11.1
DELAWARE,,897934,12.1
Kent, DE,162310,13
New Castle, DE,538479,11
Sussex, DE,197145,15.5
DISTRICT OF COLUMBIA,,601723,-4.9
District of Columbia,,601723,-4.9
FLORIDA,,18801310,32.7
Alachua, FL,247336,20
Baker, FL,27115,20.9
Bay, FL,168852,29.9
Bradford, FL,28520,12.4
Brevard, FL,543376,46.2
Broward, FL,1748066,23.3
Calhoun, FL,14625,18.5
Charlotte, FL,159978,89.8
Citrus, FL,141236,70.9
Clay, FL,190865,58.1
Collier, FL,321520,76.9
Columbia, FL,67531,20.4
DeSoto, FL,34862,25.3
Dixie, FL,16422,36.6
Duval, FL,864263,17.9
Escambia, FL,297619,12.4
Flagler, FL,95696,163
Franklin, FL,11549,17
Gadsden, FL,46389,-1.3
Gilchrist, FL,16939,67.6
Glades, FL,12884,26.7
Gulf, FL,15863,7.9
Hamilton, FL,14799,24.8
Hardee, FL,27731,-4.2
Hendry, FL,39140,38.6
Hernando, FL,172778,127.4
Highlands, FL,98786,44
Hillsborough, FL,1229226,28.9
Holmes, FL,19927,7.2
Indian River, FL,138028,50.6
Jackson, FL,49746,5.7
Jefferson, FL,14761,5.5
Lafayette, FL,8870,38.2
Lake, FL,297052,45
Lee, FL,618754,63.3
Leon, FL,275487,29.5
Levy, FL,40801,30.4
Liberty, FL,8365,30.7
Madison, FL,19224,11.2
Manatee, FL,322833,42.6
Marion, FL,331298,59.1
Martin, FL,146318,57.6
Miami-Dade, FL,2496435,19.2
Monroe, FL,73090,23.5
Nassau, FL,73314,33.6
Okaloosa, FL,180822,30.8
Okeechobee, FL,39996,46.2
Orange, FL,1145956,43.9
Osceola, FL,268685,118.6
Palm Beach, FL,1320134,49.7
Pasco, FL,464697,45.2
Pinellas, FL,916542,16.9
Polk, FL,602095,26
Putnam, FL,74364,28.7
St. Johns, FL,190039,63.4
St. Lucie, FL,277789,72.3
Santa Rosa, FL,151372,45.8
Sarasota, FL,379448,37.3
Seminole, FL,422718,60
Sumter, FL,93420,30.1
Suwannee, FL,41551,20.2
Taylor, FL,22570,3.5
Union, FL,15535,0.8
Volusia, FL,494593,43.3
Wakulla, FL,30776,30.4
Walton, FL,55043,30.3
Washington, FL,24896,16.6
GEORGIA,,9687653,18.6
Appling, GA,18236,1.2
Atkinson, GA,8375,1.2
Bacon, GA,11096,2
Baker, GA,3451,-5.1
Baldwin, GA,45720,14
Banks, GA,18395,18.5
Barrow, GA,69367,39.2
Bartow, GA,100157,37.2
Ben Hill, GA,17634,1.5
Berrien, GA,19286,4.6
Bibb, GA,155547,-0.1
Bleckley, GA,13063,-3.1
Brantley, GA,18411,27.3
Brooks, GA,16243,0.9
Bryan, GA,30233,51.7
Bulloch, GA,70217,20.5
Burke, GA,23316,6.4
Butts, GA,23655,12.2
Calhoun, GA,6694,-12.3
Camden, GA,50513,125.6
Candler, GA,10998,3
Carroll, GA,110527,26.8
Catoosa, GA,63942,14.8
Charlton, GA,12171,15.7
Chatham, GA,265128,7.2
Chattahoochee, GA,11267,-22.1
Chattooga, GA,26015,1.8
Cherokee, GA,214346,74.5
Clarke, GA,116714,17.6
Clay, GA,3183,-5.3
Clayton, GA,259424,20.7
Clinch, GA,6798,-7.5
Cobb, GA,688078,50.4
Coffee, GA,42356,10
Colquitt, GA,45498,3.6
Columbia, GA,124053,64.6
Cook, GA,17212,-0.3
Coweta, GA,127317,37.1
Crawford, GA,12630,17
Crisp, GA,23439,2.7
Dade, GA,16633,6.7
Dawson, GA,22330,97.5
Decatur, GA,27842,0.1
DeKalb, GA,691893,13.1
Dodge, GA,21796,3.8
Dooly, GA,14918,-8.5
Dougherty, GA,94565,-4.4
Douglas, GA,132403,30.3
Early, GA,11008,-9.9
Echols, GA,4034,1.6
Effingham, GA,52250,40.2
Elbert, GA,20166,1
Emanuel, GA,22598,-1.2
Evans, GA,11000,3.5
Fannin, GA,23682,8.4
Fayette, GA,106567,114.9
Floyd, GA,96317,1.8
Forsyth, GA,175511,57.7
Franklin, GA,22084,9.6
Fulton, GA,920581,10
Gilmer, GA,28292,20.3
Glascock, GA,3082,-1
Glynn, GA,79626,13.7
Gordon, GA,55186,16.6
Grady, GA,25011,2.2
Greene, GA,15994,3.5
Gwinnett, GA,805321,111.6
Habersham, GA,43041,10.4
Hall, GA,179684,26.2
Hancock, GA,9429,-5.9
Haralson, GA,28780,19.2
Harris, GA,32024,15
Hart, GA,25213,6.1
Heard, GA,11834,32.3
Henry, GA,203922,61.8
Houston, GA,139900,15
Irwin, GA,9538,-3.8
Jackson, GA,60485,18.4
Jasper, GA,13900,11.9
Jeff Davis, GA,15068,4.9
Jefferson, GA,16930,-5.4
Jenkins, GA,8340,-6.7
Johnson, GA,9980,-3.8
Jones, GA,28669,25.1
Lamar, GA,18317,6.7
Lanier, GA,10078,-2.2
Laurens, GA,48434,8.1
Lee, GA,28298,39.1
Liberty, GA,63453,40.3
Lincoln, GA,7996,10.8
Long, GA,14464,37.1
Lowndes, GA,109233,11.8
Lumpkin, GA,29966,35.4
McDuffie, GA,21875,8.5
McIntosh, GA,14333,7.3
Macon, GA,14740,-6.3
Madison, GA,28120,18.6
Marion, GA,8742,5.5
Meriwether, GA,21992,5.6
Miller, GA,6125,-10.8
Mitchell, GA,23498,-4
Monroe, GA,26424,17.1
Montgomery, GA,9123,5.2
Morgan, GA,17868,11.3
Murray, GA,39628,32.8
Muscogee, GA,189885,5.4
Newton, GA,99958,20.6
Oconee, GA,32808,41.8
Oglethorpe, GA,14899,9.3
Paulding, GA,142324,59.4
Peach, GA,27695,10.6
Pickens, GA,29431,23.9
Pierce, GA,18758,12
Pike, GA,17869,14.4
Polk, GA,41475,4.4
Pulaski, GA,12010,-9.4
Putnam, GA,21218,37.3
Quitman, GA,2513,-6.2
Rabun, GA,16276,11.3
Randolph, GA,7719,-16.4
Richmond, GA,200549,4.5
Rockdale, GA,85215,47.9
Schley, GA,5010,4.6
Screven, GA,14593,-1.4
Seminole, GA,8729,-0.5
Spalding, GA,64073,13.7
Stephens, GA,26175,7.7
Stewart, GA,6058,-4.1
Sumter, GA,32819,3
Talbot, GA,6865,-0.2
Taliaferro, GA,1717,-5.8
Tattnall, GA,25520,-2.3
Taylor, GA,8906,-3.3
Telfair, GA,16500,-3.9
Terrell, GA,9315,-11.4
Thomas, GA,44720,2.2
Tift, GA,40118,6.5
Toombs, GA,27223,6.6
Towns, GA,10471,19.8
Treutlen, GA,6885,-1.5
Troup, GA,67044,11.1
Turner, GA,8930,-8.5
Twiggs, GA,9023,4.8
Union, GA,21356,27.7
Upson, GA,27153,1.2
Walker, GA,68756,3.3
Walton, GA,83768,23.6
Ware, GA,36312,-4.6
Warren, GA,5834,-7.7
Washington, GA,21187,1.4
Wayne, GA,30099,7.7
Webster, GA,2799,-3.3
Wheeler, GA,7421,-4.9
White, GA,27144,28.5
Whitfield, GA,102599,10.2
Wilcox, GA,9255,-8.8
Wilkes, GA,10593,-3.2
Wilkinson, GA,9563,-1.4
Worth, GA,21679,9.3
HAWAII,,1360301,14.9
Hawaii, HI,185079,30.7
Honolulu, HI,953207,9.7
Kalawao, HI,90,-9.7
Kauai, HI,67091,30.9
Maui, HI,154834,41.7
IDAHO,,1567582,6.6
Ada, ID,392365,18.9
Adams, ID,3976,-2.8
Bannock, ID,82839,0.9
Bear Lake, ID,5986,-12.2
Benewah, ID,9285,-4.3
Bingham, ID,45607,3
Blaine, ID,21376,37.7
Boise, ID,7028,17
Bonner, ID,40877,10.2
Bonneville, ID,104234,9.4
Boundary, ID,10972,14.3
Butte, ID,2891,-12.7
Camas, ID,1117,-11.1
Canyon, ID,188923,7.5
Caribou, ID,6963,-19.9
Cassia, ID,22952,0.5
Clark, ID,982,-4.5
Clearwater, ID,8761,-18.1
Custer, ID,4368,22.1
Elmore, ID,27038,-1.7
Franklin, ID,12786,3.8
Fremont, ID,13242,1.1
Gem, ID,16719,-1.1
Gooding, ID,15464,-2
Idaho, ID,16267,-6.8
Jefferson, ID,26140,8.1
Jerome, ID,22374,2
Kootenai, ID,138494,16.8
Latah, ID,37244,6.5
Lemhi, ID,7936,-7.5
Lewis, ID,3821,-14.6
Lincoln, ID,5208,-3.7
Madison, ID,37536,21.5
Minidoka, ID,20069,-1.8
Nez Perce, ID,39265,1.6
Oneida, ID,4286,7.2
Owyhee, ID,11526,1.5
Payette, ID,22623,3.8
Power, ID,7817,3.5
Shoshone, ID,12765,-27.5
Teton, ID,10170,18.7
Twin Falls, ID,77230,1.2
Valley, ID,9862,9
Washington, ID,10198,-2.9
ILLINOIS,,12830632,0
Adams, IL,67103,-7.7
Alexander, IL,8238,-13.4
Bond, IL,17768,-7.6
Boone, IL,54165,7.6
Brown, IL,6937,7.9
Bureau, IL,34978,-8.8
Calhoun, IL,5089,-9.3
Carroll, IL,15387,-10.5
Cass, IL,13642,-10.9
Champaign, IL,201081,2.8
Christian, IL,34800,-5.6
Clark, IL,16335,-5.9
Clay, IL,13815,-5.4
Clinton, IL,37762,4.1
Coles, IL,53873,-1.2
Cook, IL,5194675,-2.8
Crawford, IL,19817,-6.5
Cumberland, IL,11048,-3.5
DeKalb, IL,105160,4.4
De Witt, IL,16561,-8.8
Douglas, IL,19980,-1.6
DuPage, IL,916924,18.6
Edgar, IL,18576,-9.8
Edwards, IL,6721,-6.5
Effingham, IL,34242,2.5
Fayette, IL,22140,-5.7
Ford, IL,14081,-6.5
Franklin, IL,39561,-6.7
Fulton, IL,37069,-12.8
Gallatin, IL,5589,-9
Greene, IL,13886,-8.1
Grundy, IL,50063,5.7
Hamilton, IL,8457,-7.3
Hancock, IL,19104,-10.5
Hardin, IL,4320,-3.6
Henderson, IL,7331,-11.2
Henry, IL,50486,-11.7
Iroquois, IL,29718,-6.6
Jackson, IL,60218,-0.9
Jasper, IL,9698,-6.3
Jefferson, IL,38827,1.3
Jersey, IL,22985,0
Jo Daviess, IL,22678,-7.2
Johnson, IL,12582,17.9
Kane, IL,515269,14
Kankakee, IL,113449,-6.5
Kendall, IL,114736,5.9
Knox, IL,52919,-8.5
Lake, IL,703462,17.3
LaSalle, IL,113924,-4.6
Lawrence, IL,16833,-10.3
Lee, IL,36031,-5.3
Livingston, IL,38950,-5
Logan, IL,30305,-3.2
McDonough, IL,32612,-5.9
McHenry, IL,308760,23.9
McLean, IL,169572,8.4
Macon, IL,110768,-10.8
Macoupin, IL,47765,-3.5
Madison, IL,269282,0.6
Marion, IL,39437,-4.5
Marshall, IL,12640,-11.3
Mason, IL,14666,-16.5
Massac, IL,15429,-1.6
Menard, IL,12705,-4.6
Mercer, IL,16434,-10.3
Monroe, IL,32957,11.5
Montgomery, IL,30104,-3
Morgan, IL,35547,-2.9
Moultrie, IL,14846,-4.2
Ogle, IL,53497,-0.8
Peoria, IL,186494,-8.8
Perry, IL,22350,-1.4
Piatt, IL,16729,-6.2
Pike, IL,16430,-7
Pope, IL,4470,-0.7
Pulaski, IL,6161,-14.9
Putnam, IL,6006,-5.8
Randolph, IL,33476,-3
Richland, IL,16233,-5.9
Rock Island, IL,147546,-10.8
St. Clair, IL,270056,-1.7
Saline, IL,24913,-6.7
Sangamon, IL,197465,1.3
Schuyler, IL,7544,-10.4
Scott, IL,5355,-8.1
Shelby, IL,22363,-6.9
Stark, IL,5994,-11.6
Stephenson, IL,47711,-3
Tazewell, IL,135394,-6.3
Union, IL,17808,-0.8
Vermilion, IL,81625,-7.3
Wabash, IL,11947,-4.4
Warren, IL,17707,-12.6
Washington, IL,14716,-3.3
Wayne, IL,16760,-4.5
White, IL,14665,-7.5
Whiteside, IL,58498,-8.8
Will, IL,677560,10.1
Williamson, IL,66357,2.1
Winnebago, IL,295266,0.8
Woodford, IL,38664,-2
INDIANA,,6483802,1
Adams, IN,34387,5
Allen, IN,355329,2.2
Bartholomew, IN,76794,-2.2
Benton, IN,8854,-7.6
Blackford, IN,12766,-9.7
Boone, IN,56640,4.7
Brown, IN,15242,13.8
Carroll, IN,20155,-4.6
Cass, IN,38966,-6.2
Clark, IN,110232,-1.2
Clay, IN,26890,-0.6
Clinton, IN,33224,-1.8
Crawford, IN,10713,1
Daviess, IN,31648,-1.1
Dearborn, IN,50047,13.3
Decatur, IN,25740,-0.8
DeKalb, IN,42223,5.1
Delaware, IN,117671,-6.9
Dubois, IN,41889,6.9
Elkhart, IN,197559,13.7
Fayette, IN,24277,-8
Floyd, IN,74578,5.2
Fountain, IN,17240,-6.4
Franklin, IN,23087,-0.2
Fulton, IN,20836,-2.6
Gibson, IN,33503,-3.7
Grant, IN,70061,-8.4
Greene, IN,33165,0
Hamilton, IN,274569,32.8
Hancock, IN,70002,3.6
Harrison, IN,39364,9.6
Hendricks, IN,145448,8.5
Henry, IN,49462,-9.7
Howard, IN,82752,-7
Huntington, IN,37124,-0.5
Jackson, IN,42376,3.3
Jasper, IN,33478,-4.5
Jay, IN,21253,-7.4
Jefferson, IN,32428,-2
Jennings, IN,28525,3.5
Johnson, IN,139654,14.1
Knox, IN,38440,-4.7
Kosciusko, IN,77358,9.6
LaGrange, IN,37128,15.4
Lake, IN,496005,-9
LaPorte, IN,111467,-1.4
Lawrence, IN,46134,0.9
Madison, IN,131636,-6.2
Marion, IN,903393,4.2
Marshall, IN,47051,7.7
Martin, IN,10334,-5.7
Miami, IN,36903,-7.3
Monroe, IN,137974,10.3
Montgomery, IN,38124,-3
Morgan, IN,68894,7.5
Newton, IN,14244,-8.7
Noble, IN,47536,6.9
Ohio, IN,6128,3.9
Orange, IN,19840,-1.4
Owen, IN,21575,9.1
Parke, IN,17339,-5.9
Perry, IN,19338,-1.2
Pike, IN,12845,-7.1
Porter, IN,164343,7.6
Posey, IN,25910,-1.7
Pulaski, IN,13402,-4.6
Putnam, IN,37963,4
Randolph, IN,26171,-9.5
Ripley, IN,28818,0.9
Rush, IN,17392,-7.5
St. Joseph, IN,266931,2.2
Scott, IN,24181,2.8
Shelby, IN,44436,1.1
Spencer, IN,20952,0.7
Starke, IN,23363,3.4
Steuben, IN,34185,11.1
Sullivan, IN,21475,-10
Switzerland, IN,10613,8.2
Tippecanoe, IN,172780,7.3
Tipton, IN,15936,-4.2
Union, IN,7516,1.7
Vanderburgh, IN,179703,-1.5
Vermillion, IN,16212,-8
Vigo, IN,107848,-5.6
Wabash, IN,32888,-4.3
Warren, IN,8508,-8.9
Warrick, IN,59689,8.3
Washington, IN,28262,8.1
Wayne, IN,68917,-5.4
Wells, IN,27636,2.2
White, IN,24643,-2.5
Whitley, IN,33292,5.5
IOWA,,3046355,-4.7
Adair, IA,7682,-11.6
Adams, IA,4029,-15.1
Allamakee, IA,14330,-8.3
Appanoose, IA,12887,-11.4
Audubon, IA,6119,-14.3
Benton, IA,26076,-5.2
Black Hawk, IA,131090,-10.3
Boone, IA,26306,-3.8
Bremer, IA,24276,-8.1
Buchanan, IA,20958,-9
Buena Vista, IA,20260,-3.9
Butler, IA,14867,-11
Calhoun, IA,9670,-15
Carroll, IA,20816,-6.7
Cass, IA,13956,-10.7
Cedar, IA,18499,-6.4
Cerro Gordo, IA,44151,-3.6
Cherokee, IA,12072,-13.2
Chickasaw, IA,12439,-13.9
Clarke, IA,9286,-3.8
Clay, IA,16667,-10.2
Clayton, IA,18129,-9.7
Clinton, IA,49116,-10.6
Crawford, IA,17096,-11.4
Dallas, IA,66135,0.8
Davis, IA,8753,-8.7
Decatur, IA,8457,-14.9
Delaware, IA,17764,-4.7
Des Moines, IA,40325,-7.8
Dickinson, IA,16667,-4.6
Dubuque, IA,93653,-7.8
Emmet, IA,10302,-13.2
Fayette, IA,20880,-14.3
Floyd, IA,16303,-13
Franklin, IA,10680,-12.8
Fremont, IA,7441,-12.5
Greene, IA,9336,-17.1
Grundy, IA,12453,-16.3
Guthrie, IA,10954,-8.7
Hamilton, IA,15673,-10
Hancock, IA,11341,-8.6
Hardin, IA,17534,-12.3
Harrison, IA,14928,-9.9
Henry, IA,20145,1.8
Howard, IA,9566,-11.7
Humboldt, IA,9815,-12.2
Ida, IA,7089,-6.1
Iowa, IA,16355,-5.2
Jackson, IA,19848,-11.3
Jasper, IA,36842,-4.5
Jefferson, IA,16843,0
Johnson, IA,130882,17.6
Jones, IA,20638,-4.7
Keokuk, IA,10511,-10
Kossuth, IA,15543,-15.1
Lee, IA,35862,-10.3
Linn, IA,211226,-0.6
Louisa, IA,11387,-3.8
Lucas, IA,8898,-12.1
Lyon, IA,11581,-7.3
Madison, IA,15679,-0.9
Mahaska, IA,22381,-5.8
Marion, IA,33309,1.1
Marshall, IA,40648,-8.1
Mills, IA,15059,-1.5
Mitchell, IA,10776,-11.4
Monona, IA,9243,-14.2
Monroe, IA,7970,-11.9
Montgomery, IA,10740,-10
Muscatine, IA,42745,-1.3
O'Brien, IA,14398,-9
Osceola, IA,6462,-13.2
Page, IA,15932,-11.5
Palo Alto, IA,9421,-16.1
Plymouth, IA,24986,-5.5
Pocahontas, IA,7310,-16.2
Polk, IA,430640,7.9
Pottawattamie, IA,93158,-4.5
Poweshiek, IA,18914,-1.4
Ringgold, IA,5131,-11.3
Sac, IA,10350,-12.7
Scott, IA,165224,-5.7
Shelby, IA,12167,-12.1
Sioux, IA,33704,-3
Story, IA,89542,2.7
Tama, IA,17767,-10.8
Taylor, IA,6317,-14.8
Union, IA,12534,-8
Van Buren, IA,7570,-11
Wapello, IA,35625,-11.3
Warren, IA,46225,3.3
Washington, IA,21704,-2.6
Wayne, IA,6403,-13.8
Webster, IA,38013,-12.2
Winnebago, IA,10866,-6.8
Winneshiek, IA,21056,-4.7
Woodbury, IA,102172,-2.6
Worth, IA,7598,-11.9
Wright, IA,13229,-12.6
KANSAS,,2853118,4.8
Allen, KS,13371,-6.5
Anderson, KS,8102,-10.8
Atchison, KS,16924,-8
Barber, KS,4861,-10.3
Barton, KS,27674,-6.3
Bourbon, KS,15173,-6.3
Brown, KS,9984,-6.9
Butler, KS,65880,12.9
Chase, KS,2790,-8.7
Chautauqua, KS,3669,-12.1
Cherokee, KS,21603,-4.2
Cheyenne, KS,2726,-11.8
Clark, KS,2215,-7
Clay, KS,8535,-6.6
Cloud, KS,9533,-11.8
Coffey, KS,8601,-10.3
Comanche, KS,1891,-9.4
Cowley, KS,36311,0.2
Crawford, KS,39134,-6.2
Decatur, KS,2961,-10.8
Dickinson, KS,19754,-6
Doniphan, KS,7945,-12.2
Douglas, KS,110826,20.9
Edwards, KS,3037,-11.3
Elk, KS,2882,-15.1
Ellis, KS,28452,-0.4
Ellsworth, KS,6497,-0.8
Finney, KS,36776,38.8
Ford, KS,33848,12.9
Franklin, KS,25992,-0.3
Geary, KS,34362,2
Gove, KS,2695,-13.3
Graham, KS,2597,-11.3
Grant, KS,7829,2.6
Gray, KS,6006,5
Greeley, KS,1247,-3.8
Greenwood, KS,6689,-10.5
Hamilton, KS,2690,-5
Harper, KS,6034,-8.4
Harvey, KS,34684,1.6
Haskell, KS,4256,1.9
Hodgeman, KS,1916,-4.1
Jackson, KS,13462,-1
Jefferson, KS,19126,4.6
Jewell, KS,3077,-18.9
Johnson, KS,544179,31.4
Kearny, KS,3977,17.2
Kingman, KS,7858,-7.5
Kiowa, KS,2553,-9.5
Labette, KS,21607,-7.7
Lane, KS,1750,-3.9
Leavenworth, KS,76227,17.4
Lincoln, KS,3241,-11.9
Linn, KS,9656,0.2
Logan, KS,2756,-11.4
Lyon, KS,33690,-1.1
McPherson, KS,29180,1.5
Marion, KS,12660,-4.7
Marshall, KS,10117,-8.5
Meade, KS,4575,-11.3
Miami, KS,32787,8.5
Mitchell, KS,6373,-11.3
Montgomery, KS,35471,-8.2
Morris, KS,5923,-3.4
Morton, KS,3233,0.8
Nemaha, KS,10178,-6.8
Neosho, KS,16512,-10.2
Ness, KS,3107,-10.3
Norton, KS,5671,-11.1
Osage, KS,16295,-0.5
Osborne, KS,3858,-18.3
Ottawa, KS,6091,-5.6
Pawnee, KS,6973,-6.3
Phillips, KS,5642,-11
Pottawatomie, KS,21604,9.1
Pratt, KS,9656,-5.6
Rawlins, KS,2519,-17.1
Reno, KS,64511,-4
Republic, KS,4980,-14.4
Rice, KS,10083,-10.8
Riley, KS,71115,5.7
Rooks, KS,5181,-13.8
Rush, KS,3307,-14.9
Russell, KS,6970,-11.6
Saline, KS,55606,0.8
Scott, KS,4936,-8.5
Sedgwick, KS,498365,10
Seward, KS,22952,9.8
Shawnee, KS,177934,3.9
Sheridan, KS,2556,-14.1
Sherman, KS,6010,-10.7
Smith, KS,3853,-14.6
Stafford, KS,4437,-5.8
Stanton, KS,2235,-0.3
Stevens, KS,5724,6.6
Sumner, KS,24132,3.7
Thomas, KS,7900,-2.3
Trego, KS,3001,-11.3
Wabaunsee, KS,7053,-3.8
Wallace, KS,1485,-11
Washington, KS,5799,-17.2
Wichita, KS,2234,-9.3
Wilson, KS,9409,-15.2
Woodson, KS,3309,-10.5
Wyandotte, KS,157505,-6
KENTUCKY,,4339367,0.7
Adair, KY,18656,0.8
Allen, KY,19956,3.5
Anderson, KY,21421,15.9
Ballard, KY,8249,-10.2
Barren, KY,42173,0
Bath, KY,11591,-3.3
Bell, KY,28691,-8.2
Boone, KY,118811,25.6
Bourbon, KY,19985,-0.9
Boyd, KY,49542,-7.9
Boyle, KY,28432,2.3
Bracken, KY,8488,0.4
Breathitt, KY,13878,-7.7
Breckinridge, KY,20059,-3.3
Bullitt, KY,74319,9.7
Butler, KY,12690,1.6
Caldwell, KY,12984,-1.8
Calloway, KY,37191,2.3
Campbell, KY,90336,0.7
Carlisle, KY,5104,-4.5
Carroll, KY,10811,0.2
Carter, KY,27720,-2.9
Casey, KY,15955,-4.1
Christian, KY,73955,3.1
Clark, KY,35613,4.1
Clay, KY,21730,-4.4
Clinton, KY,10272,-2
Crittenden, KY,9315,-0.1
Cumberland, KY,6856,-6.9
Daviess, KY,96656,1.4
Edmonson, KY,12161,4
Elliott, KY,7852,-6.6
Estill, KY,14672,0.8
Fayette, KY,295803,10.4
Fleming, KY,14348,-0.3
Floyd, KY,39451,-10.6
Franklin, KY,49285,5.5
Fulton, KY,6813,-7.8
Gallatin, KY,8589,11.4
Garrard, KY,16912,6.7
Grant, KY,24662,18.3
Graves, KY,37121,-1.5
Grayson, KY,25746,0.9
Green, KY,11258,-6.1
Greenup, KY,36910,-6.1
Hancock, KY,8565,1.6
Hardin, KY,105543,0.4
Harlan, KY,29278,-12.7
Harrison, KY,18846,7.1
Hart, KY,18199,-3.3
Henderson, KY,46250,5.4
Henry, KY,15416,0.7
Hickman, KY,4902,-8.2
Hopkins, KY,46920,-0.1
Jackson, KY,13494,-0.3
Jefferson, KY,741096,-2.9
Jessamine, KY,48586,17
Johnson, KY,23356,-4.8
Kenton, KY,159720,3.6
Knott, KY,16346,-0.2
Knox, KY,31883,-1.9
Larue, KY,14193,-2
Laurel, KY,58849,11.4
Lawrence, KY,15860,-0.9
Lee, KY,7887,-4.3
Leslie, KY,11310,-8.3
Letcher, KY,24519,-12
Lewis, KY,13870,-10.4
Lincoln, KY,24742,5.2
Livingston, KY,9519,-1.7
Logan, KY,26835,1.2
Lyon, KY,8314,2.1
McCracken, KY,65565,2.6
McCreary, KY,18306,-0.2
McLean, KY,9531,-4.6
Madison, KY,82916,7.8
Magoffin, KY,13333,-3.2
Marion, KY,19820,-7.9
Marshall, KY,31448,6.1
Martin, KY,12929,-10
Mason, KY,17490,-6.2
Meade, KY,28602,5.8
Menifee, KY,6306,-0.5
Mercer, KY,21331,0.7
Metcalfe, KY,10099,-5.5
Monroe, KY,10963,-7.7
Montgomery, KY,26499,-2.4
Morgan, KY,13923,-3.8
Muhlenberg, KY,31499,-2.9
Nelson, KY,43437,7.7
Nicholas, KY,7135,-6
Ohio, KY,23842,-3
Oldham, KY,60316,19.7
Owen, KY,10841,1.2
Owsley, KY,4755,-11.8
Pendleton, KY,14877,9.5
Perry, KY,28712,-10.3
Pike, KY,65024,-10.5
Powell, KY,12613,5.3
Pulaski, KY,63063,8
Robertson, KY,2282,-6.4
Rockcastle, KY,17056,5.9
Rowan, KY,23333,6.8
Russell, KY,17565,7.4
Scott, KY,47173,9.4
Shelby, KY,42074,6.4
Simpson, KY,17327,3.2
Spencer, KY,17061,14.7
Taylor, KY,24512,-0.2
Todd, KY,12460,-7.9
Trigg, KY,14339,10.4
Trimble, KY,8809,-2.6
Union, KY,15007,-7.1
Warren, KY,113792,8.2
Washington, KY,11717,-3
Wayne, KY,20813,2.6
Webster, KY,13621,-5.9
Whitley, KY,35637,-0.2
Wolfe, KY,7355,-2.9
Woodford, KY,24939,12.2
LOUISIANA,,4533372,0.3
Acadia, LA,61773,-1
Allen, LA,25764,-0.9
Ascension, LA,107215,16.3
Assumption, LA,23421,3
Avoyelles, LA,42073,-5.4
Beauregard, LA,35654,1.3
Bienville, LA,14353,-2.5
Bossier, LA,116979,6.6
Caddo, LA,254969,-1.7
Calcasieu, LA,192768,0.5
Caldwell, LA,10132,-8.9
Cameron, LA,6839,-0.8
Catahoula, LA,10407,-9.9
Claiborne, LA,17195,1.8
Concordia, LA,20822,-9.4
De Soto, LA,26656,-1.5
East Baton Rouge, LA,440171,3.8
East Carroll, LA,7759,-17.5
East Feliciana, LA,20267,1
Evangeline, LA,33984,-0.2
Franklin, LA,20767,-7.3
Grant, LA,22309,4.9
Iberia, LA,73240,7.1
Iberville, LA,33387,-3.5
Jackson, LA,16274,-9.3
Jefferson, LA,432552,-1.4
Jefferson Davis, LA,31594,-4.5
Lafayette, LA,221578,9.8
Lafourche, LA,96318,4.1
La Salle, LA,14890,-19.7
Lincoln, LA,46735,5
Livingston, LA,128026,19.9
Madison, LA,12093,-20.5
Morehouse, LA,27979,-8.2
Natchitoches, LA,39566,-8
Orleans, LA,343829,-10.9
Ouachita, LA,153720,2.1
Plaquemines, LA,23042,-1.8
Pointe Coupee, LA,22802,-6.3
Rapides, LA,131613,-2.8
Red River, LA,9091,-10
Richland, LA,20725,-7
Sabine, LA,24233,-10.4
St. Bernard, LA,35897,4
St. Charles, LA,52780,13.9
St. Helena, LA,11203,0.5
St. James, LA,22102,-2.9
St. John the Baptist, LA,45924,25.3
St. Landry, LA,83384,-4.5
St. Martin, LA,52160,9.7
St. Mary, LA,54650,-9.6
St. Tammany, LA,233740,30.3
Tangipahoa, LA,121097,6.2
Tensas, LA,5252,-16.7
Terrebonne, LA,111860,2.7
Union, LA,22721,-1.8
Vermilion, LA,57999,3.3
Vernon, LA,52334,15.9
Washington, LA,47168,-2.3
Webster, LA,41207,-3.8
West Baton Rouge, LA,23788,1.7
West Carroll, LA,11604,-6.4
West Feliciana, LA,15625,6
Winn, LA,15313,-5.7
MAINE,,1328361,9.1
Androscoggin, ME,107702,5.8
Aroostook, ME,71870,-4.8
Cumberland, ME,281674,12.7
Franklin, ME,30768,5.7
Hancock, ME,54418,12.4
Kennebec, ME,122151,5.5
Knox, ME,39736,10.2
Lincoln, ME,34457,18.2
Oxford, ME,57833,7.3
Penobscot, ME,153923,7
Piscataquis, ME,17535,5.8
Sagadahoc, ME,35293,16.5
Somerset, ME,52228,10.5
Waldo, ME,38786,16.2
Washington, ME,32856,1
York, ME,197131,17.8
MARYLAND,,5773552,13.4
Allegany, MD,75087,-7
Anne Arundel, MD,537656,15.2
Baltimore, MD,805029,5.6
Calvert, MD,88737,48.3
Caroline, MD,33066,16.8
Carroll, MD,167134,28
Cecil, MD,101108,18.1
Charles, MD,146551,39
Dorchester, MD,32618,-1.3
Frederick, MD,233385,30.9
Garrett, MD,30097,6.2
Harford, MD,244826,24.8
Howard, MD,287085,58
Kent, MD,20197,6.9
Montgomery, MD,971777,30.7
Prince George's, MD,863420,9.5
Queen Anne's, MD,47798,33.1
St. Mary's, MD,105151,26.8
Somerset, MD,26470,22.2
Talbot, MD,37782,19.3
Washington, MD,147430,7.3
Wicomico, MD,98733,15.2
Worcester, MD,51454,13.4
Baltimore city, MD,620961,-6.4
MASSACHUSETTS,,6547629,4.9
Barnstable, MA,215888,26.1
Berkshire, MA,131219,-4
Bristol, MA,548285,6.7
Dukes, MA,16535,30.2
Essex, MA,743159,5.7
Franklin, MA,71372,9
Hampden, MA,463490,3
Hampshire, MA,158080,5.6
Middlesex, MA,1503085,2.3
Nantucket, MA,10172,18.2
Norfolk, MA,670850,1.6
Plymouth, MA,494919,7.4
Suffolk, MA,722023,2.1
Worcester, MA,798552,9.8
MICHIGAN,,9883640,0.4
Alcona, MI,10942,4.2
Alger, MI,9601,-2.7
Allegan, MI,111408,11
Alpena, MI,29598,-5.3
Antrim, MI,23580,12.3
Arenac, MI,15899,1.4
Baraga, MI,8860,-6.2
Barry, MI,59173,9.3
Bay, MI,107771,-6.8
Benzie, MI,17525,8.9
Berrien, MI,156813,-5.8
Branch, MI,45248,3.3
Calhoun, MI,136146,-4
Cass, MI,52293,0
Charlevoix, MI,25949,7.8
Cheboygan, MI,26152,3.6
Chippewa, MI,38520,19.2
Clare, MI,30926,4.7
Clinton, MI,75382,3.6
Crawford, MI,14074,29.5
Delta, MI,37069,-3
Dickinson, MI,26168,5.9
Eaton, MI,107759,5.1
Emmet, MI,32694,8.9
Genesee, MI,425790,-4.4
Gladwin, MI,25692,9.7
Gogebic, MI,16427,-8.3
Grand Traverse, MI,86986,17.1
Gratiot, MI,42476,-3.6
Hillsdale, MI,46688,3.2
Houghton, MI,36628,-6.4
Huron, MI,33118,-4.1
Ingham, MI,280895,2.3
Ionia, MI,63905,10.1
Iosco, MI,25887,6.6
Iron, MI,11817,-3.4
Isabella, MI,70311,0.9
Jackson, MI,160248,-1.1
Kalamazoo, MI,250331,5.2
Kalkaska, MI,17153,23.2
Kent, MI,602622,12.6
Keweenaw, MI,2156,-13.3
Lake, MI,11539,11.3
Lapeer, MI,88319,6.8
Leelanau, MI,21708,18
Lenawee, MI,99892,1.7
Livingston, MI,180967,15.3
Luce, MI,6631,-13.5
Mackinac, MI,11113,4.9
Macomb, MI,840978,3.3
Manistee, MI,24733,-7.6
Marquette, MI,67077,-4.3
Mason, MI,28705,-3.1
Mecosta, MI,42798,0.9
Menominee, MI,24029,-4.9
Midland, MI,83629,2.8
Missaukee, MI,14849,21.4
Monroe, MI,152021,-0.8
Montcalm, MI,63342,11.6
Montmorency, MI,9765,19.3
Muskegon, MI,172188,0.9
Newaygo, MI,48460,9.4
Oakland, MI,1202362,7.1
Oceana, MI,26570,2.1
Ogemaw, MI,21699,13.7
Ontonagon, MI,6780,-10.2
Osceola, MI,23528,6.4
Oscoda, MI,8640,14.3
Otsego, MI,24164,19.8
Ottawa, MI,263801,19.5
Presque Isle, MI,13376,-3.7
Roscommon, MI,24449,20.8
Saginaw, MI,200169,-7.1
St. Clair, MI,163040,4.9
St. Joseph, MI,61295,5
Sanilac, MI,43114,-2.1
Schoolcraft, MI,8485,-3.2
Shiawassee, MI,70648,-1.9
Tuscola, MI,55729,-2.6
Van Buren, MI,76258,4.9
Washtenaw, MI,344791,6.9
Wayne, MI,1820584,-9.7
Wexford, MI,32735,5
MINNESOTA,,5303925,7.4
Aitkin, MN,16202,-7.3
Anoka, MN,330844,24.3
Becker, MN,32504,-5
Beltrami, MN,44442,11
Benton, MN,38451,19.8
Big Stone, MN,5269,-18.5
Blue Earth, MN,64013,3.3
Brown, MN,25893,-5.8
Carlton, MN,35386,-2.3
Carver, MN,91042,29.3
Cass, MN,28567,3.5
Chippewa, MN,12441,-11.5
Chisago, MN,53887,18.7
Clay, MN,58999,2.2
Clearwater, MN,8695,-5.2
Cook, MN,5176,-5.5
Cottonwood, MN,11687,-14.5
Crow Wing, MN,62500,6.1
Dakota, MN,398552,41.6
Dodge, MN,20087,6.5
Douglas, MN,36009,3
Faribault, MN,14553,-14.1
Fillmore, MN,20866,-5.3
Freeborn, MN,31255,-9
Goodhue, MN,46183,5
Grant, MN,6018,-12.9
Hennepin, MN,1152425,9.7
Houston, MN,19027,0.6
Hubbard, MN,20428,6
Isanti, MN,37816,9.8
Itasca, MN,45058,-5.1
Jackson, MN,10266,-14.7
Kanabec, MN,16239,5.3
Kandiyohi, MN,42239,5.4
Kittson, MN,4552,-13.6
Koochiching, MN,13311,-7.2
Lac qui Parle, MN,7259,-15.7
Lake, MN,10866,-20.1
Lake of the Woods, MN,4045,8.3
Le Sueur, MN,27703,-0.8
Lincoln, MN,5896,-16
Lyon, MN,25857,-1.7
McLeod, MN,36651,8
Mahnomen, MN,5413,-8.9
Marshall, MN,9439,-15.6
Martin, MN,20840,-7.2
Meeker, MN,23300,1.2
Mille Lacs, MN,26097,1.3
Morrison, MN,33198,1
Mower, MN,39163,-7.4
Murray, MN,8725,-16.1
Nicollet, MN,32727,4.3
Nobles, MN,21378,-8
Norman, MN,6852,-15
Olmsted, MN,144248,15.7
Otter Tail, MN,57303,-2.4
Pennington, MN,13930,-12.8
Pine, MN,29750,7
Pipestone, MN,9596,-10.3
Polk, MN,31600,-6.5
Pope, MN,10995,-7.8
Ramsey, MN,508640,5.7
Red Lake, MN,4089,-17.3
Redwood, MN,16059,-10.8
Renville, MN,15730,-13.4
Rice, MN,64142,6.7
Rock, MN,9687,-8.4
Roseau, MN,15629,19.5
St. Louis, MN,200226,-10.8
Scott, MN,129928,32.1
Sherburne, MN,88499,40.2
Sibley, MN,15226,-7
Stearns, MN,150642,10.3
Steele, MN,36576,1.3
Stevens, MN,9726,-6.1
Swift, MN,9783,-17
Todd, MN,24895,-6.5
Traverse, MN,3558,-19.5
Wabasha, MN,21676,2.1
Wadena, MN,13843,-7.3
Waseca, MN,19136,-2
Washington, MN,238136,28.4
Watonwan, MN,11211,-5.5
Wilkin, MN,6576,-11.1
Winona, MN,51461,3.4
Wright, MN,124700,17.1
Yellow Medicine, MN,10438,-14.4
MISSISSIPPI,,2967297,2.2
Adams, MS,32297,-7.1
Alcorn, MS,37057,-4
Amite, MS,13131,-0.3
Attala, MS,19564,-7
Benton, MS,8729,-1.3
Bolivar, MS,34145,-8.9
Calhoun, MS,14962,-4.8
Carroll, MS,10597,-5.5
Chickasaw, MS,17392,1.3
Choctaw, MS,8547,0.8
Claiborne, MS,9604,-7.4
Clarke, MS,16732,2.2
Clay, MS,20634,0.2
Coahoma, MS,26151,-14.2
Copiah, MS,29449,4.1
Covington, MS,19568,3.8
DeSoto, MS,161252,25.9
Forrest, MS,74934,3.5
Franklin, MS,8118,2.1
George, MS,22578,9
Greene, MS,14400,4
Grenada, MS,21906,2.1
Hancock, MS,43929,29.7
Harrison, MS,187105,4.9
Hinds, MS,245285,1.4
Holmes, MS,19198,-5.9
Humphreys, MS,9375,-12.9
Issaquena, MS,1406,-24
Itawamba, MS,23401,-2.4
Jackson, MS,139668,-2.3
Jasper, MS,17062,-0.9
Jefferson, MS,7726,-5.8
Jefferson Davis, MS,12487,1.5
Jones, MS,67761,0.2
Kemper, MS,10456,2
Lafayette, MS,47351,2.6
Lamar, MS,55658,27.7
Lauderdale, MS,80261,-2.2
Lawrence, MS,12929,-0.5
Leake, MS,23805,-1.9
Lee, MS,82910,14.9
Leflore, MS,32317,-10.1
Lincoln, MS,34869,0.3
Lowndes, MS,59779,3.5
Madison, MS,95203,29.3
Marion, MS,27088,-0.6
Marshall, MS,37144,3.6
Monroe, MS,36989,0.5
Montgomery, MS,10925,-7.3
Neshoba, MS,29676,4.2
Newton, MS,21720,1.6
Noxubee, MS,11545,-4.6
Oktibbeha, MS,47671,6.5
Panola, MS,34707,6.5
Pearl River, MS,55834,14.6
Perry, MS,12250,10.1
Pike, MS,40404,2
Pontotoc, MS,29957,6.3
Prentiss, MS,25276,-3.1
Quitman, MS,8223,-17
Rankin, MS,141617,25.5
Scott, MS,28264,-1.7
Sharkey, MS,4916,-11.3
Simpson, MS,27503,2.2
Smith, MS,16491,-1.9
Stone, MS,17786,10.6
Sunflower, MS,29450,0.8
Tallahatchie, MS,15378,-11.3
Tate, MS,28886,6.5
Tippah, MS,22232,4.2
Tishomingo, MS,19593,-4.1
Tunica, MS,10778,-15.4
Union, MS,27134,1.6
Walthall, MS,15443,4.3
Warren, MS,48773,-7.3
Washington, MS,51137,-6.1
Wayne, MS,20747,2
Webster, MS,10253,-0.8
Wilkinson, MS,9878,-3.4
Winston, MS,19198,-0.2
Yalobusha, MS,12678,-8.7
Yazoo, MS,28065,-6.7
MISSOURI,,5988927,4.1
Adair, MO,25607,-1.2
Andrew, MO,17291,4.7
Atchison, MO,5685,-13.3
Audrain, MO,25529,-10.8
Barry, MO,35597,12.9
Barton, MO,12402,0.2
Bates, MO,17049,-5.3
Benton, MO,19056,13.8
Bollinger, MO,12363,3.1
Boone, MO,162642,12
Buchanan, MO,89201,-5.5
Butler, MO,42794,2.8
Caldwell, MO,9424,-3.2
Callaway, MO,44332,1.7
Camden, MO,44002,37.4
Cape Girardeau, MO,75674,4.8
Carroll, MO,9295,-11.4
Carter, MO,6265,1.6
Cass, MO,99478,25
Cedar, MO,13982,1.7
Chariton, MO,7831,-12.3
Christian, MO,77422,45.7
Clark, MO,7139,-11.1
Clay, MO,221939,12.4
Clinton, MO,20743,4.3
Cole, MO,75990,12.2
Cooper, MO,17601,1.3
Crawford, MO,24696,4.8
Dade, MO,7883,0.9
Dallas, MO,16777,4.5
Daviess, MO,8433,-11.7
DeKalb, MO,12892,21.2
Dent, MO,15657,-5.6
Douglas, MO,13684,2.4
Dunklin, MO,31953,-8.8
Franklin, MO,101492,13.2
Gasconade, MO,15222,6.3
Gentry, MO,6738,-13.1
Greene, MO,275174,12.2
Grundy, MO,10261,-11.9
Harrison, MO,8957,-14.4
Henry, MO,22272,1.9
Hickory, MO,9627,15.2
Holt, MO,4912,-12.3
Howard, MO,10144,-3.8
Howell, MO,40400,9.2
Iron, MO,10630,-3.2
Jackson, MO,674158,0.6
Jasper, MO,117404,4
Jefferson, MO,218733,17.2
Johnson, MO,52595,8.8
Knox, MO,4131,-18.6
Laclede, MO,35571,11.7
Lafayette, MO,33381,3.9
Lawrence, MO,38634,4.4
Lewis, MO,10211,-6.1
Lincoln, MO,52566,30.2
Linn, MO,12761,-10.4
Livingston, MO,15195,-7.3
McDonald, MO,23083,13.5
Macon, MO,15566,-5.9
Madison, MO,12226,3.7
Maries, MO,9176,5.6
Marion, MO,28781,-3.3
Mercer, MO,3785,-20.5
Miller, MO,24748,11.7
Mississippi, MO,14358,-8.2
Moniteau, MO,15607,1.9
Monroe, MO,8840,-6.3
Montgomery, MO,12236,-1.6
Morgan, MO,20565,12.8
New Madrid, MO,18956,-8.8
Newton, MO,58114,9.6
Nodaway, MO,23370,-1.3
Oregon, MO,10881,-7.5
Osage, MO,13878,0
Ozark, MO,9723,8
Pemiscot, MO,18296,-12.3
Perry, MO,18971,-0.8
Pettis, MO,42201,-2.6
Phelps, MO,45156,4.8
Pike, MO,18516,-9.1
Platte, MO,89322,24.9
Polk, MO,31137,16
Pulaski, MO,52274,-1.7
Putnam, MO,4979,-16.6
Ralls, MO,10167,-5.7
Randolph, MO,25414,-4.3
Ray, MO,23494,2.8
Reynolds, MO,6696,-7.9
Ripley, MO,14100,-1.2
St. Charles, MO,360485,47.6
St. Clair, MO,9805,-1.9
Ste. Genevieve, MO,18145,5.6
St. Francois, MO,65359,14.8
St. Louis, MO,998954,2
Saline, MO,23370,-5.6
Schuyler, MO,4431,-14.9
Scotland, MO,4843,-11
Scott, MO,39191,-0.7
Shannon, MO,8441,-3.4
Shelby, MO,6373,-11.3
Stoddard, MO,29968,-0.4
Stone, MO,32202,22.4
Sullivan, MO,6714,-14.9
Taney, MO,51675,24.9
Texas, MO,26008,1.9
Vernon, MO,21159,-3.9
Warren, MO,32513,31.1
Washington, MO,25195,13.3
Wayne, MO,13521,2.4
Webster, MO,36202,16.4
Worth, MO,2171,-18.9
Wright, MO,18815,3.5
St. Louis city, MO,319294,-12.4
MONTANA,,989415,1.6
Beaverhead, MT,9246,2.9
Big Horn, MT,12865,2.2
Blaine, MT,6491,-3.9
Broadwater, MT,5612,1.6
Carbon, MT,10078,-0.2
Carter, MT,1160,-16.5
Cascade, MT,81327,-3.7
Chouteau, MT,5813,-10.5
Custer, MT,11699,-10.8
Daniels, MT,1751,-20.1
Dawson, MT,8966,-19.5
Deer Lodge, MT,9298,-17.3
Fallon, MT,2890,-17.5
Fergus, MT,11586,-7.6
Flathead, MT,90928,14
Gallatin, MT,89513,17.7
Garfield, MT,1206,-4
Glacier, MT,13399,14
Golden Valley, MT,884,-11.1
Granite, MT,3079,-5.6
Hill, MT,16096,-1.8
Jefferson, MT,11406,12.9
Judith Basin, MT,2072,-13.8
Lake, MT,28746,10.4
Lewis and Clark, MT,63395,10.4
Liberty, MT,2339,-1.5
Lincoln, MT,19687,-1.5
McCone, MT,1734,-15.8
Madison, MT,7691,9.9
Meagher, MT,1891,-15.6
Mineral, MT,4223,-9.8
Missoula, MT,109299,3.5
Musselshell, MT,4538,-7.3
Park, MT,15636,12.5
Petroleum, MT,494,-20.8
Phillips, MT,4253,-3.8
Pondera, MT,6153,-4.4
Powder River, MT,1743,-17.1
Powell, MT,7027,-4.9
Prairie, MT,1179,-24.7
Ravalli, MT,40212,11.2
Richland, MT,9746,-12.5
Roosevelt, MT,10425,5.1
Rosebud, MT,9233,6.1
Sanders, MT,11413,-0.1
Sheridan, MT,3384,-12.6
Silver Bow, MT,34200,-10.9
Stillwater, MT,9117,16.8
Sweet Grass, MT,3651,-1.9
Teton, MT,6073,-3.4
Toole, MT,5324,-9.2
Treasure, MT,718,-10.9
Valley, MT,7369,-19.6
Wheatland, MT,2168,-4.8
Wibaux, MT,1017,-19.3
Yellowstone, MT,147972,5
Yellowstone National Park, MT,0,-21.2
NEBRASKA,,1826341,0.5
Adams, NE,31364,-3.4
Antelope, NE,6685,-8.2
Arthur, NE,460,-9.9
Banner, NE,690,-7.2
Blaine, NE,478,-22.1
Boone, NE,5505,-9.8
Box Butte, NE,11308,-4.1
Boyd, NE,2099,-14.9
Brown, NE,3145,-16.4
Buffalo, NE,46102,7.6
Burt, NE,6858,-10.7
Butler, NE,8395,-7.8
Cass, NE,25241,5
Cedar, NE,8852,-10.9
Chase, NE,3966,-7.9
Cherry, NE,5713,-6.7
Cheyenne, NE,9998,-5.6
Clay, NE,6542,-12.1
Colfax, NE,10515,-7.6
Cuming, NE,9139,-13.3
Custer, NE,10939,-11.6
Dakota, NE,21006,1
Dawes, NE,9182,-6.1
Dawson, NE,24326,-10.6
Deuel, NE,1941,-9.1
Dixon, NE,6000,-13.9
Dodge, NE,36691,-3.8
Douglas, NE,517110,4.9
Dundy, NE,2008,-9.8
Fillmore, NE,5890,-10.3
Franklin, NE,3225,-10
Frontier, NE,2756,-15
Furnas, NE,4959,-14.4
Gage, NE,22311,-6.8
Garden, NE,2057,-12.2
Garfield, NE,2049,-9.4
Gosper, NE,2044,-9.9
Grant, NE,614,-12.3
Greeley, NE,2538,-13.2
Hall, NE,58607,2.6
Hamilton, NE,9124,-4.7
Harlan, NE,3423,-11.2
Hayes, NE,967,-9.9
Hitchcock, NE,2908,-8.1
Holt, NE,10435,-7
Hooker, NE,736,-19.9
Howard, NE,6274,-10.6
Jefferson, NE,7547,-10.8
Johnson, NE,5217,-11.6
Kearney, NE,6489,-6
Keith, NE,8368,-8.3
Keya Paha, NE,824,-20.9
Kimball, NE,3821,-15.9
Knox, NE,8701,-16.5
Lancaster, NE,285407,10.8
Lincoln, NE,36288,-10.8
Logan, NE,763,-10.7
Loup, NE,632,-20.5
McPherson, NE,539,-7.9
Madison, NE,34876,4.1
Merrick, NE,7845,-10
Morrill, NE,5042,-10.9
Nance, NE,3735,-9.8
Nemaha, NE,7248,-4.6
Nuckolls, NE,4500,-14
Otoe, NE,15740,-6.1
Pawnee, NE,2773,-15.7
Perkins, NE,2970,-7.4
Phelps, NE,9188,-0.6
Pierce, NE,7266,-7.7
Platte, NE,32237,3.4
Polk, NE,5406,-10.3
Red Willow, NE,11055,-7.2
Richardson, NE,8363,-12.2
Rock, NE,1526,-15.3
Saline, NE,14200,-3.2
Sarpy, NE,158840,19.3
Saunders, NE,20780,-2.3
Scotts Bluff, NE,36970,-6
Seward, NE,16750,-2.1
Sheridan, NE,5469,-10.5
Sherman, NE,3152,-12
Sioux, NE,1311,-16
Stanton, NE,6129,-4.7
Thayer, NE,5228,-12.5
Thomas, NE,647,-12.5
Thurston, NE,6940,-3.5
Valley, NE,4260,-8.2
Washington, NE,20234,7.1
Wayne, NE,9595,-5
Webster, NE,3812,-11.9
Wheeler, NE,818,-10.6
York, NE,13665,-2.5
NEVADA,,2700551,50.1
Churchill, NV,24877,28.9
Clark, NV,1951269,60.1
Douglas, NV,46997,42.3
Elko, NV,48818,93.8
Esmeralda, NV,783,73
Eureka, NV,1987,29.1
Humboldt, NV,16528,35.9
Lander, NV,5775,53.7
Lincoln, NV,5345,1.2
Lyon, NV,51980,47.1
Mineral, NV,4772,4.1
Nye, NV,43946,96.5
Pershing, NV,6753,27.2
Storey, NV,4010,68.1
Washoe, NV,421407,31.5
White Pine, NV,10030,13.4
Carson City city, NV,55274,26.3
NEW HAMPSHIRE,,1316470,20.5
Belknap, NH,60088,14.8
Carroll, NH,47818,26.8
Cheshire, NH,77117,12.9
Coos, NH,33055,-0.9
Grafton, NH,89118,13.9
Hillsborough, NH,400721,21.4
Merrimack, NH,146445,22.3
Rockingham, NH,295223,29.2
Strafford, NH,123143,22
Sullivan, NH,43742,7
NEW JERSEY,,8791894,5
Atlantic, NJ,274549,15.6
Bergen, NJ,905116,-2.4
Burlington, NJ,448734,9
Camden, NJ,513657,6.6
Cape May, NJ,97265,15.6
Cumberland, NJ,156898,3.9
Essex, NJ,783969,-8.6
Gloucester, NJ,288288,15.1
Hudson, NJ,634266,-0.7
Hunterdon, NJ,128349,23.4
Mercer, NJ,366513,5.8
Middlesex, NJ,809858,12.7
Monmouth, NJ,630380,9.9
Morris, NJ,492276,3.4
Ocean, NJ,576567,25.2
Passaic, NJ,501226,1.3
Salem, NJ,66083,1
Somerset, NJ,323444,18.3
Sussex, NJ,149265,12.8
Union, NJ,536499,-2
Warren, NJ,108692,8.5
NEW MEXICO,,2059179,16.2
Bernalillo, NM,662564,14.4
Catron, NM,3725,-5.8
Chaves, NM,65645,13.2
Cibola, NM,27213,-21.6
Colfax, NM,13750,-5.4
Curry, NM,48376,0.4
De Baca, NM,2022,-8.2
Dona Ana, NM,209233,40.7
Eddy, NM,53829,1.6
Grant, NM,29514,5.6
Guadalupe, NM,4687,-7.6
Harding, NM,695,-9.4
Hidalgo, NM,4894,-1.5
Lea, NM,64727,-0.4
Lincoln, NM,20497,11.1
Los Alamos, NM,17950,2.9
Luna, NM,25095,16.2
McKinley, NM,71492,7.3
Mora, NM,4881,1.4
Otero, NM,63797,16.3
Quay, NM,9041,2.3
Rio Arriba, NM,40246,17.4
Roosevelt, NM,19846,6.4
Sandoval, NM,131561,84.1
San Juan, NM,130044,12.5
San Miguel, NM,29393,13.2
Santa Fe, NM,144170,31
Sierra, NM,11988,17.2
Socorro, NM,17866,17.5
Taos, NM,32937,18.8
Torrance, NM,16383,37.3
Union, NM,4549,-12.7
Valencia, NM,76569,47
NEW YORK,,19378102,2.5
Albany, NY,304204,2.4
Allegany, NY,48946,-2.5
Bronx, NY,1385108,3
Broome, NY,200600,-0.7
Cattaraugus, NY,80317,-1.7
Cayuga, NY,80026,3
Chautauqua, NY,134905,-3.4
Chemung, NY,88830,-2.5
Chenango, NY,50477,4.9
Clinton, NY,82128,6.5
Columbia, NY,63096,5.9
Cortland, NY,49336,0.3
Delaware, NY,47980,0.9
Dutchess, NY,297488,5.9
Erie, NY,919040,-4.6
Essex, NY,39370,2.7
Franklin, NY,51599,3.6
Fulton, NY,55531,-1.7
Genesee, NY,60079,1.1
Greene, NY,49221,9.5
Hamilton, NY,4836,4.9
Herkimer, NY,64519,-1.4
Jefferson, NY,116229,25.9
Kings, NY,2504700,3.1
Lewis, NY,27087,7
Livingston, NY,65393,9.4
Madison, NY,73442,6.2
Monroe, NY,744344,1.7
Montgomery, NY,50219,-2.7
Nassau, NY,1339532,-2.6
New York, NY,1585873,4.1
Niagara, NY,216469,-2.9
Oneida, NY,234878,-1
Onondaga, NY,467026,1.1
Ontario, NY,107931,7
Orange, NY,372813,18.5
Orleans, NY,42883,8.7
Oswego, NY,122109,6.9
Otsego, NY,62259,2.4
Putnam, NY,99710,8.7
Queens, NY,2230722,3.2
Rensselaer, NY,159429,1.6
Richmond, NY,468730,7.7
Rockland, NY,311687,2.3
St. Lawrence, NY,111944,-2.1
Saratoga, NY,219607,17.9
Schenectady, NY,154727,-0.4
Schoharie, NY,32749,7.2
Schuyler, NY,18343,5.5
Seneca, NY,35251,-0.1
Steuben, NY,98990,-0.1
Suffolk, NY,1493350,2.9
Sullivan, NY,77547,6.3
Tioga, NY,51125,5.1
Tompkins, NY,101564,8.1
Ulster, NY,182493,4.5
Warren, NY,65707,7.9
Washington, NY,63216,8.3
Wayne, NY,93772,5.4
Westchester, NY,949113,1
Wyoming, NY,42155,6.5
Yates, NY,25348,6.3
NORTH CAROLINA,,9535483,12.8
Alamance, NC,151131,9
Alexander, NC,37198,10.2
Alleghany, NC,11155,0
Anson, NC,26948,-8.5
Ashe, NC,27281,-0.5
Avery, NC,17797,3.2
Beaufort, NC,47759,4.8
Bertie, NC,21282,-3
Bladen, NC,35190,-6
Brunswick, NC,107431,42.5
Buncombe, NC,238318,8.6
Burke, NC,90912,4.5
Cabarrus, NC,178011,15.2
Caldwell, NC,83029,4.4
Camden, NC,9980,1.3
Carteret, NC,66469,27.9
Caswell, NC,23719,-0.1
Catawba, NC,154358,12.6
Chatham, NC,63505,16
Cherokee, NC,27444,6.5
Chowan, NC,14793,7.5
Clay, NC,10587,8.1
Cleveland, NC,98078,1.5
Columbus, NC,58098,-2.8
Craven, NC,103505,14.9
Cumberland, NC,319431,11.1
Currituck, NC,23547,23.9
Dare, NC,33920,70
Davidson, NC,162878,11.9
Davie, NC,41240,13.3
Duplin, NC,58505,-2.3
Durham, NC,267587,19.5
Edgecombe, NC,56552,1.3
Forsyth, NC,350670,9.1
Franklin, NC,60619,21.2
Gaston, NC,206086,7.7
Gates, NC,12197,4.8
Graham, NC,8861,-0.3
Granville, NC,59916,12.6
Greene, NC,21362,-4.5
Guilford, NC,488406,9.5
Halifax, NC,54691,0.8
Harnett, NC,114678,13.9
Haywood, NC,59036,1
Henderson, NC,106740,18.3
Hertford, NC,24669,-3.6
Hoke, NC,46952,12.1
Hyde, NC,5810,-7.9
Iredell, NC,159437,12.6
Jackson, NC,40271,4
Johnston, NC,168878,15.2
Jones, NC,10153,-3
Lee, NC,57866,12.7
Lenoir, NC,59495,-4.3
Lincoln, NC,78265,18.8
McDowell, NC,44996,1.6
Macon, NC,33922,16.5
Madison, NC,20764,0.7
Martin, NC,24505,-3.4
Mecklenburg, NC,919628,26.5
Mitchell, NC,15579,0
Montgomery, NC,27798,3.9
Moore, NC,88247,16.8
Nash, NC,95840,14.2
New Hanover, NC,202667,16.2
Northampton, NC,22099,-6.3
Onslow, NC,177772,32.9
Orange, NC,133801,21.8
Pamlico, NC,13144,9.3
Pasquotank, NC,40661,10
Pender, NC,52217,29.6
Perquimans, NC,13453,10.1
Person, NC,39464,3.5
Pitt, NC,168148,20.3
Polk, NC,20510,11
Randolph, NC,141752,16.7
Richmond, NC,46639,-1.4
Robeson, NC,134168,3.5
Rockingham, NC,93643,3.2
Rowan, NC,138428,11.5
Rutherford, NC,67810,5.8
Sampson, NC,63431,-4.8
Scotland, NC,36157,4.6
Stanly, NC,60585,6.7
Stokes, NC,47401,12.5
Surry, NC,73673,3.8
Swain, NC,13981,9.6
Transylvania, NC,33090,9
Tyrrell, NC,4407,-3
Union, NC,201292,19.6
Vance, NC,45422,5.8
Wake, NC,900993,41.4
Warren, NC,20972,6.4
Washington, NC,13228,-5.4
Watauga, NC,51079,16.7
Wayne, NC,122623,7.8
Wilkes, NC,69340,1.3
Wilson, NC,81234,4.6
Yadkin, NC,38406,7.2
Yancey, NC,17818,3.2
NORTH DAKOTA,,672591,-2.1
Adams, ND,2343,-11.4
Barnes, ND,11066,-10.1
Benson, ND,6660,-9.4
Billings, ND,783,-2.6
Bottineau, ND,6429,-13.3
Bowman, ND,3151,-15
Burke, ND,1968,-21.5
Burleigh, ND,81308,9.7
Cass, ND,149778,16.6
Cavalier, ND,3993,-20.6
Dickey, ND,5289,-15.3
Divide, ND,2071,-17
Dunn, ND,3536,-13.4
Eddy, ND,2385,-17
Emmons, ND,3550,-17.8
Foster, ND,3343,-13.6
Golden Valley, ND,1680,-11.8
Grand Forks, ND,66861,6.9
Grant, ND,2394,-17
Griggs, ND,2420,-11.1
Hettinger, ND,2477,-19.4
Kidder, ND,2435,-13.1
LaMoure, ND,4139,-16.8
Logan, ND,1990,-18.5
McHenry, ND,5395,-16.9
McIntosh, ND,2809,-16.2
McKenzie, ND,6360,-10.5
McLean, ND,8962,-15.6
Mercer, ND,8424,4.3
Morton, ND,27471,-5.9
Mountrail, ND,7673,-8.6
Nelson, ND,3126,-15.7
Oliver, ND,1846,-4.6
Pembina, ND,7413,-11.2
Pierce, ND,4357,-18.1
Ramsey, ND,11451,-2.8
Ransom, ND,5457,-11.6
Renville, ND,2470,-12.4
Richland, ND,16321,-5.5
Rolette, ND,13937,4.9
Sargent, ND,3829,-17.5
Sheridan, ND,1321,-23.8
Sioux, ND,4153,3.9
Slope, ND,727,-21.6
Stark, ND,24199,-3.7
Steele, ND,1975,-22.1
Stutsman, ND,21100,-7.9
Towner, ND,2246,-10.5
Traill, ND,8121,-9.1
Walsh, ND,11119,-10
Ward, ND,61675,-0.8
Wells, ND,4207,-16
Williams, ND,22398,-5
OHIO,,11536504,0.5
Adams, OH,28550,4.3
Allen, OH,106331,-2.2
Ashland, OH,53139,2.9
Ashtabula, OH,101497,-4.2
Athens, OH,64757,5.6
Auglaize, OH,45949,4.8
Belmont, OH,70400,-13.9
Brown, OH,44846,9.5
Butler, OH,368130,12.6
Carroll, OH,28836,3.6
Champaign, OH,40097,7
Clark, OH,138333,-1.8
Clermont, OH,197363,16.9
Clinton, OH,42040,2.4
Columbiana, OH,107841,-4.7
Coshocton, OH,36901,-1.7
Crawford, OH,43784,-4.4
Cuyahoga, OH,1280122,-5.8
Darke, OH,52959,-2.7
Defiance, OH,39037,-1.6
Delaware, OH,174214,24.3
Erie, OH,77079,-3.6
Fairfield, OH,146156,10.5
Fayette, OH,29030,0
Franklin, OH,1163414,10.6
Fulton, OH,42698,2
Gallia, OH,30934,2.8
Geauga, OH,93389,8.9
Greene, OH,161573,5.4
Guernsey, OH,40087,-7.1
Hamilton, OH,802374,-0.8
Hancock, OH,74782,1.5
Hardin, OH,32058,-4.9
Harrison, OH,15864,-11.4
Henry, OH,28215,2.6
Highland, OH,43589,6.7
Hocking, OH,29380,5.1
Holmes, OH,42366,11.7
Huron, OH,59626,3
Jackson, OH,33225,-1.2
Jefferson, OH,69709,-12.3
Knox, OH,60921,2.5
Lake, OH,230041,1.3
Lawrence, OH,62450,-3.2
Licking, OH,166492,6
Logan, OH,45858,8.1
Lorain, OH,301356,-1.4
Lucas, OH,441815,-2
Madison, OH,43435,12.3
Mahoning, OH,238823,-8.5
Marion, OH,66501,-5.4
Medina, OH,172332,8.1
Meigs, OH,23770,-2.8
Mercer, OH,40814,2.9
Miami, OH,102506,3.1
Monroe, OH,14642,-10.8
Montgomery, OH,535153,0.4
Morgan, OH,15054,-0.3
Morrow, OH,34827,4.8
Muskingum, OH,86074,-1.5
Noble, OH,14645,0.2
Ottawa, OH,41428,-0.1
Paulding, OH,19614,-3.8
Perry, OH,36058,1.7
Pickaway, OH,55698,10.5
Pike, OH,28709,6.3
Portage, OH,161419,5
Preble, OH,42270,4.9
Putnam, OH,34499,2.5
Richland, OH,124475,-3.9
Ross, OH,78064,6.7
Sandusky, OH,60944,-2.1
Scioto, OH,79499,-5
Seneca, OH,56745,-3.5
Shelby, OH,49423,4.2
Stark, OH,375586,-3
Summit, OH,541781,-1.8
Trumbull, OH,210312,-5.8
Tuscarawas, OH,92582,-0.6
Union, OH,52300,8.2
Van Wert, OH,28744,0
Vinton, OH,13435,-4.2
Warren, OH,212693,14.8
Washington, OH,61778,-3.1
Wayne, OH,114520,4.2
Williams, OH,37642,1.6
Wood, OH,125488,5.5
Wyandot, OH,22615,-1.8
OKLAHOMA,,3751351,4
Adair, OK,22683,-0.8
Alfalfa, OK,5642,-9.3
Atoka, OK,14182,0.2
Beaver, OK,5636,-11.5
Beckham, OK,22119,-2.2
Blaine, OK,11943,-14.7
Bryan, OK,42416,5.1
Caddo, OK,29600,-4.4
Canadian, OK,115541,31.8
Carter, OK,47557,-1.6
Cherokee, OK,46987,11
Choctaw, OK,15205,-11.1
Cimarron, OK,2475,-9.5
Cleveland, OK,255755,30.8
Coal, OK,5925,-4.3
Comanche, OK,124098,-0.9
Cotton, OK,6193,-9.4
Craig, OK,15029,-6.1
Creek, OK,69967,3.2
Custer, OK,27469,3.5
Delaware, OK,41487,17.2
Dewey, OK,4810,-6.3
Ellis, OK,4151,-19.6
Garfield, OK,60580,-9.7
Garvin, OK,27576,-4.5
Grady, OK,52431,5.7
Grant, OK,4527,-12.7
Greer, OK,6239,-6.7
Harmon, OK,2922,-16.1
Harper, OK,3685,-13.8
Haskell, OK,12769,-0.6
Hughes, OK,14003,-9.2
Jackson, OK,26446,-5.2
Jefferson, OK,6472,-15.5
Johnston, OK,10957,-3.1
Kay, OK,46562,-3.6
Kingfisher, OK,15034,-6.9
Kiowa, OK,9446,-10.7
Latimer, OK,11154,5
Le Flore, OK,50384,6.3
Lincoln, OK,34273,9.8
Logan, OK,41848,7.9
Love, OK,9423,4.3
McClain, OK,34506,12.3
McCurtain, OK,33151,-7.5
McIntosh, OK,20252,7.8
Major, OK,7527,-8.2
Marshall, OK,15840,2.6
Mayes, OK,41259,3.4
Murray, OK,13488,-0.9
Muskogee, OK,70990,1.6
Noble, OK,11561,-4.6
Nowata, OK,10536,-13
Okfuskee, OK,12191,3.8
Oklahoma, OK,718633,5.4
Okmulgee, OK,40069,-6.8
Osage, OK,47472,5.9
Ottawa, OK,31848,-7
Pawnee, OK,16577,1.7
Payne, OK,77350,-1.5
Pittsburg, OK,45837,1.1
Pontotoc, OK,37492,4.7
Pottawatomie, OK,69442,6.4
Pushmataha, OK,11572,-6.6
Roger Mills, OK,3647,-13.6
Rogers, OK,86905,18.8
Seminole, OK,25482,-7.5
Sequoyah, OK,42391,10
Stephens, OK,45048,-2.6
Texas, OK,20640,-7.4
Tillman, OK,7992,-16.2
Tulsa, OK,603403,7
Wagoner, OK,73085,14.5
Washington, OK,50976,-0.1
Washita, OK,11629,-17.1
Woods, OK,8878,-16.7
Woodward, OK,20081,-10.4
OREGON,,3831074,7.9
Baker, OR,16134,-5.1
Benton, OR,85579,3.8
Clackamas, OR,375992,15.3
Clatsop, OR,37039,2.5
Columbia, OR,49351,5.4
Coos, OR,63043,-5.9
Crook, OR,20978,7.8
Curry, OR,22364,13.7
Deschutes, OR,157733,20.7
Douglas, OR,107667,1
Gilliam, OR,1871,-16.5
Grant, OR,7445,-4.3
Harney, OR,7422,-15.1
Hood River, OR,22346,6.7
Jackson, OR,203206,10.5
Jefferson, OR,21720,17.9
Josephine, OR,82713,6.4
Klamath, OR,66380,-2.4
Lake, OR,7895,-4.6
Lane, OR,351715,2.8
Lincoln, OR,46034,10.3
Linn, OR,116672,1.9
Malheur, OR,31313,-3.2
Marion, OR,315335,11.6
Morrow, OR,11173,1.4
Multnomah, OR,735334,3.8
Polk, OR,75403,9.6
Sherman, OR,1765,-11.7
Tillamook, OR,25250,1.9
Umatilla, OR,75889,0.7
Union, OR,25748,-1.4
Wallowa, OR,7008,-5
Wasco, OR,25213,-0.2
Washington, OR,529710,26.7
Wheeler, OR,1441,-7.7
Yamhill, OR,99193,18.5
PENNSYLVANIA,,12702379,0.2
Adams, PA,101407,14.6
Allegheny, PA,1223348,-7.8
Armstrong, PA,68941,-5.5
Beaver, PA,170539,-9
Bedford, PA,49762,2.4
Berks, PA,411442,7.7
Blair, PA,127089,-4.4
Bradford, PA,62622,-3.1
Bucks, PA,625249,12.9
Butler, PA,183862,2.8
Cambria, PA,143679,-11
Cameron, PA,5085,-11.4
Carbon, PA,65249,6.7
Centre, PA,153990,10.7
Chester, PA,498886,18.9
Clarion, PA,39988,-3.8
Clearfield, PA,81642,-6.6
Clinton, PA,39238,-4.6
Columbia, PA,67295,2
Crawford, PA,88765,-3
Cumberland, PA,235406,8.7
Dauphin, PA,268100,2.4
Delaware, PA,558979,-1.3
Elk, PA,31946,-9
Erie, PA,280566,-1.5
Fayette, PA,136606,-8.8
Forest, PA,7716,-5.3
Franklin, PA,149618,6.6
Fulton, PA,14845,7.7
Greene, PA,38686,-2.3
Huntingdon, PA,45913,4.5
Indiana, PA,88880,-2.5
Jefferson, PA,45200,-4.6
Juniata, PA,24636,7.5
Lackawanna, PA,214437,-3.9
Lancaster, PA,519445,16.7
Lawrence, PA,91108,-10.2
Lebanon, PA,133568,4.8
Lehigh, PA,349497,6.9
Luzerne, PA,320918,-4.4
Lycoming, PA,116111,0.2
McKean, PA,43450,-6.9
Mercer, PA,116638,-5.7
Mifflin, PA,46682,-1.5
Monroe, PA,169842,37.9
Montgomery, PA,799874,5.4
Montour, PA,18267,6.4
Northampton, PA,297735,9.6
Northumberland, PA,94528,-3.6
Perry, PA,45969,15.3
Philadelphia, PA,1526006,-6.1
Pike, PA,57369,53.1
Potter, PA,17457,-5.7
Schuylkill, PA,148289,-5
Snyder, PA,39702,9.2
Somerset, PA,77742,-3.7
Sullivan, PA,6428,-3.9
Susquehanna, PA,43356,6.6
Tioga, PA,41981,0.4
Union, PA,44947,10.1
Venango, PA,54984,-7.9
Warren, PA,41815,-5.1
Washington, PA,207820,-5.8
Wayne, PA,52822,13.4
Westmoreland, PA,365169,-5.6
Wyoming, PA,28276,6.2
York, PA,434972,8.5
RHODE ISLAND,,1052567,5.9
Bristol, RI,49875,4.1
Kent, RI,166158,4.5
Newport, RI,82888,7.1
Providence, RI,626667,4.4
Washington, RI,126979,17.9
SOUTH CAROLINA,,4625364,11.7
Abbeville, SC,25417,5.5
Aiken, SC,160099,14.5
Allendale, SC,10419,9.6
Anderson, SC,187126,9
Bamberg, SC,15987,-6.7
Barnwell, SC,22621,2.1
Beaufort, SC,162233,32.2
Berkeley, SC,177843,35.9
Calhoun, SC,15175,4.5
Charleston, SC,350209,6.7
Cherokee, SC,55342,8.6
Chester, SC,33140,6.7
Chesterfield, SC,46734,1.1
Clarendon, SC,34971,3.6
Colleton, SC,38892,8.2
Darlington, SC,68681,-1.4
Dillon, SC,32062,-6.3
Dorchester, SC,136555,40.7
Edgefield, SC,26985,4.7
Fairfield, SC,23956,7.7
Florence, SC,136885,3.8
Georgetown, SC,60158,9
Greenville, SC,451225,11.2
Greenwood, SC,69661,6.6
Hampton, SC,21090,0.2
Horry, SC,269291,42
Jasper, SC,24777,6.8
Kershaw, SC,61697,11.7
Lancaster, SC,76652,2.2
Laurens, SC,66537,11.3
Lee, SC,19220,-2.6
Lexington, SC,262391,19.4
McCormick, SC,10233,13.7
Marion, SC,33062,-0.8
Marlboro, SC,28933,-6.1
Newberry, SC,37508,6.2
Oconee, SC,74273,18.3
Orangeburg, SC,92501,3.1
Pickens, SC,119224,18.4
Richland, SC,384504,6.2
Saluda, SC,19875,1.4
Spartanburg, SC,284307,11.7
Sumter, SC,107456,14.8
Union, SC,28961,-1.4
Williamsburg, SC,34423,-3.7
York, SC,226073,23.2
SOUTH DAKOTA,,814180,0.8
Aurora, SD,2710,-13.6
Beadle, SD,17398,-4.9
Bennett, SD,3431,5.3
Bon Homme, SD,7070,-12
Brookings, SD,31965,3.6
Brown, SD,36531,-3.7
Brule, SD,5255,4.6
Buffalo, SD,1912,-2
Butte, SD,10110,-5.5
Campbell, SD,1466,-12.4
Charles Mix, SD,9129,-5.7
Clark, SD,3691,-10
Clay, SD,13864,-3.7
Codington, SD,27227,8.7
Corson, SD,4050,-19.3
Custer, SD,8216,3
Davison, SD,19504,-1.8
Day, SD,5710,-14.2
Deuel, SD,4364,-14.5
Dewey, SD,5301,2.9
Douglas, SD,3002,-10.4
Edmunds, SD,4071,-15.6
Fall River, SD,7094,-12.9
Faulk, SD,2364,-17.5
Grant, SD,7356,-7.1
Gregory, SD,4271,-10.9
Haakon, SD,1937,-6.1
Hamlin, SD,5903,-5.5
Hand, SD,3431,-13.7
Hanson, SD,3331,-12.3
Harding, SD,1255,-1.8
Hughes, SD,17022,4.2
Hutchinson, SD,7343,-11.6
Hyde, SD,1420,-18
Jackson, SD,3031,-18.2
Jerauld, SD,2071,-17.2
Jones, SD,1006,-9.5
Kingsbury, SD,5148,-11.3
Lake, SD,11200,-1.6
Lawrence, SD,24097,12.6
Lincoln, SD,44828,10.7
Lyman, SD,3755,-5.8
McCook, SD,5618,-11.7
McPherson, SD,2459,-19.8
Marshall, SD,4656,-10.4
Meade, SD,25434,5.6
Mellette, SD,2048,-5
Miner, SD,2389,-12.5
Minnehaha, SD,169468,13.1
Moody, SD,6486,-2.8
Pennington, SD,100948,15.6
Perkins, SD,2982,-16.3
Potter, SD,2329,-13.2
Roberts, SD,10149,-9.1
Sanborn, SD,2355,-11.8
Shannon, SD,13586,-12.5
Spink, SD,6415,-13.3
Stanley, SD,2966,-3.2
Sully, SD,1373,-20.2
Todd, SD,9612,14
Tripp, SD,5644,-4.7
Turner, SD,8347,-7.3
Union, SD,14399,-6.8
Walworth, SD,5438,-13.2
Yankton, SD,22438,1.6
Ziebach, SD,2801,-3.8
TENNESSEE,,6346105,6.2
Anderson, TN,75129,1.3
Bedford, TN,45058,8.9
Benton, TN,16489,-2.5
Bledsoe, TN,12876,2
Blount, TN,123010,10.5
Bradley, TN,98963,9.1
Campbell, TN,40716,0.4
Cannon, TN,13801,2.3
Carroll, TN,28522,-2.7
Carter, TN,57424,2.6
Cheatham, TN,39105,25.6
Chester, TN,17131,0.7
Claiborne, TN,32213,6.3
Clay, TN,7861,-5.7
Cocke, TN,35662,1.2
Coffee, TN,52796,5.3
Crockett, TN,14586,-10.5
Cumberland, TN,56053,21.1
Davidson, TN,626681,6.9
Decatur, TN,11757,-3.5
DeKalb, TN,18723,5.7
Dickson, TN,49666,16.7
Dyer, TN,38335,0.6
Fayette, TN,38413,1
Fentress, TN,17959,-1.1
Franklin, TN,41052,8.6
Gibson, TN,49683,-6.4
Giles, TN,29485,4.5
Grainger, TN,22657,2.1
Greene, TN,68831,2.6
Grundy, TN,13703,-3.1
Hamblen, TN,62544,2.4
Hamilton, TN,336463,-0.7
Hancock, TN,6819,-2.1
Hardeman, TN,27253,-2.1
Hardin, TN,26026,1.6
Hawkins, TN,56833,1.9
Haywood, TN,18787,-4.3
Henderson, TN,27769,2.1
Henry, TN,32330,-2.7
Hickman, TN,24690,10.6
Houston, TN,8426,2.1
Humphreys, TN,18538,-0.9
Jackson, TN,11638,-1.1
Jefferson, TN,51407,5.5
Johnson, TN,18244,0.2
Knox, TN,432226,5
Lake, TN,7832,-4.4
Lauderdale, TN,27815,-4.3
Lawrence, TN,41869,3.5
Lewis, TN,12161,-4.7
Lincoln, TN,33361,6.3
Loudon, TN,48556,9.5
McMinn, TN,52266,1.2
McNairy, TN,26075,-0.5
Macon, TN,22248,1.3
Madison, TN,98294,4.6
Marion, TN,28237,1.8
Marshall, TN,30617,9.3
Maury, TN,80956,7.3
Meigs, TN,11753,8.1
Monroe, TN,44519,6.4
Montgomery, TN,172331,20.6
Moore, TN,6362,4.7
Morgan, TN,21987,4.2
Obion, TN,31807,-3.2
Overton, TN,22083,0.3
Perry, TN,7915,8.2
Pickett, TN,5077,4.4
Polk, TN,16825,0.3
Putnam, TN,72321,7.7
Rhea, TN,31809,0.4
Roane, TN,54181,-2.5
Robertson, TN,66283,12.1
Rutherford, TN,262604,41.1
Scott, TN,22228,-4.7
Sequatchie, TN,14112,3
Sevier, TN,89889,23.2
Shelby, TN,927644,6.3
Smith, TN,19166,-5.3
Stewart, TN,13324,9.4
Sullivan, TN,156823,-0.3
Sumner, TN,160645,20.4
Tipton, TN,61081,14.1
Trousdale, TN,7870,-3.5
Unicoi, TN,18313,1.1
Union, TN,19109,17
Van Buren, TN,5548,2.5
Warren, TN,39839,1
Washington, TN,122979,4
Wayne, TN,17021,-0.1
Weakley, TN,35021,-2.8
White, TN,25841,2.7
Williamson, TN,183182,39.4
Wilson, TN,113993,20.7
TEXAS,,25145561,19.4
Anderson, TX,58458,25.1
Andrews, TX,14786,7.6
Angelina, TX,86771,8.9
Aransas, TX,23158,25.5
Archer, TX,9054,9.7
Armstrong, TX,1901,1.4
Atascosa, TX,44911,21.9
Austin, TX,28417,11.9
Bailey, TX,7165,-13.5
Bandera, TX,20485,49.1
Bastrop, TX,74171,54.7
Baylor, TX,3726,-10.9
Bee, TX,31861,-3.4
Bell, TX,310235,21.1
Bexar, TX,1714773,19.9
Blanco, TX,10497,27.6
Borden, TX,641,-7
Bosque, TX,18212,12.9
Bowie, TX,92565,8.5
Brazoria, TX,313166,13
Brazos, TX,194851,30.2
Brewster, TX,9232,14.3
Briscoe, TX,1637,-23.6
Brooks, TX,7223,-2.7
Brown, TX,38106,4
Burleson, TX,17187,10.7
Burnet, TX,42750,27.4
Caldwell, TX,38066,11.7
Calhoun, TX,21381,-2.7
Callahan, TX,13544,7.9
Cameron, TX,406220,24
Camp, TX,12401,6.8
Carson, TX,6182,-1.4
Cass, TX,30464,1.9
Castro, TX,8062,-14.1
Chambers, TX,35096,8.4
Cherokee, TX,50845,7.7
Childress, TX,7041,-14.3
Clay, TX,10752,4.6
Cochran, TX,3127,-9.3
Coke, TX,3320,7.1
Coleman, TX,8895,-7
Collin, TX,782341,82.6
Collingsworth, TX,3057,-23.1
Colorado, TX,20874,-2.3
Comal, TX,108472,42.2
Comanche, TX,13974,6.1
Concho, TX,4087,4.4
Cooke, TX,38437,11.3
Coryell, TX,75388,13.1
Cottle, TX,1505,-23.8
Crane, TX,4375,1.1
Crockett, TX,3719,-11.5
Crosby, TX,6059,-17.6
Culberson, TX,2398,2.8
Dallam, TX,6703,-16.4
Dallas, TX,2368139,19
Dawson, TX,13833,-11.3
Deaf Smith, TX,19372,-9.5
Delta, TX,5231,0.4
Denton, TX,662614,91.1
DeWitt, TX,20097,-0.3
Dickens, TX,2444,-27.4
Dimmit, TX,9996,-8.2
Donley, TX,3677,-9.3
Duval, TX,11782,3.2
Eastland, TX,18583,-5.1
Ector, TX,137130,3.1
Edwards, TX,2002,11.5
Ellis, TX,149610,42.6
El Paso, TX,800647,23.3
Erath, TX,37890,24.1
Falls, TX,17866,-1.3
Fannin, TX,33915,2.1
Fayette, TX,24554,6.7
Fisher, TX,3974,-17.8
Floyd, TX,6446,-13.6
Foard, TX,1336,-16.9
Fort Bend, TX,585375,72.1
Franklin, TX,10605,13.2
Freestone, TX,19816,6.7
Frio, TX,17217,-2.3
Gaines, TX,17526,7.4
Galveston, TX,291309,11.1
Garza, TX,6461,-3.6
Gillespie, TX,24837,27.1
Glasscock, TX,1226,11
Goliad, TX,7210,15.2
Gonzales, TX,19807,1.5
Gray, TX,22535,-9.2
Grayson, TX,120877,5.8
Gregg, TX,121730,5.5
Grimes, TX,26604,38.6
Guadalupe, TX,131533,38.9
Hale, TX,36273,-7.8
Hall, TX,3353,-30.2
Hamilton, TX,8517,-6.8
Hansford, TX,5613,-5.8
Hardeman, TX,4139,-17
Hardin, TX,54635,1.5
Harris, TX,4092459,17
Harrison, TX,65631,10
Hartley, TX,6062,-8.9
Haskell, TX,5899,-11.7
Hays, TX,157107,61.6
Hemphill, TX,3807,-29.9
Henderson, TX,78532,37.4
Hidalgo, TX,774769,35.4
Hill, TX,35089,8.5
Hockley, TX,22935,4.2
Hood, TX,51182,63.6
Hopkins, TX,35161,14.2
Houston, TX,23732,-4.1
Howard, TX,35012,-2.4
Hudspeth, TX,3476,6.9
Hunt, TX,86129,16.5
Hutchinson, TX,22150,-2.3
Irion, TX,1599,17.5
Jack, TX,9044,-5.8
Jackson, TX,14075,-2.3
Jasper, TX,35710,1
Jeff Davis, TX,2342,18.2
Jefferson, TX,252273,-3.7
Jim Hogg, TX,5300,-1.1
Jim Wells, TX,40838,3.2
Johnson, TX,150934,43.6
Jones, TX,20202,-4.5
Karnes, TX,14824,-8.4
Kaufman, TX,103350,33.8
Kendall, TX,33410,37.2
Kenedy, TX,416,-15.3
Kent, TX,808,-11.8
Kerr, TX,49625,26.1
Kimble, TX,4607,1.5
King, TX,286,-16.7
Kinney, TX,3598,36.9
Kleberg, TX,32061,-9.2
Knox, TX,3719,-9.2
Lamar, TX,49793,4.3
Lamb, TX,13977,-19.3
Lampasas, TX,19677,12.6
La Salle, TX,6886,-4.7
Lavaca, TX,19263,-1.7
Lee, TX,16612,17.4
Leon, TX,16801,32
Liberty, TX,75643,12
Limestone, TX,23384,3.6
Lipscomb, TX,3302,-16.5
Live Oak, TX,11531,-0.5
Llano, TX,19301,14.7
Loving, TX,82,17.6
Lubbock, TX,278831,5.2
Lynn, TX,5915,-21.5
McCulloch, TX,8283,0.5
McLennan, TX,234906,10.8
McMullen, TX,707,3.5
Madison, TX,13664,2.6
Marion, TX,10546,-3.6
Martin, TX,4799,5.8
Mason, TX,4012,-7.1
Matagorda, TX,36702,-2.4
Maverick, TX,54258,15.9
Medina, TX,46006,17.9
Menard, TX,2242,-4
Midland, TX,136872,29
Milam, TX,24757,0.9
Mills, TX,4936,1.2
Mitchell, TX,9403,-11.8
Montague, TX,19719,-0.8
Montgomery, TX,455746,43.2
Moore, TX,21904,7.8
Morris, TX,12934,-9.8
Motley, TX,1210,-21.4
Nacogdoches, TX,64524,17
Navarro, TX,47735,13
Newton, TX,14445,2.4
Nolan, TX,15216,-4.4
Nueces, TX,340223,8.5
Ochiltree, TX,10223,-4.8
Oldham, TX,2052,-0.2
Orange, TX,81837,-4
Palo Pinto, TX,28111,4.1
Panola, TX,23796,6.3
Parker, TX,116927,45.2
Parmer, TX,10269,-10.6
Pecos, TX,15507,0.4
Polk, TX,45413,25.7
Potter, TX,121073,-0.8
Presidio, TX,7818,27.9
Rains, TX,10914,38.8
Randall, TX,120725,19.5
Reagan, TX,3367,9.2
Real, TX,3309,-2.3
Red River, TX,12860,-11.1
Reeves, TX,13783,0.3
Refugio, TX,7383,-14.1
Roberts, TX,929,-13.6
Robertson, TX,16622,5.9
Rockwall, TX,78337,76.2
Runnels, TX,10501,-4.9
Rusk, TX,53330,5.7
Sabine, TX,10834,10.2
San Augustine, TX,8865,-8.9
San Jacinto, TX,26384,43.2
San Patricio, TX,64804,1.3
San Saba, TX,6131,-7.5
Schleicher, TX,3461,6
Scurry, TX,16921,2.4
Shackelford, TX,3378,-15.3
Shelby, TX,25448,-4.5
Sherman, TX,3034,-10
Smith, TX,209714,17.9
Somervell, TX,8490,29
Starr, TX,60968,48.6
Stephens, TX,9630,-9.2
Sterling, TX,1143,19.2
Stonewall, TX,1490,-16.3
Sutton, TX,4128,-19.4
Swisher, TX,7854,-16.4
Tarrant, TX,1809034,35.9
Taylor, TX,131506,7.9
Terrell, TX,984,-11.6
Terry, TX,12651,-9.3
Throckmorton, TX,1641,-8.4
Titus, TX,32334,12
Tom Green, TX,110224,16.1
Travis, TX,1024266,37.4
Trinity, TX,14585,21.1
Tyler, TX,21766,2.6
Upshur, TX,39309,9.7
Upton, TX,3355,-3.7
Uvalde, TX,26405,4
Val Verde, TX,48879,7.8
Van Zandt, TX,52579,20.7
Victoria, TX,86793,8.1
Walker, TX,67861,21.8
Waller, TX,43205,18.1
Ward, TX,10658,-6.2
Washington, TX,33718,18.9
Webb, TX,250304,34.2
Wharton, TX,41280,-0.7
Wheeler, TX,5410,-17.6
Wichita, TX,131500,1.1
Wilbarger, TX,13535,-5.1
Willacy, TX,22134,1.2
Williamson, TX,422679,82.4
Wilson, TX,42918,35.2
Winkler, TX,7110,-13.3
Wise, TX,59127,30.5
Wood, TX,41964,19
Yoakum, TX,7879,5.9
Young, TX,18550,-5
Zapata, TX,14018,40
Zavala, TX,11677,4.3
UTAH,,2763885,17.9
Beaver, UT,6629,8.8
Box Elder, UT,49975,9.8
Cache, UT,112656,22.7
Carbon, UT,21403,-8.8
Daggett, UT,1059,-10.3
Davis, UT,306479,28.3
Duchesne, UT,18607,0.6
Emery, UT,10976,-9.8
Garfield, UT,5172,8.4
Grand, UT,9225,-19.7
Iron, UT,46163,19.8
Juab, UT,10246,5.2
Kane, UT,7125,28.5
Millard, UT,12503,26.3
Morgan, UT,9469,12.4
Piute, UT,1556,-3.9
Rich, UT,2264,-17.9
Salt Lake, UT,1029655,17.3
San Juan, UT,14746,3
Sanpete, UT,27822,11.2
Sevier, UT,20802,4.8
Summit, UT,36324,52.2
Tooele, UT,58218,2.2
Uintah, UT,32588,8.3
Utah, UT,516564,20.9
Wasatch, UT,23530,18.4
Washington, UT,138115,86.3
Wayne, UT,2778,13.9
Weber, UT,231236,9.5
VERMONT,,625741,10
Addison, VT,36821,12.1
Bennington, VT,37125,7.5
Caledonia, VT,31227,7.9
Chittenden, VT,156545,14
Essex, VT,6306,1.5
Franklin, VT,47746,14.9
Grand Isle, VT,6970,15.3
Lamoille, VT,24475,17.7
Orange, VT,28936,15
Orleans, VT,27231,2.6
Rutland, VT,61642,6.5
Washington, VT,59534,4.8
Windham, VT,44513,12.6
Windsor, VT,56670,5.9
VIRGINIA,,8001024,15.8
Accomack, VA,33164,1.4
Albemarle, VA,98970,22.2
Alleghany, VA,16250,-9.5
Amelia, VA,12690,4.5
Amherst, VA,32353,-1.9
Appomattox, VA,14973,2.7
Arlington, VA,207627,12
Augusta, VA,73750,14.9
Bath, VA,4731,-18.1
Bedford, VA,68676,30.4
Bland, VA,6824,2.6
Botetourt, VA,33148,7.4
Brunswick, VA,17434,2.3
Buchanan, VA,24098,-17.5
Buckingham, VA,17146,9.5
Campbell, VA,54842,4.7
Caroline, VA,28545,7.3
Carroll, VA,30042,-2.6
Charles City, VA,7256,-6.1
Charlotte, VA,12586,-4.7
Chesterfield, VA,316236,48.2
Clarke, VA,14034,21.4
Craig, VA,5190,10.7
Culpeper, VA,46689,22.9
Cumberland, VA,10052,-0.7
Dickenson, VA,15903,-11
Dinwiddie, VA,28001,-1.3
Essex, VA,11151,-2
Fairfax, VA,1081726,37.4
Fauquier, VA,65203,36.1
Floyd, VA,15279,3.5
Fluvanna, VA,25691,21.3
Franklin, VA,56159,10.7
Frederick, VA,78305,33.9
Giles, VA,17286,-8.1
Gloucester, VA,36858,49.9
Goochland, VA,21717,20.4
Grayson, VA,15533,-1.8
Greene, VA,18403,35
Greensville, VA,12243,-20.8
Halifax, VA,36241,17.7
Hanover, VA,99863,25.6
Henrico, VA,306935,20.5
Henry, VA,54151,-1.2
Highland, VA,2321,-10.3
Isle of Wight, VA,35270,16
James City, VA,67009,56.5
King and Queen, VA,6945,5.4
King George, VA,23584,28.3
King William, VA,15935,16.9
Lancaster, VA,11391,7.6
Lee, VA,25587,-5.6
Loudoun, VA,312311,50
Louisa, VA,33153,14
Lunenburg, VA,12914,-5.8
Madison, VA,13308,16.8
Mathews, VA,8978,4.4
Mecklenburg, VA,32727,-0.7
Middlesex, VA,10959,12.1
Montgomery, VA,94392,16.8
Nelson, VA,15020,4.7
New Kent, VA,18429,19
Northampton, VA,12389,-10.7
Northumberland, VA,12330,7.1
Nottoway, VA,15853,2.2
Orange, VA,33481,18.6
Page, VA,24042,11.8
Patrick, VA,18490,-1
Pittsylvania, VA,63506,-15.8
Powhatan, VA,28046,17.3
Prince Edward, VA,23368,5.3
Prince George, VA,35725,6.5
Prince William, VA,402002,49.1
Pulaski, VA,34872,-2.1
Rappahannock, VA,7373,8.7
Richmond, VA,9254,4.6
Roanoke, VA,92376,8.7
Rockbridge, VA,22307,3.5
Rockingham, VA,76314,10.4
Russell, VA,28897,-9.7
Scott, VA,23177,-7.4
Shenandoah, VA,41993,14.8
Smyth, VA,32208,-2.9
Southampton, VA,18570,-4.2
Spotsylvania, VA,122397,79.4
Stafford, VA,128961,51.3
Surry, VA,7058,1.6
Sussex, VA,12087,-5.8
Tazewell, VA,45078,-9
Warren, VA,37575,23.3
Washington, VA,54876,-1.3
Westmoreland, VA,17454,10.2
Wise, VA,41452,-9.8
Wythe, VA,29235,-0.2
York, VA,65464,19.7
Alexandria, VA,139966,7.7
Bedford, VA,6222,3.1
Bristol, VA,17835,-3.2
Buena Vista, VA,6650,-7.2
Charlottesville, VA,43475,1.4
Chesapeake, VA,222209,32.8
Clifton Forge, VA,0,-7.3
Colonial Heights, VA,17411,-2.7
Covington, VA,5961,-20.6
Danville, VA,43055,16.2
Emporia, VA,5927,13.2
Fairfax, VA,22565,-3.1
Falls Church, VA,12332,0.1
Franklin, VA,8582,1.8
Fredericksburg, VA,24286,7.1
Galax, VA,7042,2.7
Hampton, VA,137436,9.1
Harrisonburg, VA,48914,24.6
Hopewell, VA,22591,-1.3
Lexington, VA,7042,-4.6
Lynchburg, VA,75568,-1
Manassas, VA,37821,80.3
Manassas Park, VA,14273,3.2
Martinsville, VA,13821,-10.9
Newport News, VA,180719,18.3
Norfolk, VA,242803,-2.1
Norton, VA,3958,-10.7
Petersburg, VA,32420,-9.8
Poquoson, VA,12150,26.1
Portsmouth, VA,95535,-0.6
Radford, VA,16408,18.5
Richmond, VA,204214,-7.5
Roanoke, VA,97032,-3.7
Salem, VA,24802,-0.7
South Boston, VA,0,0
Staunton, VA,23746,-1.3
Suffolk, VA,84585,9.5
Virginia Beach, VA,437994,49.9
Waynesboro, VA,21006,-0.1
Williamsburg, VA,14068,10.8
Winchester, VA,26203,8.6
WASHINGTON,,6724540,17.8
Adams, WA,18728,2.5
Asotin, WA,21623,4.6
Benton, WA,175177,2.8
Chelan, WA,72453,16
Clallam, WA,71404,8.8
Clark, WA,425363,23.8
Columbia, WA,4078,-0.8
Cowlitz, WA,102410,3.2
Douglas, WA,38431,18.3
Ferry, WA,7551,8.3
Franklin, WA,78163,7
Garfield, WA,2266,-8.9
Grant, WA,89120,12.9
Grays Harbor, WA,72797,-3.2
Island, WA,78506,36.7
Jefferson, WA,29872,27.8
King, WA,1931249,18.7
Kitsap, WA,251133,28.9
Kittitas, WA,40915,7.4
Klickitat, WA,20318,5
Lewis, WA,75455,5.9
Lincoln, WA,10570,-7.7
Mason, WA,60699,23
Okanogan, WA,41120,8.8
Pacific, WA,20920,9.5
Pend Oreille, WA,13001,3.9
Pierce, WA,795225,20.7
San Juan, WA,15769,28
Skagit, WA,116901,24
Skamania, WA,11066,4.7
Snohomish, WA,713335,37.9
Spokane, WA,471221,5.7
Stevens, WA,43531,6.8
Thurston, WA,252264,29.8
Wahkiakum, WA,3978,-13.2
Walla Walla, WA,58781,2.1
Whatcom, WA,201140,19.8
Whitman, WA,44776,-3.3
Yakima, WA,243231,9.5
WEST VIRGINIA,,1852994,-8
Barbour, WV,16589,-5.6
Berkeley, WV,104169,26.7
Boone, WV,24629,-15
Braxton, WV,14523,-6.4
Brooke, WV,24069,-13.3
Cabell, WV,96319,-9.4
Calhoun, WV,7627,-4.4
Clay, WV,9386,-11.4
Doddridge, WV,8202,-5.9
Fayette, WV,46039,-17.1
Gilmer, WV,8693,-8
Grant, WV,11937,2.1
Greenbrier, WV,35480,-7.9
Hampshire, WV,23964,11
Hancock, WV,30676,-14.2
Hardy, WV,14025,9.4
Harrison, WV,69099,-10.7
Jackson, WV,29211,0.6
Jefferson, WV,53498,18.6
Kanawha, WV,193063,-10.3
Lewis, WV,16372,-8.5
Lincoln, WV,21720,-9.7
Logan, WV,36743,-15.1
McDowell, WV,22113,-29.4
Marion, WV,56418,-13
Marshall, WV,33107,-10.2
Mason, WV,27324,-6.9
Mercer, WV,62264,-12
Mineral, WV,28212,-2
Mingo, WV,26839,-9.6
Monongalia, WV,96189,0.6
Monroe, WV,13502,-3.6
Morgan, WV,17541,13.2
Nicholas, WV,26233,-4.8
Ohio, WV,44443,-17.1
Pendleton, WV,7695,1.8
Pleasants, WV,7605,-8.4
Pocahontas, WV,8719,-9.2
Preston, WV,33520,-4.7
Putnam, WV,55486,12.2
Raleigh, WV,78859,-11.5
Randolph, WV,29405,-3.2
Ritchie, WV,10449,-10.6
Roane, WV,14926,-5.2
Summers, WV,13927,-10.5
Taylor, WV,16895,-8.7
Tucker, WV,7141,-10.9
Tyler, WV,9208,-13.5
Upshur, WV,24254,-2.4
Wayne, WV,42481,-9.5
Webster, WV,9154,-12.4
Wetzel, WV,16583,-12
Wirt, WV,5717,5.5
Wood, WV,86956,-7.2
Wyoming, WV,23796,-19.5
WISCONSIN,,5686986,4
Adams, WI,20875,16.5
Ashland, WI,16157,-2.8
Barron, WI,45870,5.2
Bayfield, WI,15014,1.3
Brown, WI,248007,11
Buffalo, WI,13587,-5.1
Burnett, WI,15457,6
Calumet, WI,48971,11.1
Chippewa, WI,62415,0.4
Clark, WI,34690,-3.8
Columbia, WI,56833,4.3
Crawford, WI,16644,-3.7
Dane, WI,488073,13.5
Dodge, WI,88759,2
Door, WI,27785,2.6
Douglas, WI,44159,-6
Dunn, WI,43857,4.6
Eau Claire, WI,98736,8.1
Florence, WI,4423,10
Fond du Lac, WI,101633,1.3
Forest, WI,9304,-3
Grant, WI,51208,-4.8
Green, WI,36842,1.1
Green Lake, WI,19051,1.5
Iowa, WI,23687,1.8
Iron, WI,5916,-8.6
Jackson, WI,20449,-1.4
Jefferson, WI,83686,2.5
Juneau, WI,26664,2.9
Kenosha, WI,166426,4.1
Kewaunee, WI,20574,-3.4
La Crosse, WI,114638,7.5
Lafayette, WI,16836,-7.7
Langlade, WI,19977,-2.4
Lincoln, WI,28743,1.6
Manitowoc, WI,81442,-3
Marathon, WI,134063,3.7
Marinette, WI,41749,3.1
Marquette, WI,15404,5.6
Menominee, WI,4232,15.3
Milwaukee, WI,947735,-0.6
Monroe, WI,44673,4.4
Oconto, WI,37660,4.4
Oneida, WI,35998,1.5
Outagamie, WI,176695,9.2
Ozaukee, WI,86395,8.7
Pepin, WI,7469,-4.9
Pierce, WI,41019,5.2
Polk, WI,44205,7.5
Portage, WI,70019,6.9
Price, WI,14159,-1.2
Racine, WI,195408,1.1
Richland, WI,18021,0.3
Rock, WI,160331,0.1
Rusk, WI,14755,-3.3
St. Croix, WI,84345,16.2
Sauk, WI,61976,8.1
Sawyer, WI,16557,10.4
Shawano, WI,41949,3.4
Sheboygan, WI,115507,2.9
Taylor, WI,20689,0.4
Trempealeau, WI,28816,-3.4
Vernon, WI,29773,-0.1
Vilas, WI,21430,7.1
Walworth, WI,102228,4.9
Washburn, WI,15911,4.5
Washington, WI,131887,12.4
Waukesha, WI,389891,8.7
Waupaca, WI,52410,7.6
Waushara, WI,24496,4.6
Winnebago, WI,166994,6.5
Wood, WI,74749,1.1
WYOMING,,563626,-3.4
Albany, WY,36299,6
Big Horn, WY,11668,-11.5
Campbell, WY,46133,20.5
Carbon, WY,15885,-23.9
Converse, WY,13833,-20.9
Crook, WY,7083,-0.3
Fremont, WY,40123,-13.7
Goshen, WY,13249,2.8
Hot Springs, WY,4812,-15.8
Johnson, WY,8569,-8.3
Laramie, WY,91738,6.5
Lincoln, WY,18106,3.7
Natrona, WY,75450,-14.8
Niobrara, WY,2484,-14.5
Park, WY,28205,7.1
Platte, WY,8667,-32
Sheridan, WY,29116,-5.9
Sublette, WY,10247,6.5
Sweetwater, WY,43806,-7
Teton, WY,21294,19.4
Uinta, WY,21118,43.7
Washakie, WY,8533,-11.7
Weston, WY,7208,-8.3
